Mã khối,Môn xét tuyển,Mã trường,Tên trường,Số ngành
C03,"Ngữ văn, Toán, Lịch sử",NHH,Học Viện Ngân Hàng,3ngành
C03,"Ngữ văn, Toán, Lịch sử",SPH,Trường Đại Học Sư Phạm Hà Nội,4ngành
C03,"Ngữ văn, Toán, Lịch sử",SPS,Trường Đại Học Sư Phạm TPHCM,6ngành
C03,"Ngữ văn, Toán, Lịch sử",HNM,Trường Đại học Thủ Đô Hà Nội,9ngành
C03,"Ngữ văn, Toán, Lịch sử",DCN,Đại Học Công Nghiệp Hà Nội,1ngành
C03,"Ngữ văn, Toán, Lịch sử",HPN,Học Viện Phụ Nữ Việt Nam,15ngành
C03,"Ngữ văn, Toán, Lịch sử",ANH,Học Viện An Ninh Nhân Dân,2ngành
C03,"Ngữ văn, Toán, Lịch sử",DKK,Trường Đại Học Kinh Tế Kỹ Thuật Công Nghiệp,21ngành
C03,"Ngữ văn, Toán, Lịch sử",DCT,Trường Đại Học Công Thương TPHCM,11ngành
C03,"Ngữ văn, Toán, Lịch sử",HHK,Học Viện Hàng không Việt Nam,33ngành
C03,"Ngữ văn, Toán, Lịch sử",PKA,Đại Học Phenikaa,31ngành
C03,"Ngữ văn, Toán, Lịch sử",TDM,Trường Đại học Thủ Dầu Một,13ngành
C03,"Ngữ văn, Toán, Lịch sử",DTL,Trường Đại Học Thăng Long,5ngành
C03,"Ngữ văn, Toán, Lịch sử",TLA,Trường Đại Học Thủy Lợi,2ngành
C03,"Ngữ văn, Toán, Lịch sử",VHH,Trường Đại Học Văn Hóa Hà Nội,19ngành
C03,"Ngữ văn, Toán, Lịch sử",DTT,Trường Đại Học Tôn Đức Thắng,11ngành
C03,"Ngữ văn, Toán, Lịch sử",HVN,Học Viện Nông Nghiệp Việt Nam,20ngành
C03,"Ngữ văn, Toán, Lịch sử",HBT,Học viện Báo chí và Tuyên truyền,14ngành
C03,"Ngữ văn, Toán, Lịch sử",QHT,Trường Đại Học Khoa Học Tự Nhiên Hà Nội,6ngành
C03,"Ngữ văn, Toán, Lịch sử",QHE,Trường Đại Học Kinh Tế - ĐHQG Hà Nội,8ngành
C03,"Ngữ văn, Toán, Lịch sử",DTS,Đại Học Sư Phạm Thái Nguyên,2ngành
C03,"Ngữ văn, Toán, Lịch sử",LCH,Trường Sĩ Quan Chính Trị - Đại Học Chính Trị,2ngành
C03,"Ngữ văn, Toán, Lịch sử",TCT,Đại Học Cần Thơ,1ngành
C03,"Ngữ văn, Toán, Lịch sử",DKS,Trường Đại học Kiểm Sát,7ngành
C03,"Ngữ văn, Toán, Lịch sử",BPH,Học Viện Biên Phòng,5ngành
C03,"Ngữ văn, Toán, Lịch sử",QHL,Trường Đại học Luật – ĐHQG Hà Nội,3ngành
C03,"Ngữ văn, Toán, Lịch sử",DHS,Trường Đại Học Sư Phạm Huế,3ngành
C03,"Ngữ văn, Toán, Lịch sử",SGD,Trường Đại Học Sài Gòn,34ngành
C03,"Ngữ văn, Toán, Lịch sử",DDS,Trường Đại Học Sư Phạm - Đại Học Đà Nẵng,11ngành
C03,"Ngữ văn, Toán, Lịch sử",SP2,Trường Đại Học Sư Phạm Hà Nội 2,1ngành
C03,"Ngữ văn, Toán, Lịch sử",QHS,Trường Đại Học Giáo Dục - ĐHQG Hà Nội,6ngành
C03,"Ngữ văn, Toán, Lịch sử",VHS,Trường Đại Học Văn Hóa TPHCM,12ngành
C03,"Ngữ văn, Toán, Lịch sử",DMS,Trường Đại Học Tài Chính Marketing,21ngành
C03,"Ngữ văn, Toán, Lịch sử",TSN,Trường Đại Học Nha Trang,6ngành
C03,"Ngữ văn, Toán, Lịch sử",THV,Trường Đại Học Hùng Vương,1ngành
C03,"Ngữ văn, Toán, Lịch sử",THP,Trường Đại Học Hải Phòng,21ngành
C03,"Ngữ văn, Toán, Lịch sử",LDA,Trường Đại Học Công Đoàn,5ngành
C03,"Ngữ văn, Toán, Lịch sử",HHA,Trường Đại Học Hàng Hải Việt Nam,13ngành
C03,"Ngữ văn, Toán, Lịch sử",TDV,Trường Đại Học Vinh,7ngành
C03,"Ngữ văn, Toán, Lịch sử",HCH,Học Viện Hành Chính và Quản trị công,11ngành
C03,"Ngữ văn, Toán, Lịch sử",SPD,Trường Đại Học Đồng Tháp,11ngành
C03,"Ngữ văn, Toán, Lịch sử",QHK,Trường Khoa học liên ngành và Nghệ thuật Hà Nội,4ngành
C03,"Ngữ văn, Toán, Lịch sử",TTN,Trường Đại Học Tây Nguyên,7ngành
C03,"Ngữ văn, Toán, Lịch sử",DQN,Trường Đại Học Quy Nhơn,9ngành
C03,"Ngữ văn, Toán, Lịch sử",GNT,Trường Đại Học Sư Phạm Nghệ Thuật Trung Ương,2ngành
C03,"Ngữ văn, Toán, Lịch sử",HLU,Trường Đại Học Hạ Long,6ngành
C03,"Ngữ văn, Toán, Lịch sử",DKT,Trường Đại Học Hải Dương,14ngành
C03,"Ngữ văn, Toán, Lịch sử",DQB,Trường Đại Học Quảng Bình,4ngành
C03,"Ngữ văn, Toán, Lịch sử",DPQ,Trường Đại Học Phạm Văn Đồng,3ngành
C03,"Ngữ văn, Toán, Lịch sử",HHT,Trường Đại Học Hà Tĩnh,7ngành
C03,"Ngữ văn, Toán, Lịch sử",DMT,Trường Đại học Tài Nguyên và Môi Trường Hà Nội,18ngành
C03,"Ngữ văn, Toán, Lịch sử",DLX,Trường Đại Học Lao Động – Xã Hội,3ngành
C03,"Ngữ văn, Toán, Lịch sử",DBL,Trường Đại Học Bạc Liêu,10ngành
C03,"Ngữ văn, Toán, Lịch sử",DQU,Trường Đại Học Quảng Nam,1ngành
C03,"Ngữ văn, Toán, Lịch sử",DLS,Trường Đại Học Lao Động – Xã Hội (Cơ sở II),1ngành
C03,"Ngữ văn, Toán, Lịch sử",DPY,Trường Đại Học Phú Yên,4ngành
C03,"Ngữ văn, Toán, Lịch sử",DDP,Phân Hiệu Đại Học Đà Nẵng tại Kon Tum,6ngành
C03,"Ngữ văn, Toán, Lịch sử",KCC,Trường Đại học Kỹ Thuật Công Nghệ Cần Thơ,1ngành
C03,"Ngữ văn, Toán, Lịch sử",NLS,Trường Đại Học Nông Lâm TPHCM,2ngành
C03,"Ngữ văn, Toán, Lịch sử",HVC,Học viện cán bộ TPHCM,5ngành
C03,"Ngữ văn, Toán, Lịch sử",SKH,Trường Đại Học Sư Phạm Kỹ Thuật Hưng Yên,23ngành
C03,"Ngữ văn, Toán, Lịch sử",MBS,Trường Đại Học Mở TPHCM,4ngành
C03,"Ngữ văn, Toán, Lịch sử",GTA,Trường Đại học Công nghệ Giao thông vận tải,1ngành
C03,"Ngữ văn, Toán, Lịch sử",MDA,Trường Đại Học Mỏ Địa Chất,16ngành
C03,"Ngữ văn, Toán, Lịch sử",DPD,Trường Đại Học Phương Đông,2ngành
C03,"Ngữ văn, Toán, Lịch sử",VLU,Trường Đại học Công nghệ kỹ thuật Vĩnh Long,40ngành
C03,"Ngữ văn, Toán, Lịch sử",DQK,Trường Đại Học Kinh Doanh và Công Nghệ Hà Nội,4ngành
C03,"Ngữ văn, Toán, Lịch sử",UKH,Trường Đại học Khánh Hòa,8ngành
C03,"Ngữ văn, Toán, Lịch sử",DHI,Khoa Quốc tế - Đại học Huế,3ngành
C03,"Ngữ văn, Toán, Lịch sử",CMC,Trường Đại Học CMC,18ngành
C03,"Ngữ văn, Toán, Lịch sử",NTT,Trường Đại Học Nguyễn Tất Thành,13ngành
C03,"Ngữ văn, Toán, Lịch sử",DHK,Trường Đại Học Kinh Tế - Đại Học Huế,22ngành
C03,"Ngữ văn, Toán, Lịch sử",DTC,Trường Đại học Công Nghệ Thông Tin và Truyền Thông Thái Nguyên,26ngành
C03,"Ngữ văn, Toán, Lịch sử",DDT,Đại Học Duy Tân,14ngành
C03,"Ngữ văn, Toán, Lịch sử",DNC,Trường Đại học Nam Cần Thơ,15ngành
C03,"Ngữ văn, Toán, Lịch sử",HIU,Trường Đại Học Quốc Tế Hồng Bàng,23ngành
C03,"Ngữ văn, Toán, Lịch sử",TTU,Trường Đại học Tân Tạo,2ngành
C03,"Ngữ văn, Toán, Lịch sử",TTD,Trường Đại Học Thể Dục Thể Thao Đà Nẵng,1ngành
C03,"Ngữ văn, Toán, Lịch sử",DCL,Trường Đại Học Cửu Long,13ngành
C03,"Ngữ văn, Toán, Lịch sử",DVL,Trường Đại Học Văn Lang,2ngành
C03,"Ngữ văn, Toán, Lịch sử",DDN,Trường Đại Học Đại Nam,55ngành
C03,"Ngữ văn, Toán, Lịch sử",DAD,Trường Đại Học Đông Á,57ngành
C03,"Ngữ văn, Toán, Lịch sử",VGU,Trường Đại Học Việt Đức,4ngành
C03,"Ngữ văn, Toán, Lịch sử",TLS,Trường Đại Học Thủy Lợi (Cơ sở 2),2ngành
C03,"Ngữ văn, Toán, Lịch sử",SDU,Trường Đại học Sao Đỏ,19ngành
C03,"Ngữ văn, Toán, Lịch sử",NLN,Phân hiệu Đại học Nông Lâm TPHCM tại Ninh Thuận,1ngành
C03,"Ngữ văn, Toán, Lịch sử",DKC,Trường Đại học Công Nghệ TPHCM,58ngành
C03,"Ngữ văn, Toán, Lịch sử",DDU,Trường Đại Học Đông Đô,10ngành
C03,"Ngữ văn, Toán, Lịch sử",DLH,Trường Đại Học Lạc Hồng,16ngành
C03,"Ngữ văn, Toán, Lịch sử",DYD,Trường Đại Học Yersin Đà Lạt,4ngành
C03,"Ngữ văn, Toán, Lịch sử",TDD,Trường Đại học Thành Đô,9ngành
C03,"Ngữ văn, Toán, Lịch sử",DBD,Trường Đại Học Bình Dương,11ngành
C03,"Ngữ văn, Toán, Lịch sử",DTV,Trường Đại Học Lương Thế Vinh,8ngành
C03,"Ngữ văn, Toán, Lịch sử",BVU,Trường Đại Học Bà Rịa – Vũng Tàu,15ngành
C03,"Ngữ văn, Toán, Lịch sử",MIT,Trường Đại học Công nghệ Miền Đông,23ngành
C03,"Ngữ văn, Toán, Lịch sử",DKB,Trường Đại Học Kinh Tế Kỹ Thuật Bình Dương,9ngành
C03,"Ngữ văn, Toán, Lịch sử",UEF,Trường Đại Học Kinh Tế Tài Chính TPHCM,37ngành
C03,"Ngữ văn, Toán, Lịch sử",TTG,Trường Đại Học Tiền Giang,8ngành
C03,"Ngữ văn, Toán, Lịch sử",DTE,Trường Đại học Kinh tế và Quản trị kinh doanh Thái Nguyên,1ngành
C03,"Ngữ văn, Toán, Lịch sử",SKV,Trường Đại Học Sư Phạm Kỹ Thuật Vinh,3ngành
C03,"Ngữ văn, Toán, Lịch sử",CEA,Trường Đại học Nghệ An,15ngành
C03,"Ngữ văn, Toán, Lịch sử",LNH,Trường Đại Học Lâm nghiệp,8ngành
C03,"Ngữ văn, Toán, Lịch sử",DQT,Trường Đại Học Quang Trung,3ngành
C03,"Ngữ văn, Toán, Lịch sử",HSU,Trường Đại Học Hoa Sen,33ngành
C03,"Ngữ văn, Toán, Lịch sử",DVP,Trường Đại Học Trưng Vương,3ngành
C03,"Ngữ văn, Toán, Lịch sử",EIU,Trường Đại Học Quốc Tế Miền Đông,2ngành
C03,"Ngữ văn, Toán, Lịch sử",DTB,Trường Đại Học Thái Bình,12ngành
C03,"Ngữ văn, Toán, Lịch sử",HVD,Học Viện Dân Tộc,1ngành
C03,"Ngữ văn, Toán, Lịch sử",DHT,Trường Đại Học Khoa Học Huế,5ngành
C03,"Ngữ văn, Toán, Lịch sử",DTZ,Trường Đại Học Khoa Học Thái Nguyên,20ngành
C03,"Ngữ văn, Toán, Lịch sử",HDT,Trường Đại Học Hồng Đức,17ngành
C03,"Ngữ văn, Toán, Lịch sử",DNU,Trường Đại Học Đồng Nai,3ngành
C03,"Ngữ văn, Toán, Lịch sử",LNS,Phân hiệu Đại Học Lâm nghiệp tại Đồng Nai,12ngành
C03,"Ngữ văn, Toán, Lịch sử",DTM,Trường Đại học Tài Nguyên và Môi Trường TPHCM,20ngành
C03,"Ngữ văn, Toán, Lịch sử",NTU,Trường Đại Học Nguyễn Trãi,6ngành
C03,"Ngữ văn, Toán, Lịch sử",CCM,Trường Đại học Công nghiệp và Thương mại Hà Nội,9ngành
C03,"Ngữ văn, Toán, Lịch sử",DHL,Trường Đại Học Nông Lâm Huế,9ngành
C03,"Ngữ văn, Toán, Lịch sử",DTQ,Khoa Quốc Tế - Đại Học Thái Nguyên,5ngành
C03,"Ngữ văn, Toán, Lịch sử",SIU,Trường Đại học Quốc Tế Sài Gòn,2ngành
C03,"Ngữ văn, Toán, Lịch sử",DCA,Trường Đại học Intracom,1ngành
C03,"Ngữ văn, Toán, Lịch sử",SKN,Trường Đại Học Sư Phạm Kỹ Thuật Nam Định,16ngành
C03,"Ngữ văn, Toán, Lịch sử",UMT,Trường Đại học Quản lý và công nghệ TPHCM,7ngành
C03,"Ngữ văn, Toán, Lịch sử",DCQ,Trường Đại Học Công Nghệ và Quản Lý Hữu Nghị,12ngành
C03,"Ngữ văn, Toán, Lịch sử",TBD,Trường Đại Học Thái Bình Dương,1ngành
C03,"Ngữ văn, Toán, Lịch sử",DHV,Trường Đại học Hùng Vương TPHCM,5ngành
C03,"Ngữ văn, Toán, Lịch sử",DPX,Trường Đại Học Phú Xuân,3ngành
C03,"Ngữ văn, Toán, Lịch sử",MTU,Trường Đại Học Xây Dựng Miền Tây,3ngành
C03,"Ngữ văn, Toán, Lịch sử",VHD,Trường Đại Học Công Nghiệp Việt - Hung,21ngành
C03,"Ngữ văn, Toán, Lịch sử",LNA,Phân hiệu Đại học Lâm nghiệp tỉnh Gia Lai,1ngành
C03,"Ngữ văn, Toán, Lịch sử",GDU,Trường Đại Học Gia Định,13ngành
C03,"Ngữ văn, Toán, Lịch sử",DDM,Trường Đại Học Công Nghiệp Quảng Ninh,12ngành
C03,"Ngữ văn, Toán, Lịch sử",DSG,Trường Đại Học Công Nghệ Sài Gòn,23ngành
C03,"Ngữ văn, Toán, Lịch sử",DBG,Trường Đại học Nông Lâm Bắc Giang,20ngành
C03,"Ngữ văn, Toán, Lịch sử",TTB,Trường Đại Học Tây Bắc,11ngành
C03,"Ngữ văn, Toán, Lịch sử",TDL,Trường Đại Học Đà Lạt,8ngành
C03,"Ngữ văn, Toán, Lịch sử",DTP,Phân Hiệu Đại Học Thái Nguyên Tại Lào Cai,5ngành
C03,"Ngữ văn, Toán, Lịch sử",TQU,Trường Đại học Tân Trào,12ngành
C03,"Ngữ văn, Toán, Lịch sử",TKG,Trường Đại học Kiên Giang,7ngành
C03,"Ngữ văn, Toán, Lịch sử",DVD,"Trường Đại Học Văn Hóa, Thể Thao Và Du Lịch Thanh Hóa",8ngành
C03,"Ngữ văn, Toán, Lịch sử",DNB,Trường Đại Học Hoa Lư,5ngành
C03,"Ngữ văn, Toán, Lịch sử",DDA,Trường Đại Học Công Nghệ Đông Á,16ngành
C00,"Ngữ văn, Lịch sử, Địa lí",NHH,Học Viện Ngân Hàng,3ngành
C00,"Ngữ văn, Lịch sử, Địa lí",SPH,Trường Đại Học Sư Phạm Hà Nội,19ngành
C00,"Ngữ văn, Lịch sử, Địa lí",SPS,Trường Đại Học Sư Phạm TPHCM,16ngành
C00,"Ngữ văn, Lịch sử, Địa lí",HNM,Trường Đại học Thủ Đô Hà Nội,11ngành
C00,"Ngữ văn, Lịch sử, Địa lí",HPN,Học Viện Phụ Nữ Việt Nam,14ngành
C00,"Ngữ văn, Lịch sử, Địa lí",DKK,Trường Đại Học Kinh Tế Kỹ Thuật Công Nghiệp,4ngành
C00,"Ngữ văn, Lịch sử, Địa lí",DCT,Trường Đại Học Công Thương TPHCM,11ngành
C00,"Ngữ văn, Lịch sử, Địa lí",HHK,Học Viện Hàng không Việt Nam,18ngành
C00,"Ngữ văn, Lịch sử, Địa lí",PKA,Đại Học Phenikaa,13ngành
C00,"Ngữ văn, Lịch sử, Địa lí",YTC,Trường Đại Học Y Tế Công Cộng,1ngành
C00,"Ngữ văn, Lịch sử, Địa lí",HQT,Học Viện Ngoại Giao,8ngành
C00,"Ngữ văn, Lịch sử, Địa lí",YCT,Trường Đại Học Y Dược Cần Thơ,2ngành
C00,"Ngữ văn, Lịch sử, Địa lí",TDM,Trường Đại học Thủ Dầu Một,11ngành
C00,"Ngữ văn, Lịch sử, Địa lí",DTL,Trường Đại Học Thăng Long,3ngành
C00,"Ngữ văn, Lịch sử, Địa lí",TLA,Trường Đại Học Thủy Lợi,2ngành
C00,"Ngữ văn, Lịch sử, Địa lí",VHH,Trường Đại Học Văn Hóa Hà Nội,19ngành
C00,"Ngữ văn, Lịch sử, Địa lí",DTT,Trường Đại Học Tôn Đức Thắng,11ngành
C00,"Ngữ văn, Lịch sử, Địa lí",HVN,Học Viện Nông Nghiệp Việt Nam,3ngành
C00,"Ngữ văn, Lịch sử, Địa lí",QHX,Trường Đại Học Khoa Học Xã Hội và Nhân Văn Hà Nội,15ngành
C00,"Ngữ văn, Lịch sử, Địa lí",LPH,Trường Đại Học Luật Hà Nội,3ngành
C00,"Ngữ văn, Lịch sử, Địa lí",DTS,Đại Học Sư Phạm Thái Nguyên,6ngành
C00,"Ngữ văn, Lịch sử, Địa lí",TCT,Đại Học Cần Thơ,19ngành
C00,"Ngữ văn, Lịch sử, Địa lí",DHS,Trường Đại Học Sư Phạm Huế,5ngành
C00,"Ngữ văn, Lịch sử, Địa lí",SGD,Trường Đại Học Sài Gòn,11ngành
C00,"Ngữ văn, Lịch sử, Địa lí",HTA,Học viện Tòa án,4ngành
C00,"Ngữ văn, Lịch sử, Địa lí",DDS,Trường Đại Học Sư Phạm - Đại Học Đà Nẵng,12ngành
C00,"Ngữ văn, Lịch sử, Địa lí",SP2,Trường Đại Học Sư Phạm Hà Nội 2,4ngành
C00,"Ngữ văn, Lịch sử, Địa lí",QHS,Trường Đại Học Giáo Dục - ĐHQG Hà Nội,7ngành
C00,"Ngữ văn, Lịch sử, Địa lí",VHS,Trường Đại Học Văn Hóa TPHCM,12ngành
C00,"Ngữ văn, Lịch sử, Địa lí",HTN,Học Viện Thanh Thiếu Niên Việt Nam,7ngành
C00,"Ngữ văn, Lịch sử, Địa lí",LPS,Trường Đại Học Luật TPHCM,1ngành
C00,"Ngữ văn, Lịch sử, Địa lí",DHF,Trường Đại Học Ngoại Ngữ Huế,1ngành
C00,"Ngữ văn, Lịch sử, Địa lí",TSN,Trường Đại Học Nha Trang,1ngành
C00,"Ngữ văn, Lịch sử, Địa lí",THV,Trường Đại Học Hùng Vương,6ngành
C00,"Ngữ văn, Lịch sử, Địa lí",THP,Trường Đại Học Hải Phòng,8ngành
C00,"Ngữ văn, Lịch sử, Địa lí",HCP,Học Viện Chính Sách và Phát Triển,2ngành
C00,"Ngữ văn, Lịch sử, Địa lí",MHN,Trường Đại Học Mở Hà Nội,3ngành
C00,"Ngữ văn, Lịch sử, Địa lí",LDA,Trường Đại Học Công Đoàn,5ngành
C00,"Ngữ văn, Lịch sử, Địa lí",HHA,Trường Đại Học Hàng Hải Việt Nam,2ngành
C00,"Ngữ văn, Lịch sử, Địa lí",TDV,Trường Đại Học Vinh,14ngành
C00,"Ngữ văn, Lịch sử, Địa lí",HCH,Học Viện Hành Chính và Quản trị công,16ngành
C00,"Ngữ văn, Lịch sử, Địa lí",SPD,Trường Đại Học Đồng Tháp,14ngành
C00,"Ngữ văn, Lịch sử, Địa lí",QHK,Trường Khoa học liên ngành và Nghệ thuật Hà Nội,4ngành
C00,"Ngữ văn, Lịch sử, Địa lí",TTN,Trường Đại Học Tây Nguyên,4ngành
C00,"Ngữ văn, Lịch sử, Địa lí",DQN,Trường Đại Học Quy Nhơn,12ngành
C00,"Ngữ văn, Lịch sử, Địa lí",GNT,Trường Đại Học Sư Phạm Nghệ Thuật Trung Ương,3ngành
C00,"Ngữ văn, Lịch sử, Địa lí",HLU,Trường Đại Học Hạ Long,7ngành
C00,"Ngữ văn, Lịch sử, Địa lí",DKT,Trường Đại Học Hải Dương,8ngành
C00,"Ngữ văn, Lịch sử, Địa lí",DQB,Trường Đại Học Quảng Bình,4ngành
C00,"Ngữ văn, Lịch sử, Địa lí",DPQ,Trường Đại Học Phạm Văn Đồng,2ngành
C00,"Ngữ văn, Lịch sử, Địa lí",HHT,Trường Đại Học Hà Tĩnh,1ngành
C00,"Ngữ văn, Lịch sử, Địa lí",DMT,Trường Đại học Tài Nguyên và Môi Trường Hà Nội,9ngành
C00,"Ngữ văn, Lịch sử, Địa lí",DLX,Trường Đại Học Lao Động – Xã Hội,4ngành
C00,"Ngữ văn, Lịch sử, Địa lí",DBL,Trường Đại Học Bạc Liêu,1ngành
C00,"Ngữ văn, Lịch sử, Địa lí",DQU,Trường Đại Học Quảng Nam,4ngành
C00,"Ngữ văn, Lịch sử, Địa lí",DLS,Trường Đại Học Lao Động – Xã Hội (Cơ sở II),2ngành
C00,"Ngữ văn, Lịch sử, Địa lí",DPY,Trường Đại Học Phú Yên,3ngành
C00,"Ngữ văn, Lịch sử, Địa lí",DDP,Phân Hiệu Đại Học Đà Nẵng tại Kon Tum,4ngành
C00,"Ngữ văn, Lịch sử, Địa lí",TDH,Trường Đại Học Sư Phạm Thể Dục Thể Thao Hà Nội,1ngành
C00,"Ngữ văn, Lịch sử, Địa lí",KCC,Trường Đại học Kỹ Thuật Công Nghệ Cần Thơ,1ngành
C00,"Ngữ văn, Lịch sử, Địa lí",DVT,Đại Học Trà Vinh,10ngành
C00,"Ngữ văn, Lịch sử, Địa lí",NLS,Trường Đại Học Nông Lâm TPHCM,2ngành
C00,"Ngữ văn, Lịch sử, Địa lí",HVC,Học viện cán bộ TPHCM,5ngành
C00,"Ngữ văn, Lịch sử, Địa lí",MBS,Trường Đại Học Mở TPHCM,7ngành
C00,"Ngữ văn, Lịch sử, Địa lí",FBU,Trường Đại Học Tài Chính Ngân Hàng Hà Nội,2ngành
C00,"Ngữ văn, Lịch sử, Địa lí",GTA,Trường Đại học Công nghệ Giao thông vận tải,1ngành
C00,"Ngữ văn, Lịch sử, Địa lí",DDL,Trường Đại Học Điện Lực,1ngành
C00,"Ngữ văn, Lịch sử, Địa lí",DPD,Trường Đại Học Phương Đông,6ngành
C00,"Ngữ văn, Lịch sử, Địa lí",VLU,Trường Đại học Công nghệ kỹ thuật Vĩnh Long,11ngành
C00,"Ngữ văn, Lịch sử, Địa lí",DQK,Trường Đại Học Kinh Doanh và Công Nghệ Hà Nội,6ngành
C00,"Ngữ văn, Lịch sử, Địa lí",UKH,Trường Đại học Khánh Hòa,7ngành
C00,"Ngữ văn, Lịch sử, Địa lí",DHI,Khoa Quốc tế - Đại học Huế,2ngành
C00,"Ngữ văn, Lịch sử, Địa lí",CMC,Trường Đại Học CMC,13ngành
C00,"Ngữ văn, Lịch sử, Địa lí",NTT,Trường Đại Học Nguyễn Tất Thành,17ngành
C00,"Ngữ văn, Lịch sử, Địa lí",DHD,Trường Du Lịch - Đại Học Huế,4ngành
C00,"Ngữ văn, Lịch sử, Địa lí",HVQ,Học Viện Quản Lý Giáo Dục,4ngành
C00,"Ngữ văn, Lịch sử, Địa lí",DDT,Đại Học Duy Tân,14ngành
C00,"Ngữ văn, Lịch sử, Địa lí",DNC,Trường Đại học Nam Cần Thơ,8ngành
C00,"Ngữ văn, Lịch sử, Địa lí",HIU,Trường Đại Học Quốc Tế Hồng Bàng,27ngành
C00,"Ngữ văn, Lịch sử, Địa lí",TTU,Trường Đại học Tân Tạo,2ngành
C00,"Ngữ văn, Lịch sử, Địa lí",DCL,Trường Đại Học Cửu Long,9ngành
C00,"Ngữ văn, Lịch sử, Địa lí",DVL,Trường Đại Học Văn Lang,10ngành
C00,"Ngữ văn, Lịch sử, Địa lí",UKB,Trường Đại Học Kinh Bắc,1ngành
C00,"Ngữ văn, Lịch sử, Địa lí",ETU,Trường Đại Học Hòa Bình,6ngành
C00,"Ngữ văn, Lịch sử, Địa lí",DDN,Trường Đại Học Đại Nam,47ngành
C00,"Ngữ văn, Lịch sử, Địa lí",DAD,Trường Đại Học Đông Á,46ngành
C00,"Ngữ văn, Lịch sử, Địa lí",TLS,Trường Đại Học Thủy Lợi (Cơ sở 2),2ngành
C00,"Ngữ văn, Lịch sử, Địa lí",SDU,Trường Đại học Sao Đỏ,4ngành
C00,"Ngữ văn, Lịch sử, Địa lí",NLN,Phân hiệu Đại học Nông Lâm TPHCM tại Ninh Thuận,1ngành
C00,"Ngữ văn, Lịch sử, Địa lí",DTD,Trường Đại Học Tây Đô,7ngành
C00,"Ngữ văn, Lịch sử, Địa lí",DKC,Trường Đại học Công Nghệ TPHCM,36ngành
C00,"Ngữ văn, Lịch sử, Địa lí",DDU,Trường Đại Học Đông Đô,9ngành
C00,"Ngữ văn, Lịch sử, Địa lí",DLH,Trường Đại Học Lạc Hồng,4ngành
C00,"Ngữ văn, Lịch sử, Địa lí",DDB,Trường Đại Học Thành Đông,7ngành
C00,"Ngữ văn, Lịch sử, Địa lí",DHA,Trường Đại học Luật Huế,2ngành
C00,"Ngữ văn, Lịch sử, Địa lí",DYD,Trường Đại Học Yersin Đà Lạt,5ngành
C00,"Ngữ văn, Lịch sử, Địa lí",TDD,Trường Đại học Thành Đô,7ngành
C00,"Ngữ văn, Lịch sử, Địa lí",DBD,Trường Đại Học Bình Dương,4ngành
C00,"Ngữ văn, Lịch sử, Địa lí",VJU,Trường Đại học Việt Nhật - ĐHQG Hà Nội,1ngành
C00,"Ngữ văn, Lịch sử, Địa lí",BVU,Trường Đại Học Bà Rịa – Vũng Tàu,39ngành
C00,"Ngữ văn, Lịch sử, Địa lí",MIT,Trường Đại học Công nghệ Miền Đông,24ngành
C00,"Ngữ văn, Lịch sử, Địa lí",DKB,Trường Đại Học Kinh Tế Kỹ Thuật Bình Dương,9ngành
C00,"Ngữ văn, Lịch sử, Địa lí",TTG,Trường Đại Học Tiền Giang,1ngành
C00,"Ngữ văn, Lịch sử, Địa lí",DTE,Trường Đại học Kinh tế và Quản trị kinh doanh Thái Nguyên,6ngành
C00,"Ngữ văn, Lịch sử, Địa lí",DNT,Trường Đại Học Ngoại Ngữ Tin Học TPHCM,2ngành
C00,"Ngữ văn, Lịch sử, Địa lí",CEA,Trường Đại học Nghệ An,2ngành
C00,"Ngữ văn, Lịch sử, Địa lí",LNH,Trường Đại Học Lâm nghiệp,10ngành
C00,"Ngữ văn, Lịch sử, Địa lí",DVH,Trường Đại Học Văn Hiến,9ngành
C00,"Ngữ văn, Lịch sử, Địa lí",DQT,Trường Đại Học Quang Trung,6ngành
C00,"Ngữ văn, Lịch sử, Địa lí",HSU,Trường Đại Học Hoa Sen,26ngành
C00,"Ngữ văn, Lịch sử, Địa lí",DPT,Trường Đại Học Phan Thiết,6ngành
C00,"Ngữ văn, Lịch sử, Địa lí",DVP,Trường Đại Học Trưng Vương,5ngành
C00,"Ngữ văn, Lịch sử, Địa lí",DCD,Trường Đại Học Công Nghệ Đồng Nai,5ngành
C00,"Ngữ văn, Lịch sử, Địa lí",DTB,Trường Đại Học Thái Bình,7ngành
C00,"Ngữ văn, Lịch sử, Địa lí",HVD,Học Viện Dân Tộc,1ngành
C00,"Ngữ văn, Lịch sử, Địa lí",DHT,Trường Đại Học Khoa Học Huế,9ngành
C00,"Ngữ văn, Lịch sử, Địa lí",DTZ,Trường Đại Học Khoa Học Thái Nguyên,19ngành
C00,"Ngữ văn, Lịch sử, Địa lí",HDT,Trường Đại Học Hồng Đức,8ngành
C00,"Ngữ văn, Lịch sử, Địa lí",DNU,Trường Đại Học Đồng Nai,2ngành
C00,"Ngữ văn, Lịch sử, Địa lí",LNS,Phân hiệu Đại Học Lâm nghiệp tại Đồng Nai,5ngành
C00,"Ngữ văn, Lịch sử, Địa lí",NTU,Trường Đại Học Nguyễn Trãi,4ngành
C00,"Ngữ văn, Lịch sử, Địa lí",VUI,Trường Đại Học Công Nghiệp Việt Trì,3ngành
C00,"Ngữ văn, Lịch sử, Địa lí",DHL,Trường Đại Học Nông Lâm Huế,4ngành
C00,"Ngữ văn, Lịch sử, Địa lí",DTQ,Khoa Quốc Tế - Đại Học Thái Nguyên,5ngành
C00,"Ngữ văn, Lịch sử, Địa lí",SIU,Trường Đại học Quốc Tế Sài Gòn,6ngành
C00,"Ngữ văn, Lịch sử, Địa lí",DCA,Trường Đại học Intracom,4ngành
C00,"Ngữ văn, Lịch sử, Địa lí",DLA,Trường Đại Học Kinh Tế Công Nghiệp Long An,1ngành
C00,"Ngữ văn, Lịch sử, Địa lí",DTN,Trường Đại Học Nông Lâm Thái Nguyên,23ngành
C00,"Ngữ văn, Lịch sử, Địa lí",UMT,Trường Đại học Quản lý và công nghệ TPHCM,6ngành
C00,"Ngữ văn, Lịch sử, Địa lí",DCQ,Trường Đại Học Công Nghệ và Quản Lý Hữu Nghị,6ngành
C00,"Ngữ văn, Lịch sử, Địa lí",TBD,Trường Đại Học Thái Bình Dương,9ngành
C00,"Ngữ văn, Lịch sử, Địa lí",DHV,Trường Đại học Hùng Vương TPHCM,10ngành
C00,"Ngữ văn, Lịch sử, Địa lí",DVB,Trường Đại Học Kinh tế công nghệ Thái Nguyên,4ngành
C00,"Ngữ văn, Lịch sử, Địa lí",DPX,Trường Đại Học Phú Xuân,2ngành
C00,"Ngữ văn, Lịch sử, Địa lí",VHD,Trường Đại Học Công Nghiệp Việt - Hung,8ngành
C00,"Ngữ văn, Lịch sử, Địa lí",LNA,Phân hiệu Đại học Lâm nghiệp tỉnh Gia Lai,1ngành
C00,"Ngữ văn, Lịch sử, Địa lí",GDU,Trường Đại Học Gia Định,10ngành
C00,"Ngữ văn, Lịch sử, Địa lí",DSG,Trường Đại Học Công Nghệ Sài Gòn,9ngành
C00,"Ngữ văn, Lịch sử, Địa lí",TTB,Trường Đại Học Tây Bắc,8ngành
C00,"Ngữ văn, Lịch sử, Địa lí",TDL,Trường Đại Học Đà Lạt,13ngành
C00,"Ngữ văn, Lịch sử, Địa lí",TQU,Trường Đại học Tân Trào,8ngành
C00,"Ngữ văn, Lịch sử, Địa lí",TKG,Trường Đại học Kiên Giang,6ngành
C00,"Ngữ văn, Lịch sử, Địa lí",DVD,"Trường Đại Học Văn Hóa, Thể Thao Và Du Lịch Thanh Hóa",3ngành
C00,"Ngữ văn, Lịch sử, Địa lí",DTG,Phân hiệu Đại học Thái Nguyên tại Hà Giang,5ngành
C00,"Ngữ văn, Lịch sử, Địa lí",DNB,Trường Đại Học Hoa Lư,3ngành
C00,"Ngữ văn, Lịch sử, Địa lí",DDA,Trường Đại Học Công Nghệ Đông Á,6ngành
X01,"Ngữ văn, Toán, GDKTPL",SPH,Trường Đại Học Sư Phạm Hà Nội,1ngành
X01,"Ngữ văn, Toán, GDKTPL",SPS,Trường Đại Học Sư Phạm TPHCM,5ngành
X01,"Ngữ văn, Toán, GDKTPL",HNM,Trường Đại học Thủ Đô Hà Nội,5ngành
X01,"Ngữ văn, Toán, GDKTPL",DKK,Trường Đại Học Kinh Tế Kỹ Thuật Công Nghiệp,21ngành
X01,"Ngữ văn, Toán, GDKTPL",DCT,Trường Đại Học Công Thương TPHCM,7ngành
X01,"Ngữ văn, Toán, GDKTPL",HHK,Học Viện Hàng không Việt Nam,33ngành
X01,"Ngữ văn, Toán, GDKTPL",PKA,Đại Học Phenikaa,18ngành
X01,"Ngữ văn, Toán, GDKTPL",TDM,Trường Đại học Thủ Dầu Một,24ngành
X01,"Ngữ văn, Toán, GDKTPL",DTL,Trường Đại Học Thăng Long,10ngành
X01,"Ngữ văn, Toán, GDKTPL",TLA,Trường Đại Học Thủy Lợi,2ngành
X01,"Ngữ văn, Toán, GDKTPL",VHH,Trường Đại Học Văn Hóa Hà Nội,19ngành
X01,"Ngữ văn, Toán, GDKTPL",HVN,Học Viện Nông Nghiệp Việt Nam,8ngành
X01,"Ngữ văn, Toán, GDKTPL",HBT,Học viện Báo chí và Tuyên truyền,13ngành
X01,"Ngữ văn, Toán, GDKTPL",QHT,Trường Đại Học Khoa Học Tự Nhiên Hà Nội,10ngành
X01,"Ngữ văn, Toán, GDKTPL",QHE,Trường Đại Học Kinh Tế - ĐHQG Hà Nội,8ngành
X01,"Ngữ văn, Toán, GDKTPL",DTS,Đại Học Sư Phạm Thái Nguyên,4ngành
X01,"Ngữ văn, Toán, GDKTPL",TCT,Đại Học Cần Thơ,6ngành
X01,"Ngữ văn, Toán, GDKTPL",DHS,Trường Đại Học Sư Phạm Huế,5ngành
X01,"Ngữ văn, Toán, GDKTPL",SGD,Trường Đại Học Sài Gòn,31ngành
X01,"Ngữ văn, Toán, GDKTPL",DDS,Trường Đại Học Sư Phạm - Đại Học Đà Nẵng,4ngành
X01,"Ngữ văn, Toán, GDKTPL",SP2,Trường Đại Học Sư Phạm Hà Nội 2,1ngành
X01,"Ngữ văn, Toán, GDKTPL",VHS,Trường Đại Học Văn Hóa TPHCM,13ngành
X01,"Ngữ văn, Toán, GDKTPL",DMS,Trường Đại Học Tài Chính Marketing,21ngành
X01,"Ngữ văn, Toán, GDKTPL",TSN,Trường Đại Học Nha Trang,18ngành
X01,"Ngữ văn, Toán, GDKTPL",THV,Trường Đại Học Hùng Vương,5ngành
X01,"Ngữ văn, Toán, GDKTPL",THP,Trường Đại Học Hải Phòng,3ngành
X01,"Ngữ văn, Toán, GDKTPL",MHN,Trường Đại Học Mở Hà Nội,3ngành
X01,"Ngữ văn, Toán, GDKTPL",TDV,Trường Đại Học Vinh,3ngành
X01,"Ngữ văn, Toán, GDKTPL",SPD,Trường Đại Học Đồng Tháp,12ngành
X01,"Ngữ văn, Toán, GDKTPL",TTN,Trường Đại Học Tây Nguyên,3ngành
X01,"Ngữ văn, Toán, GDKTPL",DQN,Trường Đại Học Quy Nhơn,9ngành
X01,"Ngữ văn, Toán, GDKTPL",HLU,Trường Đại Học Hạ Long,9ngành
X01,"Ngữ văn, Toán, GDKTPL",DKT,Trường Đại Học Hải Dương,12ngành
X01,"Ngữ văn, Toán, GDKTPL",DQB,Trường Đại Học Quảng Bình,4ngành
X01,"Ngữ văn, Toán, GDKTPL",DPQ,Trường Đại Học Phạm Văn Đồng,4ngành
X01,"Ngữ văn, Toán, GDKTPL",HHT,Trường Đại Học Hà Tĩnh,13ngành
X01,"Ngữ văn, Toán, GDKTPL",DMT,Trường Đại học Tài Nguyên và Môi Trường Hà Nội,18ngành
X01,"Ngữ văn, Toán, GDKTPL",DLX,Trường Đại Học Lao Động – Xã Hội,1ngành
X01,"Ngữ văn, Toán, GDKTPL",DBL,Trường Đại Học Bạc Liêu,3ngành
X01,"Ngữ văn, Toán, GDKTPL",DQU,Trường Đại Học Quảng Nam,4ngành
X01,"Ngữ văn, Toán, GDKTPL",DLS,Trường Đại Học Lao Động – Xã Hội (Cơ sở II),1ngành
X01,"Ngữ văn, Toán, GDKTPL",DDP,Phân Hiệu Đại Học Đà Nẵng tại Kon Tum,6ngành
X01,"Ngữ văn, Toán, GDKTPL",KCC,Trường Đại học Kỹ Thuật Công Nghệ Cần Thơ,10ngành
X01,"Ngữ văn, Toán, GDKTPL",DVT,Đại Học Trà Vinh,2ngành
X01,"Ngữ văn, Toán, GDKTPL",NLS,Trường Đại Học Nông Lâm TPHCM,16ngành
X01,"Ngữ văn, Toán, GDKTPL",HVC,Học viện cán bộ TPHCM,5ngành
X01,"Ngữ văn, Toán, GDKTPL",SKH,Trường Đại Học Sư Phạm Kỹ Thuật Hưng Yên,23ngành
X01,"Ngữ văn, Toán, GDKTPL",MBS,Trường Đại Học Mở TPHCM,7ngành
X01,"Ngữ văn, Toán, GDKTPL",FBU,Trường Đại Học Tài Chính Ngân Hàng Hà Nội,7ngành
X01,"Ngữ văn, Toán, GDKTPL",GTA,Trường Đại học Công nghệ Giao thông vận tải,20ngành
X01,"Ngữ văn, Toán, GDKTPL",MDA,Trường Đại Học Mỏ Địa Chất,12ngành
X01,"Ngữ văn, Toán, GDKTPL",DPD,Trường Đại Học Phương Đông,6ngành
X01,"Ngữ văn, Toán, GDKTPL",VLU,Trường Đại học Công nghệ kỹ thuật Vĩnh Long,21ngành
X01,"Ngữ văn, Toán, GDKTPL",DQK,Trường Đại Học Kinh Doanh và Công Nghệ Hà Nội,5ngành
X01,"Ngữ văn, Toán, GDKTPL",CMC,Trường Đại Học CMC,18ngành
X01,"Ngữ văn, Toán, GDKTPL",NTT,Trường Đại Học Nguyễn Tất Thành,3ngành
X01,"Ngữ văn, Toán, GDKTPL",DHK,Trường Đại Học Kinh Tế - Đại Học Huế,22ngành
X01,"Ngữ văn, Toán, GDKTPL",DHD,Trường Du Lịch - Đại Học Huế,4ngành
X01,"Ngữ văn, Toán, GDKTPL",DTC,Trường Đại học Công Nghệ Thông Tin và Truyền Thông Thái Nguyên,26ngành
X01,"Ngữ văn, Toán, GDKTPL",DDT,Đại Học Duy Tân,28ngành
X01,"Ngữ văn, Toán, GDKTPL",HIU,Trường Đại Học Quốc Tế Hồng Bàng,19ngành
X01,"Ngữ văn, Toán, GDKTPL",TTU,Trường Đại học Tân Tạo,8ngành
X01,"Ngữ văn, Toán, GDKTPL",TTD,Trường Đại Học Thể Dục Thể Thao Đà Nẵng,1ngành
X01,"Ngữ văn, Toán, GDKTPL",DDN,Trường Đại Học Đại Nam,49ngành
X01,"Ngữ văn, Toán, GDKTPL",DAD,Trường Đại Học Đông Á,55ngành
X01,"Ngữ văn, Toán, GDKTPL",VGU,Trường Đại Học Việt Đức,4ngành
X01,"Ngữ văn, Toán, GDKTPL",TLS,Trường Đại Học Thủy Lợi (Cơ sở 2),2ngành
X01,"Ngữ văn, Toán, GDKTPL",SDU,Trường Đại học Sao Đỏ,20ngành
X01,"Ngữ văn, Toán, GDKTPL",NLN,Phân hiệu Đại học Nông Lâm TPHCM tại Ninh Thuận,2ngành
X01,"Ngữ văn, Toán, GDKTPL",DTD,Trường Đại Học Tây Đô,3ngành
X01,"Ngữ văn, Toán, GDKTPL",DKC,Trường Đại học Công Nghệ TPHCM,54ngành
X01,"Ngữ văn, Toán, GDKTPL",DLH,Trường Đại Học Lạc Hồng,15ngành
X01,"Ngữ văn, Toán, GDKTPL",DYD,Trường Đại Học Yersin Đà Lạt,2ngành
X01,"Ngữ văn, Toán, GDKTPL",BVU,Trường Đại Học Bà Rịa – Vũng Tàu,20ngành
X01,"Ngữ văn, Toán, GDKTPL",UEF,Trường Đại Học Kinh Tế Tài Chính TPHCM,37ngành
X01,"Ngữ văn, Toán, GDKTPL",TTG,Trường Đại Học Tiền Giang,7ngành
X01,"Ngữ văn, Toán, GDKTPL",DTE,Trường Đại học Kinh tế và Quản trị kinh doanh Thái Nguyên,25ngành
X01,"Ngữ văn, Toán, GDKTPL",LNH,Trường Đại Học Lâm nghiệp,15ngành
X01,"Ngữ văn, Toán, GDKTPL",DVH,Trường Đại Học Văn Hiến,20ngành
X01,"Ngữ văn, Toán, GDKTPL",HSU,Trường Đại Học Hoa Sen,33ngành
X01,"Ngữ văn, Toán, GDKTPL",DPT,Trường Đại Học Phan Thiết,4ngành
X01,"Ngữ văn, Toán, GDKTPL",DCD,Trường Đại Học Công Nghệ Đồng Nai,19ngành
X01,"Ngữ văn, Toán, GDKTPL",EIU,Trường Đại Học Quốc Tế Miền Đông,10ngành
X01,"Ngữ văn, Toán, GDKTPL",DTB,Trường Đại Học Thái Bình,18ngành
X01,"Ngữ văn, Toán, GDKTPL",DHT,Trường Đại Học Khoa Học Huế,4ngành
X01,"Ngữ văn, Toán, GDKTPL",DTZ,Trường Đại Học Khoa Học Thái Nguyên,19ngành
X01,"Ngữ văn, Toán, GDKTPL",HDT,Trường Đại Học Hồng Đức,14ngành
X01,"Ngữ văn, Toán, GDKTPL",DNU,Trường Đại Học Đồng Nai,2ngành
X01,"Ngữ văn, Toán, GDKTPL",LNS,Phân hiệu Đại Học Lâm nghiệp tại Đồng Nai,14ngành
X01,"Ngữ văn, Toán, GDKTPL",DTM,Trường Đại học Tài Nguyên và Môi Trường TPHCM,14ngành
X01,"Ngữ văn, Toán, GDKTPL",DHL,Trường Đại Học Nông Lâm Huế,8ngành
X01,"Ngữ văn, Toán, GDKTPL",DTQ,Khoa Quốc Tế - Đại Học Thái Nguyên,5ngành
X01,"Ngữ văn, Toán, GDKTPL",SIU,Trường Đại học Quốc Tế Sài Gòn,5ngành
X01,"Ngữ văn, Toán, GDKTPL",DLA,Trường Đại Học Kinh Tế Công Nghiệp Long An,1ngành
X01,"Ngữ văn, Toán, GDKTPL",UMT,Trường Đại học Quản lý và công nghệ TPHCM,2ngành
X01,"Ngữ văn, Toán, GDKTPL",DPX,Trường Đại Học Phú Xuân,3ngành
X01,"Ngữ văn, Toán, GDKTPL",LNA,Phân hiệu Đại học Lâm nghiệp tỉnh Gia Lai,2ngành
X01,"Ngữ văn, Toán, GDKTPL",UFA,Trường Đại học Tài Chính Kế Toán,6ngành
X01,"Ngữ văn, Toán, GDKTPL",XDT,Trường Đại Học Xây Dựng Miền Trung,30ngành
X01,"Ngữ văn, Toán, GDKTPL",DSG,Trường Đại Học Công Nghệ Sài Gòn,23ngành
X01,"Ngữ văn, Toán, GDKTPL",DBG,Trường Đại học Nông Lâm Bắc Giang,10ngành
X01,"Ngữ văn, Toán, GDKTPL",TTB,Trường Đại Học Tây Bắc,5ngành
X01,"Ngữ văn, Toán, GDKTPL",TDL,Trường Đại Học Đà Lạt,7ngành
X01,"Ngữ văn, Toán, GDKTPL",TQU,Trường Đại học Tân Trào,12ngành
X01,"Ngữ văn, Toán, GDKTPL",TKG,Trường Đại học Kiên Giang,5ngành
X01,"Ngữ văn, Toán, GDKTPL",DVD,"Trường Đại Học Văn Hóa, Thể Thao Và Du Lịch Thanh Hóa",6ngành
X01,"Ngữ văn, Toán, GDKTPL",DTG,Phân hiệu Đại học Thái Nguyên tại Hà Giang,4ngành
X01,"Ngữ văn, Toán, GDKTPL",DNB,Trường Đại Học Hoa Lư,1ngành
A00,"Toán, Vật lí, Hóa học",KHA,Đại Học Kinh Tế Quốc Dân,104ngành
A00,"Toán, Vật lí, Hóa học",BKA,Đại Học Bách Khoa Hà Nội,61ngành
A00,"Toán, Vật lí, Hóa học",HTC,Học Viện Tài chính,27ngành
A00,"Toán, Vật lí, Hóa học",NHH,Học Viện Ngân Hàng,19ngành
A00,"Toán, Vật lí, Hóa học",NTH,Trường Đại học Ngoại thương,35ngành
A00,"Toán, Vật lí, Hóa học",YHB,Trường Đại Học Y Hà Nội,14ngành
A00,"Toán, Vật lí, Hóa học",BVH,Học Viện Công Nghệ Bưu Chính Viễn Thông,39ngành
A00,"Toán, Vật lí, Hóa học",SPH,Trường Đại Học Sư Phạm Hà Nội,10ngành
A00,"Toán, Vật lí, Hóa học",TMU,Trường Đại Học Thương Mại,26ngành
A00,"Toán, Vật lí, Hóa học",SPS,Trường Đại Học Sư Phạm TPHCM,15ngành
A00,"Toán, Vật lí, Hóa học",YDS,Đại Học Y Dược TPHCM,15ngành
A00,"Toán, Vật lí, Hóa học",QHI,Trường Đại Học Công Nghệ – Đại Học Quốc Gia Hà Nội,20ngành
A00,"Toán, Vật lí, Hóa học",HNM,Trường Đại học Thủ Đô Hà Nội,7ngành
A00,"Toán, Vật lí, Hóa học",GHA,Trường Đại Học Giao Thông Vận Tải,53ngành
A00,"Toán, Vật lí, Hóa học",YTB,Trường Đại Học Y Dược Thái Bình,2ngành
A00,"Toán, Vật lí, Hóa học",KMA,Học Viện Kỹ Thuật Mật Mã,4ngành
A00,"Toán, Vật lí, Hóa học",DCN,Đại Học Công Nghiệp Hà Nội,41ngành
A00,"Toán, Vật lí, Hóa học",YPB,Trường Đại Học Y Dược Hải Phòng,7ngành
A00,"Toán, Vật lí, Hóa học",HPN,Học Viện Phụ Nữ Việt Nam,12ngành
A00,"Toán, Vật lí, Hóa học",DKH,Trường Đại Học Dược Hà Nội,3ngành
A00,"Toán, Vật lí, Hóa học",ANH,Học Viện An Ninh Nhân Dân,9ngành
A00,"Toán, Vật lí, Hóa học",DKY,Trường Đại Học Kỹ Thuật Y Tế Hải Dương,5ngành
A00,"Toán, Vật lí, Hóa học",HYD,Học Viện Y Dược Học Cổ Truyền Việt Nam,1ngành
A00,"Toán, Vật lí, Hóa học",DKK,Trường Đại Học Kinh Tế Kỹ Thuật Công Nghiệp,43ngành
A00,"Toán, Vật lí, Hóa học",DCT,Trường Đại Học Công Thương TPHCM,33ngành
A00,"Toán, Vật lí, Hóa học",LAH,Trường Sĩ Quan Lục Quân 1 - Đại học Trần Quốc Tuấn,1ngành
A00,"Toán, Vật lí, Hóa học",HQH,Học Viện Hải Quân,2ngành
A00,"Toán, Vật lí, Hóa học",HHK,Học Viện Hàng không Việt Nam,33ngành
A00,"Toán, Vật lí, Hóa học",PKA,Đại Học Phenikaa,71ngành
A00,"Toán, Vật lí, Hóa học",PKH,Học Viện Phòng Không – Không Quân,2ngành
A00,"Toán, Vật lí, Hóa học",TTH,Trường Sĩ Quan Thông Tin - Hệ Quân sự - Đại Học Thông Tin Liên Lạc,2ngành
A00,"Toán, Vật lí, Hóa học",KQH,Học Viện Kỹ Thuật Quân Sự - Hệ Quân sự,7ngành
A00,"Toán, Vật lí, Hóa học",YTC,Trường Đại Học Y Tế Công Cộng,3ngành
A00,"Toán, Vật lí, Hóa học",HQT,Học Viện Ngoại Giao,10ngành
A00,"Toán, Vật lí, Hóa học",YCT,Trường Đại Học Y Dược Cần Thơ,9ngành
A00,"Toán, Vật lí, Hóa học",TDM,Trường Đại học Thủ Dầu Một,33ngành
A00,"Toán, Vật lí, Hóa học",TYS,Trường Đại Học Y Khoa Phạm Ngọc Thạch,6ngành
A00,"Toán, Vật lí, Hóa học",DTL,Trường Đại Học Thăng Long,12ngành
A00,"Toán, Vật lí, Hóa học",TLA,Trường Đại Học Thủy Lợi,42ngành
A00,"Toán, Vật lí, Hóa học",DTT,Trường Đại Học Tôn Đức Thắng,100ngành
A00,"Toán, Vật lí, Hóa học",HVN,Học Viện Nông Nghiệp Việt Nam,18ngành
A00,"Toán, Vật lí, Hóa học",LPH,Trường Đại Học Luật Hà Nội,3ngành
A00,"Toán, Vật lí, Hóa học",QHT,Trường Đại Học Khoa Học Tự Nhiên Hà Nội,28ngành
A00,"Toán, Vật lí, Hóa học",DTS,Đại Học Sư Phạm Thái Nguyên,5ngành
A00,"Toán, Vật lí, Hóa học",TCT,Đại Học Cần Thơ,82ngành
A00,"Toán, Vật lí, Hóa học",DKS,Trường Đại học Kiểm Sát,7ngành
A00,"Toán, Vật lí, Hóa học",DHS,Trường Đại Học Sư Phạm Huế,7ngành
A00,"Toán, Vật lí, Hóa học",SGD,Trường Đại Học Sài Gòn,24ngành
A00,"Toán, Vật lí, Hóa học",NQH,Học Viện Khoa Học Quân Sự - Hệ Quân sự,2ngành
A00,"Toán, Vật lí, Hóa học",NTS,Trường Đại học Ngoại thương (Cơ sở II),6ngành
A00,"Toán, Vật lí, Hóa học",HTA,Học viện Tòa án,4ngành
A00,"Toán, Vật lí, Hóa học",DDS,Trường Đại Học Sư Phạm - Đại Học Đà Nẵng,10ngành
A00,"Toán, Vật lí, Hóa học",SP2,Trường Đại Học Sư Phạm Hà Nội 2,9ngành
A00,"Toán, Vật lí, Hóa học",QHS,Trường Đại Học Giáo Dục - ĐHQG Hà Nội,8ngành
A00,"Toán, Vật lí, Hóa học",HTN,Học Viện Thanh Thiếu Niên Việt Nam,3ngành
A00,"Toán, Vật lí, Hóa học",YQH,Học Viện Quân Y - Hệ Quân sự,8ngành
A00,"Toán, Vật lí, Hóa học",HEH,Học Viện Hậu Cần - Hệ Quân sự,2ngành
A00,"Toán, Vật lí, Hóa học",LPS,Trường Đại Học Luật TPHCM,7ngành
A00,"Toán, Vật lí, Hóa học",QHY,Trường Đại học Y Dược - ĐHQG Hà Nội,1ngành
A00,"Toán, Vật lí, Hóa học",DDK,Trường Đại Học Bách Khoa Đà Nẵng,49ngành
A00,"Toán, Vật lí, Hóa học",DMS,Trường Đại Học Tài Chính Marketing,21ngành
A00,"Toán, Vật lí, Hóa học",GSA,Trường Đại Học Giao Thông Vận Tải (Cơ sở 2),28ngành
A00,"Toán, Vật lí, Hóa học",LBH,Trường Sĩ Quan Lục Quân 2 - Đại học Nguyễn Huệ,4ngành
A00,"Toán, Vật lí, Hóa học",BVS,Học Viện Công Nghệ Bưu Chính Viễn Thông (Cơ sở TP.HCM),18ngành
A00,"Toán, Vật lí, Hóa học",YKV,Trường Đại Học Y Khoa Vinh,5ngành
A00,"Toán, Vật lí, Hóa học",YDN,Trường Đại học Kỹ thuật Y Dược Đà Nẵng,9ngành
A00,"Toán, Vật lí, Hóa học",DTY,Trường Đại Học Y Dược Thái Nguyên,9ngành
A00,"Toán, Vật lí, Hóa học",DHY,Trường Đại Học Y Dược Huế,7ngành
A00,"Toán, Vật lí, Hóa học",DDY,Trường Y Dược Đà Nẵng,4ngành
A00,"Toán, Vật lí, Hóa học",KTS,Trường Đại Học Kiến Trúc TPHCM,5ngành
A00,"Toán, Vật lí, Hóa học",THV,Trường Đại Học Hùng Vương,5ngành
A00,"Toán, Vật lí, Hóa học",THP,Trường Đại Học Hải Phòng,28ngành
A00,"Toán, Vật lí, Hóa học",HCP,Học Viện Chính Sách và Phát Triển,7ngành
A00,"Toán, Vật lí, Hóa học",MHN,Trường Đại Học Mở Hà Nội,11ngành
A00,"Toán, Vật lí, Hóa học",LDA,Trường Đại Học Công Đoàn,4ngành
A00,"Toán, Vật lí, Hóa học",HHA,Trường Đại Học Hàng Hải Việt Nam,36ngành
A00,"Toán, Vật lí, Hóa học",KTA,Trường Đại Học Kiến Trúc Hà Nội,18ngành
A00,"Toán, Vật lí, Hóa học",TDV,Trường Đại Học Vinh,14ngành
A00,"Toán, Vật lí, Hóa học",HCH,Học Viện Hành Chính và Quản trị công,10ngành
A00,"Toán, Vật lí, Hóa học",SPD,Trường Đại Học Đồng Tháp,32ngành
A00,"Toán, Vật lí, Hóa học",QHK,Trường Khoa học liên ngành và Nghệ thuật Hà Nội,2ngành
A00,"Toán, Vật lí, Hóa học",TTN,Trường Đại Học Tây Nguyên,7ngành
A00,"Toán, Vật lí, Hóa học",DQN,Trường Đại Học Quy Nhơn,18ngành
A00,"Toán, Vật lí, Hóa học",GNT,Trường Đại Học Sư Phạm Nghệ Thuật Trung Ương,1ngành
A00,"Toán, Vật lí, Hóa học",DDQ,Trường Đại Học Kinh Tế – Đại Học Đà Nẵng,19ngành
A00,"Toán, Vật lí, Hóa học",HLU,Trường Đại Học Hạ Long,13ngành
A00,"Toán, Vật lí, Hóa học",DKT,Trường Đại Học Hải Dương,21ngành
A00,"Toán, Vật lí, Hóa học",DQB,Trường Đại Học Quảng Bình,5ngành
A00,"Toán, Vật lí, Hóa học",DPQ,Trường Đại Học Phạm Văn Đồng,9ngành
A00,"Toán, Vật lí, Hóa học",HHT,Trường Đại Học Hà Tĩnh,8ngành
A00,"Toán, Vật lí, Hóa học",DMT,Trường Đại học Tài Nguyên và Môi Trường Hà Nội,21ngành
A00,"Toán, Vật lí, Hóa học",NHS,Trường Đại Học Ngân Hàng TPHCM,28ngành
A00,"Toán, Vật lí, Hóa học",DBL,Trường Đại Học Bạc Liêu,6ngành
A00,"Toán, Vật lí, Hóa học",DQU,Trường Đại Học Quảng Nam,5ngành
A00,"Toán, Vật lí, Hóa học",DPY,Trường Đại Học Phú Yên,3ngành
A00,"Toán, Vật lí, Hóa học",DDP,Phân Hiệu Đại Học Đà Nẵng tại Kon Tum,2ngành
A00,"Toán, Vật lí, Hóa học",KCC,Trường Đại học Kỹ Thuật Công Nghệ Cần Thơ,19ngành
A00,"Toán, Vật lí, Hóa học",QHQ,Trường Quốc Tế  - ĐHQG Hà Nội,14ngành
A00,"Toán, Vật lí, Hóa học",KCN,Trường Đại Học Khoa Học Và Công Nghệ Hà Nội,20ngành
A00,"Toán, Vật lí, Hóa học",DCV,Trường Đại học Công nghiệp Vinh,1ngành
A00,"Toán, Vật lí, Hóa học",DVT,Đại Học Trà Vinh,23ngành
A00,"Toán, Vật lí, Hóa học",NLS,Trường Đại Học Nông Lâm TPHCM,52ngành
A00,"Toán, Vật lí, Hóa học",HVC,Học viện cán bộ TPHCM,5ngành
A00,"Toán, Vật lí, Hóa học",XDA,Trường Đại Học Xây Dựng Hà Nội,37ngành
A00,"Toán, Vật lí, Hóa học",MBS,Trường Đại Học Mở TPHCM,43ngành
A00,"Toán, Vật lí, Hóa học",FBU,Trường Đại Học Tài Chính Ngân Hàng Hà Nội,7ngành
A00,"Toán, Vật lí, Hóa học",GTA,Trường Đại học Công nghệ Giao thông vận tải,73ngành
A00,"Toán, Vật lí, Hóa học",MDA,Trường Đại Học Mỏ Địa Chất,27ngành
A00,"Toán, Vật lí, Hóa học",DDL,Trường Đại Học Điện Lực,32ngành
A00,"Toán, Vật lí, Hóa học",DPD,Trường Đại Học Phương Đông,19ngành
A00,"Toán, Vật lí, Hóa học",VLU,Trường Đại học Công nghệ kỹ thuật Vĩnh Long,36ngành
A00,"Toán, Vật lí, Hóa học",KTD,Trường Đại Học Kiến Trúc Đà Nẵng,11ngành
A00,"Toán, Vật lí, Hóa học",DQK,Trường Đại Học Kinh Doanh và Công Nghệ Hà Nội,20ngành
A00,"Toán, Vật lí, Hóa học",DTK,Trường Đại Học Kỹ Thuật Công Nghiệp Thái Nguyên,20ngành
A00,"Toán, Vật lí, Hóa học",UKH,Trường Đại học Khánh Hòa,5ngành
A00,"Toán, Vật lí, Hóa học",NHB,Học Viện Ngân Hàng (Phân Viện Bắc Ninh),4ngành
A00,"Toán, Vật lí, Hóa học",DHI,Khoa Quốc tế - Đại học Huế,1ngành
A00,"Toán, Vật lí, Hóa học",CMC,Trường Đại Học CMC,19ngành
A00,"Toán, Vật lí, Hóa học",NTT,Trường Đại Học Nguyễn Tất Thành,41ngành
A00,"Toán, Vật lí, Hóa học",DHK,Trường Đại Học Kinh Tế - Đại Học Huế,22ngành
A00,"Toán, Vật lí, Hóa học",KGH,Trường Sĩ Quan Không Quân - Hệ Đại học,3ngành
A00,"Toán, Vật lí, Hóa học",DTC,Trường Đại học Công Nghệ Thông Tin và Truyền Thông Thái Nguyên,27ngành
A00,"Toán, Vật lí, Hóa học",HGH,Trường Sĩ Quan Phòng Hóa,2ngành
A00,"Toán, Vật lí, Hóa học",TGH,Trường Sĩ Quan Tăng - Thiết Giáp,2ngành
A00,"Toán, Vật lí, Hóa học",HVQ,Học Viện Quản Lý Giáo Dục,7ngành
A00,"Toán, Vật lí, Hóa học",DDT,Đại Học Duy Tân,63ngành
A00,"Toán, Vật lí, Hóa học",DNC,Trường Đại học Nam Cần Thơ,39ngành
A00,"Toán, Vật lí, Hóa học",HIU,Trường Đại Học Quốc Tế Hồng Bàng,39ngành
A00,"Toán, Vật lí, Hóa học",TTU,Trường Đại học Tân Tạo,14ngành
A00,"Toán, Vật lí, Hóa học",DCL,Trường Đại Học Cửu Long,35ngành
A00,"Toán, Vật lí, Hóa học",DVL,Trường Đại Học Văn Lang,37ngành
A00,"Toán, Vật lí, Hóa học",DPC,Trường Đại Học Phan Châu Trinh,7ngành
A00,"Toán, Vật lí, Hóa học",UKB,Trường Đại Học Kinh Bắc,7ngành
A00,"Toán, Vật lí, Hóa học",ETU,Trường Đại Học Hòa Bình,13ngành
A00,"Toán, Vật lí, Hóa học",DDN,Trường Đại Học Đại Nam,65ngành
A00,"Toán, Vật lí, Hóa học",VTT,Trường Đại Học Võ Trường Toản,6ngành
A00,"Toán, Vật lí, Hóa học",DAD,Trường Đại Học Đông Á,62ngành
A00,"Toán, Vật lí, Hóa học",SNH,Trường Sĩ Quan Công Binh - Hệ Quân sự - Đại học Ngô Quyền,2ngành
A00,"Toán, Vật lí, Hóa học",DCH,Trường Sĩ Quan Đặc Công,2ngành
A00,"Toán, Vật lí, Hóa học",HCB,Học viện Kỹ thuật và Công nghệ an ninh (Phía Bắc),8ngành
A00,"Toán, Vật lí, Hóa học",HCN,Học viện Kỹ thuật và Công nghệ an ninh (Phía Nam),8ngành
A00,"Toán, Vật lí, Hóa học",PBH,Trường Sĩ Quan Pháo Binh,2ngành
A00,"Toán, Vật lí, Hóa học",KSV,Đại học Kinh Tế TPHCM - Phân hiệu Vĩnh Long,14ngành
A00,"Toán, Vật lí, Hóa học",VGU,Trường Đại Học Việt Đức,13ngành
A00,"Toán, Vật lí, Hóa học",TLS,Trường Đại Học Thủy Lợi (Cơ sở 2),17ngành
A00,"Toán, Vật lí, Hóa học",SDU,Trường Đại học Sao Đỏ,16ngành
A00,"Toán, Vật lí, Hóa học",PCS,Trường Đại Học Phòng Cháy Chữa Cháy (phía Nam),2ngành
A00,"Toán, Vật lí, Hóa học",PCH,Học viện Phòng cháy chữa cháy và Cứu nạn cứu hộ,2ngành
A00,"Toán, Vật lí, Hóa học",NLN,Phân hiệu Đại học Nông Lâm TPHCM tại Ninh Thuận,6ngành
A00,"Toán, Vật lí, Hóa học",DTD,Trường Đại Học Tây Đô,20ngành
A00,"Toán, Vật lí, Hóa học",DKC,Trường Đại học Công Nghệ TPHCM,53ngành
A00,"Toán, Vật lí, Hóa học",DDU,Trường Đại Học Đông Đô,16ngành
A00,"Toán, Vật lí, Hóa học",DLH,Trường Đại Học Lạc Hồng,14ngành
A00,"Toán, Vật lí, Hóa học",DDB,Trường Đại Học Thành Đông,22ngành
A00,"Toán, Vật lí, Hóa học",DHA,Trường Đại học Luật Huế,2ngành
A00,"Toán, Vật lí, Hóa học",DYD,Trường Đại Học Yersin Đà Lạt,6ngành
A00,"Toán, Vật lí, Hóa học",TDD,Trường Đại học Thành Đô,14ngành
A00,"Toán, Vật lí, Hóa học",DBD,Trường Đại Học Bình Dương,15ngành
A00,"Toán, Vật lí, Hóa học",DTV,Trường Đại Học Lương Thế Vinh,10ngành
A00,"Toán, Vật lí, Hóa học",VJU,Trường Đại học Việt Nhật - ĐHQG Hà Nội,7ngành
A00,"Toán, Vật lí, Hóa học",BVU,Trường Đại Học Bà Rịa – Vũng Tàu,17ngành
A00,"Toán, Vật lí, Hóa học",MIT,Trường Đại học Công nghệ Miền Đông,39ngành
A00,"Toán, Vật lí, Hóa học",DKB,Trường Đại Học Kinh Tế Kỹ Thuật Bình Dương,13ngành
A00,"Toán, Vật lí, Hóa học",DFA,Trường Đại học Tài chính Quản trị kinh doanh,7ngành
A00,"Toán, Vật lí, Hóa học",TTG,Trường Đại Học Tiền Giang,19ngành
A00,"Toán, Vật lí, Hóa học",DTE,Trường Đại học Kinh tế và Quản trị kinh doanh Thái Nguyên,25ngành
A00,"Toán, Vật lí, Hóa học",PVU,Trường Đại Học Dầu Khí Việt Nam,3ngành
A00,"Toán, Vật lí, Hóa học",DNT,Trường Đại Học Ngoại Ngữ Tin Học TPHCM,4ngành
A00,"Toán, Vật lí, Hóa học",SKV,Trường Đại Học Sư Phạm Kỹ Thuật Vinh,11ngành
A00,"Toán, Vật lí, Hóa học",CEA,Trường Đại học Nghệ An,11ngành
A00,"Toán, Vật lí, Hóa học",LNH,Trường Đại Học Lâm nghiệp,14ngành
A00,"Toán, Vật lí, Hóa học",DVH,Trường Đại Học Văn Hiến,30ngành
A00,"Toán, Vật lí, Hóa học",DQT,Trường Đại Học Quang Trung,10ngành
A00,"Toán, Vật lí, Hóa học",HSU,Trường Đại Học Hoa Sen,30ngành
A00,"Toán, Vật lí, Hóa học",DPT,Trường Đại Học Phan Thiết,9ngành
A00,"Toán, Vật lí, Hóa học",DVP,Trường Đại Học Trưng Vương,11ngành
A00,"Toán, Vật lí, Hóa học",YDD,Trường Đại Học Điều Dưỡng Nam Định,3ngành
A00,"Toán, Vật lí, Hóa học",THU,Trường Đại học Y khoa Tokyo Việt Nam,4ngành
A00,"Toán, Vật lí, Hóa học",DCD,Trường Đại Học Công Nghệ Đồng Nai,16ngành
A00,"Toán, Vật lí, Hóa học",EIU,Trường Đại Học Quốc Tế Miền Đông,10ngành
A00,"Toán, Vật lí, Hóa học",DDV,Viện nghiên cứu và đào tạo Việt Anh - Đại học Đà Nẵng,6ngành
A00,"Toán, Vật lí, Hóa học",DHE,Khoa Kỹ thuật và Công nghệ - Đại học Huế,8ngành
A00,"Toán, Vật lí, Hóa học",DTB,Trường Đại Học Thái Bình,11ngành
A00,"Toán, Vật lí, Hóa học",HVD,Học Viện Dân Tộc,1ngành
A00,"Toán, Vật lí, Hóa học",DHT,Trường Đại Học Khoa Học Huế,12ngành
A00,"Toán, Vật lí, Hóa học",DTZ,Trường Đại Học Khoa Học Thái Nguyên,15ngành
A00,"Toán, Vật lí, Hóa học",HDT,Trường Đại Học Hồng Đức,5ngành
A00,"Toán, Vật lí, Hóa học",DNU,Trường Đại Học Đồng Nai,9ngành
A00,"Toán, Vật lí, Hóa học",LNS,Phân hiệu Đại Học Lâm nghiệp tại Đồng Nai,14ngành
A00,"Toán, Vật lí, Hóa học",NTU,Trường Đại Học Nguyễn Trãi,6ngành
A00,"Toán, Vật lí, Hóa học",CCM,Trường Đại học Công nghiệp và Thương mại Hà Nội,9ngành
A00,"Toán, Vật lí, Hóa học",VUI,Trường Đại Học Công Nghiệp Việt Trì,11ngành
A00,"Toán, Vật lí, Hóa học",DHL,Trường Đại Học Nông Lâm Huế,11ngành
A00,"Toán, Vật lí, Hóa học",DTQ,Khoa Quốc Tế - Đại Học Thái Nguyên,6ngành
A00,"Toán, Vật lí, Hóa học",SIU,Trường Đại học Quốc Tế Sài Gòn,9ngành
A00,"Toán, Vật lí, Hóa học",DCA,Trường Đại học Intracom,9ngành
A00,"Toán, Vật lí, Hóa học",DLA,Trường Đại Học Kinh Tế Công Nghiệp Long An,4ngành
A00,"Toán, Vật lí, Hóa học",SKN,Trường Đại Học Sư Phạm Kỹ Thuật Nam Định,16ngành
A00,"Toán, Vật lí, Hóa học",DTN,Trường Đại Học Nông Lâm Thái Nguyên,23ngành
A00,"Toán, Vật lí, Hóa học",UMT,Trường Đại học Quản lý và công nghệ TPHCM,10ngành
A00,"Toán, Vật lí, Hóa học",DCQ,Trường Đại Học Công Nghệ và Quản Lý Hữu Nghị,4ngành
A00,"Toán, Vật lí, Hóa học",DHQ,Phân Hiệu Đại Học Huế tại Quảng Trị,5ngành
A00,"Toán, Vật lí, Hóa học",TBD,Trường Đại Học Thái Bình Dương,11ngành
A00,"Toán, Vật lí, Hóa học",DHV,Trường Đại học Hùng Vương TPHCM,16ngành
A00,"Toán, Vật lí, Hóa học",DVB,Trường Đại Học Kinh tế công nghệ Thái Nguyên,17ngành
A00,"Toán, Vật lí, Hóa học",DPX,Trường Đại Học Phú Xuân,5ngành
A00,"Toán, Vật lí, Hóa học",MTU,Trường Đại Học Xây Dựng Miền Tây,11ngành
A00,"Toán, Vật lí, Hóa học",VHD,Trường Đại Học Công Nghiệp Việt - Hung,13ngành
A00,"Toán, Vật lí, Hóa học",LNA,Phân hiệu Đại học Lâm nghiệp tỉnh Gia Lai,1ngành
A00,"Toán, Vật lí, Hóa học",NHP,Học Viện Ngân Hàng (Phân Viện Phú Yên),5ngành
A00,"Toán, Vật lí, Hóa học",UFA,Trường Đại học Tài Chính Kế Toán,6ngành
A00,"Toán, Vật lí, Hóa học",GDU,Trường Đại Học Gia Định,13ngành
A00,"Toán, Vật lí, Hóa học",DDM,Trường Đại Học Công Nghiệp Quảng Ninh,12ngành
A00,"Toán, Vật lí, Hóa học",XDT,Trường Đại Học Xây Dựng Miền Trung,30ngành
A00,"Toán, Vật lí, Hóa học",DSG,Trường Đại Học Công Nghệ Sài Gòn,23ngành
A00,"Toán, Vật lí, Hóa học",XDN,Phân hiệu Đại học Xây dựng miền Trung tại Đà Nẵng,12ngành
A00,"Toán, Vật lí, Hóa học",DBG,Trường Đại học Nông Lâm Bắc Giang,18ngành
A00,"Toán, Vật lí, Hóa học",TTB,Trường Đại Học Tây Bắc,11ngành
A00,"Toán, Vật lí, Hóa học",TDL,Trường Đại Học Đà Lạt,22ngành
A00,"Toán, Vật lí, Hóa học",DTP,Phân Hiệu Đại Học Thái Nguyên Tại Lào Cai,1ngành
A00,"Toán, Vật lí, Hóa học",TQU,Trường Đại học Tân Trào,7ngành
A00,"Toán, Vật lí, Hóa học",TKG,Trường Đại học Kiên Giang,18ngành
A00,"Toán, Vật lí, Hóa học",DVD,"Trường Đại Học Văn Hóa, Thể Thao Và Du Lịch Thanh Hóa",1ngành
A00,"Toán, Vật lí, Hóa học",DTG,Phân hiệu Đại học Thái Nguyên tại Hà Giang,1ngành
A00,"Toán, Vật lí, Hóa học",DNB,Trường Đại Học Hoa Lư,5ngành
A00,"Toán, Vật lí, Hóa học",VPH,Trường Sĩ Quan Kĩ Thuật Quân Sự -  Hệ Quân sự - Đại Học Trần Đại Nghĩa,2ngành
A00,"Toán, Vật lí, Hóa học",DDA,Trường Đại Học Công Nghệ Đông Á,20ngành
A00,"Toán, Vật lí, Hóa học",BMU,Trường Đại học Y Dược Buôn Ma Thuột,7ngành
A00,"Toán, Vật lí, Hóa học",DQH,Học Viện Kỹ Thuật Quân Sự - Hệ Dân sự,12ngành
A00,"Toán, Vật lí, Hóa học",TCU,Trường Sĩ Quan Thông Tin - Hệ Dân Sự - Đại Học Thông Tin Liên Lạc,2ngành
A00,"Toán, Vật lí, Hóa học",DYH,Học Viện Quân Y - Hệ Dân sự,2ngành
A00,"Toán, Vật lí, Hóa học",HFH,Học Viện Hậu Cần - Hệ Dân sự,3ngành
C04,"Ngữ văn, Toán, Địa lí",SPH,Trường Đại Học Sư Phạm Hà Nội,3ngành
C04,"Ngữ văn, Toán, Địa lí",SPS,Trường Đại Học Sư Phạm TPHCM,4ngành
C04,"Ngữ văn, Toán, Địa lí",HNM,Trường Đại học Thủ Đô Hà Nội,6ngành
C04,"Ngữ văn, Toán, Địa lí",DCN,Đại Học Công Nghiệp Hà Nội,1ngành
C04,"Ngữ văn, Toán, Địa lí",DKK,Trường Đại Học Kinh Tế Kỹ Thuật Công Nghiệp,21ngành
C04,"Ngữ văn, Toán, Địa lí",HHK,Học Viện Hàng không Việt Nam,33ngành
C04,"Ngữ văn, Toán, Địa lí",PKA,Đại Học Phenikaa,19ngành
C04,"Ngữ văn, Toán, Địa lí",TDM,Trường Đại học Thủ Dầu Một,11ngành
C04,"Ngữ văn, Toán, Địa lí",DTL,Trường Đại Học Thăng Long,5ngành
C04,"Ngữ văn, Toán, Địa lí",TLA,Trường Đại Học Thủy Lợi,2ngành
C04,"Ngữ văn, Toán, Địa lí",VHH,Trường Đại Học Văn Hóa Hà Nội,19ngành
C04,"Ngữ văn, Toán, Địa lí",DTT,Trường Đại Học Tôn Đức Thắng,11ngành
C04,"Ngữ văn, Toán, Địa lí",HVN,Học Viện Nông Nghiệp Việt Nam,14ngành
C04,"Ngữ văn, Toán, Địa lí",HBT,Học viện Báo chí và Tuyên truyền,13ngành
C04,"Ngữ văn, Toán, Địa lí",QHT,Trường Đại Học Khoa Học Tự Nhiên Hà Nội,13ngành
C04,"Ngữ văn, Toán, Địa lí",QHE,Trường Đại Học Kinh Tế - ĐHQG Hà Nội,8ngành
C04,"Ngữ văn, Toán, Địa lí",LCH,Trường Sĩ Quan Chính Trị - Đại Học Chính Trị,2ngành
C04,"Ngữ văn, Toán, Địa lí",TCT,Đại Học Cần Thơ,2ngành
C04,"Ngữ văn, Toán, Địa lí",DKS,Trường Đại học Kiểm Sát,7ngành
C04,"Ngữ văn, Toán, Địa lí",BPH,Học Viện Biên Phòng,5ngành
C04,"Ngữ văn, Toán, Địa lí",QHL,Trường Đại học Luật – ĐHQG Hà Nội,3ngành
C04,"Ngữ văn, Toán, Địa lí",DHS,Trường Đại Học Sư Phạm Huế,3ngành
C04,"Ngữ văn, Toán, Địa lí",SGD,Trường Đại Học Sài Gòn,34ngành
C04,"Ngữ văn, Toán, Địa lí",DDS,Trường Đại Học Sư Phạm - Đại Học Đà Nẵng,9ngành
C04,"Ngữ văn, Toán, Địa lí",SP2,Trường Đại Học Sư Phạm Hà Nội 2,1ngành
C04,"Ngữ văn, Toán, Địa lí",QHS,Trường Đại Học Giáo Dục - ĐHQG Hà Nội,5ngành
C04,"Ngữ văn, Toán, Địa lí",VHS,Trường Đại Học Văn Hóa TPHCM,12ngành
C04,"Ngữ văn, Toán, Địa lí",DMS,Trường Đại Học Tài Chính Marketing,21ngành
C04,"Ngữ văn, Toán, Địa lí",TSN,Trường Đại Học Nha Trang,17ngành
C04,"Ngữ văn, Toán, Địa lí",THP,Trường Đại Học Hải Phòng,21ngành
C04,"Ngữ văn, Toán, Địa lí",HHA,Trường Đại Học Hàng Hải Việt Nam,13ngành
C04,"Ngữ văn, Toán, Địa lí",TDV,Trường Đại Học Vinh,1ngành
C04,"Ngữ văn, Toán, Địa lí",HCH,Học Viện Hành Chính và Quản trị công,18ngành
C04,"Ngữ văn, Toán, Địa lí",SPD,Trường Đại Học Đồng Tháp,11ngành
C04,"Ngữ văn, Toán, Địa lí",QHK,Trường Khoa học liên ngành và Nghệ thuật Hà Nội,5ngành
C04,"Ngữ văn, Toán, Địa lí",TTN,Trường Đại Học Tây Nguyên,3ngành
C04,"Ngữ văn, Toán, Địa lí",DQN,Trường Đại Học Quy Nhơn,8ngành
C04,"Ngữ văn, Toán, Địa lí",GNT,Trường Đại Học Sư Phạm Nghệ Thuật Trung Ương,2ngành
C04,"Ngữ văn, Toán, Địa lí",HLU,Trường Đại Học Hạ Long,13ngành
C04,"Ngữ văn, Toán, Địa lí",DKT,Trường Đại Học Hải Dương,16ngành
C04,"Ngữ văn, Toán, Địa lí",DQB,Trường Đại Học Quảng Bình,3ngành
C04,"Ngữ văn, Toán, Địa lí",HHT,Trường Đại Học Hà Tĩnh,12ngành
C04,"Ngữ văn, Toán, Địa lí",DMT,Trường Đại học Tài Nguyên và Môi Trường Hà Nội,19ngành
C04,"Ngữ văn, Toán, Địa lí",DLX,Trường Đại Học Lao Động – Xã Hội,3ngành
C04,"Ngữ văn, Toán, Địa lí",DBL,Trường Đại Học Bạc Liêu,9ngành
C04,"Ngữ văn, Toán, Địa lí",DPY,Trường Đại Học Phú Yên,1ngành
C04,"Ngữ văn, Toán, Địa lí",DDP,Phân Hiệu Đại Học Đà Nẵng tại Kon Tum,5ngành
C04,"Ngữ văn, Toán, Địa lí",DVT,Đại Học Trà Vinh,4ngành
C04,"Ngữ văn, Toán, Địa lí",NLS,Trường Đại Học Nông Lâm TPHCM,9ngành
C04,"Ngữ văn, Toán, Địa lí",HVC,Học viện cán bộ TPHCM,5ngành
C04,"Ngữ văn, Toán, Địa lí",SKH,Trường Đại Học Sư Phạm Kỹ Thuật Hưng Yên,23ngành
C04,"Ngữ văn, Toán, Địa lí",MBS,Trường Đại Học Mở TPHCM,3ngành
C04,"Ngữ văn, Toán, Địa lí",FBU,Trường Đại Học Tài Chính Ngân Hàng Hà Nội,9ngành
C04,"Ngữ văn, Toán, Địa lí",GTA,Trường Đại học Công nghệ Giao thông vận tải,1ngành
C04,"Ngữ văn, Toán, Địa lí",MDA,Trường Đại Học Mỏ Địa Chất,17ngành
C04,"Ngữ văn, Toán, Địa lí",VLU,Trường Đại học Công nghệ kỹ thuật Vĩnh Long,25ngành
C04,"Ngữ văn, Toán, Địa lí",DQK,Trường Đại Học Kinh Doanh và Công Nghệ Hà Nội,4ngành
C04,"Ngữ văn, Toán, Địa lí",UKH,Trường Đại học Khánh Hòa,8ngành
C04,"Ngữ văn, Toán, Địa lí",DHI,Khoa Quốc tế - Đại học Huế,3ngành
C04,"Ngữ văn, Toán, Địa lí",CMC,Trường Đại Học CMC,18ngành
C04,"Ngữ văn, Toán, Địa lí",NTT,Trường Đại Học Nguyễn Tất Thành,12ngành
C04,"Ngữ văn, Toán, Địa lí",DHK,Trường Đại Học Kinh Tế - Đại Học Huế,15ngành
C04,"Ngữ văn, Toán, Địa lí",DHD,Trường Du Lịch - Đại Học Huế,4ngành
C04,"Ngữ văn, Toán, Địa lí",DTC,Trường Đại học Công Nghệ Thông Tin và Truyền Thông Thái Nguyên,26ngành
C04,"Ngữ văn, Toán, Địa lí",DDT,Đại Học Duy Tân,14ngành
C04,"Ngữ văn, Toán, Địa lí",DNC,Trường Đại học Nam Cần Thơ,12ngành
C04,"Ngữ văn, Toán, Địa lí",HIU,Trường Đại Học Quốc Tế Hồng Bàng,27ngành
C04,"Ngữ văn, Toán, Địa lí",TTU,Trường Đại học Tân Tạo,1ngành
C04,"Ngữ văn, Toán, Địa lí",DCL,Trường Đại Học Cửu Long,16ngành
C04,"Ngữ văn, Toán, Địa lí",DVL,Trường Đại Học Văn Lang,2ngành
C04,"Ngữ văn, Toán, Địa lí",ETU,Trường Đại Học Hòa Bình,9ngành
C04,"Ngữ văn, Toán, Địa lí",DDN,Trường Đại Học Đại Nam,55ngành
C04,"Ngữ văn, Toán, Địa lí",DAD,Trường Đại Học Đông Á,35ngành
C04,"Ngữ văn, Toán, Địa lí",VGU,Trường Đại Học Việt Đức,4ngành
C04,"Ngữ văn, Toán, Địa lí",TLS,Trường Đại Học Thủy Lợi (Cơ sở 2),2ngành
C04,"Ngữ văn, Toán, Địa lí",SDU,Trường Đại học Sao Đỏ,20ngành
C04,"Ngữ văn, Toán, Địa lí",NLN,Phân hiệu Đại học Nông Lâm TPHCM tại Ninh Thuận,1ngành
C04,"Ngữ văn, Toán, Địa lí",DTD,Trường Đại Học Tây Đô,11ngành
C04,"Ngữ văn, Toán, Địa lí",DKC,Trường Đại học Công Nghệ TPHCM,58ngành
C04,"Ngữ văn, Toán, Địa lí",DDU,Trường Đại Học Đông Đô,9ngành
C04,"Ngữ văn, Toán, Địa lí",DLH,Trường Đại Học Lạc Hồng,15ngành
C04,"Ngữ văn, Toán, Địa lí",DYD,Trường Đại Học Yersin Đà Lạt,7ngành
C04,"Ngữ văn, Toán, Địa lí",DBD,Trường Đại Học Bình Dương,11ngành
C04,"Ngữ văn, Toán, Địa lí",DTV,Trường Đại Học Lương Thế Vinh,8ngành
C04,"Ngữ văn, Toán, Địa lí",BVU,Trường Đại Học Bà Rịa – Vũng Tàu,15ngành
C04,"Ngữ văn, Toán, Địa lí",MIT,Trường Đại học Công nghệ Miền Đông,23ngành
C04,"Ngữ văn, Toán, Địa lí",DKB,Trường Đại Học Kinh Tế Kỹ Thuật Bình Dương,4ngành
C04,"Ngữ văn, Toán, Địa lí",UEF,Trường Đại Học Kinh Tế Tài Chính TPHCM,37ngành
C04,"Ngữ văn, Toán, Địa lí",TTG,Trường Đại Học Tiền Giang,11ngành
C04,"Ngữ văn, Toán, Địa lí",DTE,Trường Đại học Kinh tế và Quản trị kinh doanh Thái Nguyên,18ngành
C04,"Ngữ văn, Toán, Địa lí",CEA,Trường Đại học Nghệ An,1ngành
C04,"Ngữ văn, Toán, Địa lí",LNH,Trường Đại Học Lâm nghiệp,8ngành
C04,"Ngữ văn, Toán, Địa lí",DVH,Trường Đại Học Văn Hiến,17ngành
C04,"Ngữ văn, Toán, Địa lí",DQT,Trường Đại Học Quang Trung,4ngành
C04,"Ngữ văn, Toán, Địa lí",HSU,Trường Đại Học Hoa Sen,33ngành
C04,"Ngữ văn, Toán, Địa lí",DPT,Trường Đại Học Phan Thiết,6ngành
C04,"Ngữ văn, Toán, Địa lí",DVP,Trường Đại Học Trưng Vương,2ngành
C04,"Ngữ văn, Toán, Địa lí",DCD,Trường Đại Học Công Nghệ Đồng Nai,21ngành
C04,"Ngữ văn, Toán, Địa lí",EIU,Trường Đại Học Quốc Tế Miền Đông,2ngành
C04,"Ngữ văn, Toán, Địa lí",DTB,Trường Đại Học Thái Bình,12ngành
C04,"Ngữ văn, Toán, Địa lí",HVD,Học Viện Dân Tộc,1ngành
C04,"Ngữ văn, Toán, Địa lí",DHT,Trường Đại Học Khoa Học Huế,2ngành
C04,"Ngữ văn, Toán, Địa lí",DTZ,Trường Đại Học Khoa Học Thái Nguyên,20ngành
C04,"Ngữ văn, Toán, Địa lí",HDT,Trường Đại Học Hồng Đức,21ngành
C04,"Ngữ văn, Toán, Địa lí",DNU,Trường Đại Học Đồng Nai,1ngành
C04,"Ngữ văn, Toán, Địa lí",LNS,Phân hiệu Đại Học Lâm nghiệp tại Đồng Nai,12ngành
C04,"Ngữ văn, Toán, Địa lí",DTM,Trường Đại học Tài Nguyên và Môi Trường TPHCM,18ngành
C04,"Ngữ văn, Toán, Địa lí",NTU,Trường Đại Học Nguyễn Trãi,8ngành
C04,"Ngữ văn, Toán, Địa lí",CCM,Trường Đại học Công nghiệp và Thương mại Hà Nội,9ngành
C04,"Ngữ văn, Toán, Địa lí",DHL,Trường Đại Học Nông Lâm Huế,15ngành
C04,"Ngữ văn, Toán, Địa lí",DCA,Trường Đại học Intracom,4ngành
C04,"Ngữ văn, Toán, Địa lí",DLA,Trường Đại Học Kinh Tế Công Nghiệp Long An,1ngành
C04,"Ngữ văn, Toán, Địa lí",DTN,Trường Đại Học Nông Lâm Thái Nguyên,23ngành
C04,"Ngữ văn, Toán, Địa lí",UMT,Trường Đại học Quản lý và công nghệ TPHCM,7ngành
C04,"Ngữ văn, Toán, Địa lí",DCQ,Trường Đại Học Công Nghệ và Quản Lý Hữu Nghị,11ngành
C04,"Ngữ văn, Toán, Địa lí",DHV,Trường Đại học Hùng Vương TPHCM,3ngành
C04,"Ngữ văn, Toán, Địa lí",DPX,Trường Đại Học Phú Xuân,3ngành
C04,"Ngữ văn, Toán, Địa lí",VHD,Trường Đại Học Công Nghiệp Việt - Hung,21ngành
C04,"Ngữ văn, Toán, Địa lí",LNA,Phân hiệu Đại học Lâm nghiệp tỉnh Gia Lai,2ngành
C04,"Ngữ văn, Toán, Địa lí",DDM,Trường Đại Học Công Nghiệp Quảng Ninh,12ngành
C04,"Ngữ văn, Toán, Địa lí",DSG,Trường Đại Học Công Nghệ Sài Gòn,23ngành
C04,"Ngữ văn, Toán, Địa lí",DBG,Trường Đại học Nông Lâm Bắc Giang,19ngành
C04,"Ngữ văn, Toán, Địa lí",TTB,Trường Đại Học Tây Bắc,10ngành
C04,"Ngữ văn, Toán, Địa lí",TDL,Trường Đại Học Đà Lạt,6ngành
C04,"Ngữ văn, Toán, Địa lí",DTP,Phân Hiệu Đại Học Thái Nguyên Tại Lào Cai,3ngành
C04,"Ngữ văn, Toán, Địa lí",TQU,Trường Đại học Tân Trào,9ngành
C04,"Ngữ văn, Toán, Địa lí",TKG,Trường Đại học Kiên Giang,4ngành
C04,"Ngữ văn, Toán, Địa lí",DVD,"Trường Đại Học Văn Hóa, Thể Thao Và Du Lịch Thanh Hóa",8ngành
C04,"Ngữ văn, Toán, Địa lí",DNB,Trường Đại Học Hoa Lư,5ngành
C04,"Ngữ văn, Toán, Địa lí",DDA,Trường Đại Học Công Nghệ Đông Á,6ngành
D14,"Ngữ văn, Lịch sử, Tiếng Anh",NHH,Học Viện Ngân Hàng,3ngành
D14,"Ngữ văn, Lịch sử, Tiếng Anh",SPH,Trường Đại Học Sư Phạm Hà Nội,9ngành
D14,"Ngữ văn, Lịch sử, Tiếng Anh",SPS,Trường Đại Học Sư Phạm TPHCM,12ngành
D14,"Ngữ văn, Lịch sử, Tiếng Anh",HNM,Trường Đại học Thủ Đô Hà Nội,16ngành
D14,"Ngữ văn, Lịch sử, Tiếng Anh",DCN,Đại Học Công Nghiệp Hà Nội,9ngành
D14,"Ngữ văn, Lịch sử, Tiếng Anh",HPN,Học Viện Phụ Nữ Việt Nam,14ngành
D14,"Ngữ văn, Lịch sử, Tiếng Anh",DKK,Trường Đại Học Kinh Tế Kỹ Thuật Công Nghiệp,6ngành
D14,"Ngữ văn, Lịch sử, Tiếng Anh",DCT,Trường Đại Học Công Thương TPHCM,7ngành
D14,"Ngữ văn, Lịch sử, Tiếng Anh",HHK,Học Viện Hàng không Việt Nam,21ngành
D14,"Ngữ văn, Lịch sử, Tiếng Anh",PKA,Đại Học Phenikaa,14ngành
D14,"Ngữ văn, Lịch sử, Tiếng Anh",NHF,Trường Đại Học Hà Nội,3ngành
D14,"Ngữ văn, Lịch sử, Tiếng Anh",YTC,Trường Đại Học Y Tế Công Cộng,1ngành
D14,"Ngữ văn, Lịch sử, Tiếng Anh",HQT,Học Viện Ngoại Giao,9ngành
D14,"Ngữ văn, Lịch sử, Tiếng Anh",TDM,Trường Đại học Thủ Dầu Một,14ngành
D14,"Ngữ văn, Lịch sử, Tiếng Anh",DTL,Trường Đại Học Thăng Long,6ngành
D14,"Ngữ văn, Lịch sử, Tiếng Anh",TLA,Trường Đại Học Thủy Lợi,2ngành
D14,"Ngữ văn, Lịch sử, Tiếng Anh",VHH,Trường Đại Học Văn Hóa Hà Nội,21ngành
D14,"Ngữ văn, Lịch sử, Tiếng Anh",DTT,Trường Đại Học Tôn Đức Thắng,19ngành
D14,"Ngữ văn, Lịch sử, Tiếng Anh",HVN,Học Viện Nông Nghiệp Việt Nam,5ngành
D14,"Ngữ văn, Lịch sử, Tiếng Anh",QHX,Trường Đại Học Khoa Học Xã Hội và Nhân Văn Hà Nội,29ngành
D14,"Ngữ văn, Lịch sử, Tiếng Anh",QHF,Trường Đại Học Ngoại Ngữ - ĐH Quốc gia Hà Nội,16ngành
D14,"Ngữ văn, Lịch sử, Tiếng Anh",HBT,Học viện Báo chí và Tuyên truyền,19ngành
D14,"Ngữ văn, Lịch sử, Tiếng Anh",TCT,Đại Học Cần Thơ,18ngành
D14,"Ngữ văn, Lịch sử, Tiếng Anh",DKS,Trường Đại học Kiểm Sát,8ngành
D14,"Ngữ văn, Lịch sử, Tiếng Anh",QHL,Trường Đại học Luật – ĐHQG Hà Nội,3ngành
D14,"Ngữ văn, Lịch sử, Tiếng Anh",DHS,Trường Đại Học Sư Phạm Huế,3ngành
D14,"Ngữ văn, Lịch sử, Tiếng Anh",SGD,Trường Đại Học Sài Gòn,12ngành
D14,"Ngữ văn, Lịch sử, Tiếng Anh",DDS,Trường Đại Học Sư Phạm - Đại Học Đà Nẵng,9ngành
D14,"Ngữ văn, Lịch sử, Tiếng Anh",SP2,Trường Đại Học Sư Phạm Hà Nội 2,9ngành
D14,"Ngữ văn, Lịch sử, Tiếng Anh",QHS,Trường Đại Học Giáo Dục - ĐHQG Hà Nội,2ngành
D14,"Ngữ văn, Lịch sử, Tiếng Anh",VHS,Trường Đại Học Văn Hóa TPHCM,13ngành
D14,"Ngữ văn, Lịch sử, Tiếng Anh",LPS,Trường Đại Học Luật TPHCM,3ngành
D14,"Ngữ văn, Lịch sử, Tiếng Anh",DHF,Trường Đại Học Ngoại Ngữ Huế,9ngành
D14,"Ngữ văn, Lịch sử, Tiếng Anh",THV,Trường Đại Học Hùng Vương,5ngành
D14,"Ngữ văn, Lịch sử, Tiếng Anh",THP,Trường Đại Học Hải Phòng,7ngành
D14,"Ngữ văn, Lịch sử, Tiếng Anh",LDA,Trường Đại Học Công Đoàn,9ngành
D14,"Ngữ văn, Lịch sử, Tiếng Anh",HHA,Trường Đại Học Hàng Hải Việt Nam,8ngành
D14,"Ngữ văn, Lịch sử, Tiếng Anh",TDV,Trường Đại Học Vinh,12ngành
D14,"Ngữ văn, Lịch sử, Tiếng Anh",HCH,Học Viện Hành Chính và Quản trị công,17ngành
D14,"Ngữ văn, Lịch sử, Tiếng Anh",SPD,Trường Đại Học Đồng Tháp,10ngành
D14,"Ngữ văn, Lịch sử, Tiếng Anh",QHK,Trường Khoa học liên ngành và Nghệ thuật Hà Nội,4ngành
D14,"Ngữ văn, Lịch sử, Tiếng Anh",TTN,Trường Đại Học Tây Nguyên,6ngành
D14,"Ngữ văn, Lịch sử, Tiếng Anh",DQN,Trường Đại Học Quy Nhơn,12ngành
D14,"Ngữ văn, Lịch sử, Tiếng Anh",DTF,Trường Ngoại Ngữ Thái Nguyên,5ngành
D14,"Ngữ văn, Lịch sử, Tiếng Anh",HLU,Trường Đại Học Hạ Long,10ngành
D14,"Ngữ văn, Lịch sử, Tiếng Anh",DKT,Trường Đại Học Hải Dương,5ngành
D14,"Ngữ văn, Lịch sử, Tiếng Anh",DQB,Trường Đại Học Quảng Bình,4ngành
D14,"Ngữ văn, Lịch sử, Tiếng Anh",DPQ,Trường Đại Học Phạm Văn Đồng,2ngành
D14,"Ngữ văn, Lịch sử, Tiếng Anh",HHT,Trường Đại Học Hà Tĩnh,2ngành
D14,"Ngữ văn, Lịch sử, Tiếng Anh",DMT,Trường Đại học Tài Nguyên và Môi Trường Hà Nội,1ngành
D14,"Ngữ văn, Lịch sử, Tiếng Anh",DLX,Trường Đại Học Lao Động – Xã Hội,4ngành
D14,"Ngữ văn, Lịch sử, Tiếng Anh",DBL,Trường Đại Học Bạc Liêu,1ngành
D14,"Ngữ văn, Lịch sử, Tiếng Anh",DQU,Trường Đại Học Quảng Nam,4ngành
D14,"Ngữ văn, Lịch sử, Tiếng Anh",DLS,Trường Đại Học Lao Động – Xã Hội (Cơ sở II),2ngành
D14,"Ngữ văn, Lịch sử, Tiếng Anh",DPY,Trường Đại Học Phú Yên,5ngành
D14,"Ngữ văn, Lịch sử, Tiếng Anh",DDP,Phân Hiệu Đại Học Đà Nẵng tại Kon Tum,3ngành
D14,"Ngữ văn, Lịch sử, Tiếng Anh",KCC,Trường Đại học Kỹ Thuật Công Nghệ Cần Thơ,2ngành
D14,"Ngữ văn, Lịch sử, Tiếng Anh",DVT,Đại Học Trà Vinh,6ngành
D14,"Ngữ văn, Lịch sử, Tiếng Anh",NLS,Trường Đại Học Nông Lâm TPHCM,2ngành
D14,"Ngữ văn, Lịch sử, Tiếng Anh",MBS,Trường Đại Học Mở TPHCM,17ngành
D14,"Ngữ văn, Lịch sử, Tiếng Anh",DDL,Trường Đại Học Điện Lực,2ngành
D14,"Ngữ văn, Lịch sử, Tiếng Anh",DPD,Trường Đại Học Phương Đông,2ngành
D14,"Ngữ văn, Lịch sử, Tiếng Anh",VLU,Trường Đại học Công nghệ kỹ thuật Vĩnh Long,4ngành
D14,"Ngữ văn, Lịch sử, Tiếng Anh",KTD,Trường Đại Học Kiến Trúc Đà Nẵng,2ngành
D14,"Ngữ văn, Lịch sử, Tiếng Anh",DQK,Trường Đại Học Kinh Doanh và Công Nghệ Hà Nội,3ngành
D14,"Ngữ văn, Lịch sử, Tiếng Anh",DTK,Trường Đại Học Kỹ Thuật Công Nghiệp Thái Nguyên,1ngành
D14,"Ngữ văn, Lịch sử, Tiếng Anh",UKH,Trường Đại học Khánh Hòa,13ngành
D14,"Ngữ văn, Lịch sử, Tiếng Anh",DHI,Khoa Quốc tế - Đại học Huế,2ngành
D14,"Ngữ văn, Lịch sử, Tiếng Anh",CMC,Trường Đại Học CMC,13ngành
D14,"Ngữ văn, Lịch sử, Tiếng Anh",NTT,Trường Đại Học Nguyễn Tất Thành,7ngành
D14,"Ngữ văn, Lịch sử, Tiếng Anh",DHD,Trường Du Lịch - Đại Học Huế,5ngành
D14,"Ngữ văn, Lịch sử, Tiếng Anh",HVQ,Học Viện Quản Lý Giáo Dục,1ngành
D14,"Ngữ văn, Lịch sử, Tiếng Anh",DDT,Đại Học Duy Tân,11ngành
D14,"Ngữ văn, Lịch sử, Tiếng Anh",DNC,Trường Đại học Nam Cần Thơ,9ngành
D14,"Ngữ văn, Lịch sử, Tiếng Anh",HIU,Trường Đại Học Quốc Tế Hồng Bàng,21ngành
D14,"Ngữ văn, Lịch sử, Tiếng Anh",TTU,Trường Đại học Tân Tạo,4ngành
D14,"Ngữ văn, Lịch sử, Tiếng Anh",DCL,Trường Đại Học Cửu Long,6ngành
D14,"Ngữ văn, Lịch sử, Tiếng Anh",DVL,Trường Đại Học Văn Lang,11ngành
D14,"Ngữ văn, Lịch sử, Tiếng Anh",UKB,Trường Đại Học Kinh Bắc,2ngành
D14,"Ngữ văn, Lịch sử, Tiếng Anh",ETU,Trường Đại Học Hòa Bình,7ngành
D14,"Ngữ văn, Lịch sử, Tiếng Anh",DDN,Trường Đại Học Đại Nam,46ngành
D14,"Ngữ văn, Lịch sử, Tiếng Anh",DAD,Trường Đại Học Đông Á,42ngành
D14,"Ngữ văn, Lịch sử, Tiếng Anh",TLS,Trường Đại Học Thủy Lợi (Cơ sở 2),2ngành
D14,"Ngữ văn, Lịch sử, Tiếng Anh",SDU,Trường Đại học Sao Đỏ,1ngành
D14,"Ngữ văn, Lịch sử, Tiếng Anh",NLN,Phân hiệu Đại học Nông Lâm TPHCM tại Ninh Thuận,1ngành
D14,"Ngữ văn, Lịch sử, Tiếng Anh",DTD,Trường Đại Học Tây Đô,7ngành
D14,"Ngữ văn, Lịch sử, Tiếng Anh",DKC,Trường Đại học Công Nghệ TPHCM,30ngành
D14,"Ngữ văn, Lịch sử, Tiếng Anh",DDU,Trường Đại Học Đông Đô,4ngành
D14,"Ngữ văn, Lịch sử, Tiếng Anh",DLH,Trường Đại Học Lạc Hồng,1ngành
D14,"Ngữ văn, Lịch sử, Tiếng Anh",DDB,Trường Đại Học Thành Đông,3ngành
D14,"Ngữ văn, Lịch sử, Tiếng Anh",DHA,Trường Đại học Luật Huế,2ngành
D14,"Ngữ văn, Lịch sử, Tiếng Anh",DYD,Trường Đại Học Yersin Đà Lạt,4ngành
D14,"Ngữ văn, Lịch sử, Tiếng Anh",TDD,Trường Đại học Thành Đô,2ngành
D14,"Ngữ văn, Lịch sử, Tiếng Anh",DBD,Trường Đại Học Bình Dương,3ngành
D14,"Ngữ văn, Lịch sử, Tiếng Anh",DTV,Trường Đại Học Lương Thế Vinh,9ngành
D14,"Ngữ văn, Lịch sử, Tiếng Anh",VJU,Trường Đại học Việt Nhật - ĐHQG Hà Nội,2ngành
D14,"Ngữ văn, Lịch sử, Tiếng Anh",BVU,Trường Đại Học Bà Rịa – Vũng Tàu,43ngành
D14,"Ngữ văn, Lịch sử, Tiếng Anh",MIT,Trường Đại học Công nghệ Miền Đông,23ngành
D14,"Ngữ văn, Lịch sử, Tiếng Anh",DKB,Trường Đại Học Kinh Tế Kỹ Thuật Bình Dương,7ngành
D14,"Ngữ văn, Lịch sử, Tiếng Anh",UEF,Trường Đại Học Kinh Tế Tài Chính TPHCM,5ngành
D14,"Ngữ văn, Lịch sử, Tiếng Anh",DNT,Trường Đại Học Ngoại Ngữ Tin Học TPHCM,19ngành
D14,"Ngữ văn, Lịch sử, Tiếng Anh",CEA,Trường Đại học Nghệ An,2ngành
D14,"Ngữ văn, Lịch sử, Tiếng Anh",LNH,Trường Đại Học Lâm nghiệp,10ngành
D14,"Ngữ văn, Lịch sử, Tiếng Anh",DVH,Trường Đại Học Văn Hiến,8ngành
D14,"Ngữ văn, Lịch sử, Tiếng Anh",DQT,Trường Đại Học Quang Trung,7ngành
D14,"Ngữ văn, Lịch sử, Tiếng Anh",HSU,Trường Đại Học Hoa Sen,1ngành
D14,"Ngữ văn, Lịch sử, Tiếng Anh",DPT,Trường Đại Học Phan Thiết,6ngành
D14,"Ngữ văn, Lịch sử, Tiếng Anh",DVP,Trường Đại Học Trưng Vương,6ngành
D14,"Ngữ văn, Lịch sử, Tiếng Anh",DCD,Trường Đại Học Công Nghệ Đồng Nai,6ngành
D14,"Ngữ văn, Lịch sử, Tiếng Anh",DTB,Trường Đại Học Thái Bình,7ngành
D14,"Ngữ văn, Lịch sử, Tiếng Anh",DHT,Trường Đại Học Khoa Học Huế,6ngành
D14,"Ngữ văn, Lịch sử, Tiếng Anh",DTZ,Trường Đại Học Khoa Học Thái Nguyên,22ngành
D14,"Ngữ văn, Lịch sử, Tiếng Anh",HDT,Trường Đại Học Hồng Đức,8ngành
D14,"Ngữ văn, Lịch sử, Tiếng Anh",DNU,Trường Đại Học Đồng Nai,4ngành
D14,"Ngữ văn, Lịch sử, Tiếng Anh",NTU,Trường Đại Học Nguyễn Trãi,3ngành
D14,"Ngữ văn, Lịch sử, Tiếng Anh",VUI,Trường Đại Học Công Nghiệp Việt Trì,6ngành
D14,"Ngữ văn, Lịch sử, Tiếng Anh",DTQ,Khoa Quốc Tế - Đại Học Thái Nguyên,2ngành
D14,"Ngữ văn, Lịch sử, Tiếng Anh",SIU,Trường Đại học Quốc Tế Sài Gòn,2ngành
D14,"Ngữ văn, Lịch sử, Tiếng Anh",DCA,Trường Đại học Intracom,4ngành
D14,"Ngữ văn, Lịch sử, Tiếng Anh",DTN,Trường Đại Học Nông Lâm Thái Nguyên,23ngành
D14,"Ngữ văn, Lịch sử, Tiếng Anh",UMT,Trường Đại học Quản lý và công nghệ TPHCM,3ngành
D14,"Ngữ văn, Lịch sử, Tiếng Anh",DCQ,Trường Đại Học Công Nghệ và Quản Lý Hữu Nghị,6ngành
D14,"Ngữ văn, Lịch sử, Tiếng Anh",TBD,Trường Đại Học Thái Bình Dương,8ngành
D14,"Ngữ văn, Lịch sử, Tiếng Anh",DHV,Trường Đại học Hùng Vương TPHCM,1ngành
D14,"Ngữ văn, Lịch sử, Tiếng Anh",DVB,Trường Đại Học Kinh tế công nghệ Thái Nguyên,2ngành
D14,"Ngữ văn, Lịch sử, Tiếng Anh",DPX,Trường Đại Học Phú Xuân,1ngành
D14,"Ngữ văn, Lịch sử, Tiếng Anh",HPU,Trường Đại học Quản lý và Công nghệ Hải Phòng,2ngành
D14,"Ngữ văn, Lịch sử, Tiếng Anh",VHD,Trường Đại Học Công Nghiệp Việt - Hung,8ngành
D14,"Ngữ văn, Lịch sử, Tiếng Anh",LNA,Phân hiệu Đại học Lâm nghiệp tỉnh Gia Lai,2ngành
D14,"Ngữ văn, Lịch sử, Tiếng Anh",GDU,Trường Đại Học Gia Định,6ngành
D14,"Ngữ văn, Lịch sử, Tiếng Anh",DDM,Trường Đại Học Công Nghiệp Quảng Ninh,2ngành
D14,"Ngữ văn, Lịch sử, Tiếng Anh",DSG,Trường Đại Học Công Nghệ Sài Gòn,9ngành
D14,"Ngữ văn, Lịch sử, Tiếng Anh",TTB,Trường Đại Học Tây Bắc,5ngành
D14,"Ngữ văn, Lịch sử, Tiếng Anh",TDL,Trường Đại Học Đà Lạt,13ngành
D14,"Ngữ văn, Lịch sử, Tiếng Anh",DTP,Phân Hiệu Đại Học Thái Nguyên Tại Lào Cai,2ngành
D14,"Ngữ văn, Lịch sử, Tiếng Anh",TQU,Trường Đại học Tân Trào,8ngành
D14,"Ngữ văn, Lịch sử, Tiếng Anh",TKG,Trường Đại học Kiên Giang,2ngành
D14,"Ngữ văn, Lịch sử, Tiếng Anh",DVD,"Trường Đại Học Văn Hóa, Thể Thao Và Du Lịch Thanh Hóa",4ngành
D14,"Ngữ văn, Lịch sử, Tiếng Anh",DTG,Phân hiệu Đại học Thái Nguyên tại Hà Giang,1ngành
D14,"Ngữ văn, Lịch sử, Tiếng Anh",DNB,Trường Đại Học Hoa Lư,3ngành
D14,"Ngữ văn, Lịch sử, Tiếng Anh",DDA,Trường Đại Học Công Nghệ Đông Á,6ngành
C01,"Toán, Ngữ Văn, Vật lí",BKA,Đại Học Bách Khoa Hà Nội,68ngành
C01,"Toán, Ngữ Văn, Vật lí",HNM,Trường Đại học Thủ Đô Hà Nội,6ngành
C01,"Toán, Ngữ Văn, Vật lí",GHA,Trường Đại Học Giao Thông Vận Tải,52ngành
C01,"Toán, Ngữ Văn, Vật lí",KMA,Học Viện Kỹ Thuật Mật Mã,3ngành
C01,"Toán, Ngữ Văn, Vật lí",DCN,Đại Học Công Nghiệp Hà Nội,1ngành
C01,"Toán, Ngữ Văn, Vật lí",DKK,Trường Đại Học Kinh Tế Kỹ Thuật Công Nghiệp,47ngành
C01,"Toán, Ngữ Văn, Vật lí",DCT,Trường Đại Học Công Thương TPHCM,25ngành
C01,"Toán, Ngữ Văn, Vật lí",LAH,Trường Sĩ Quan Lục Quân 1 - Đại học Trần Quốc Tuấn,1ngành
C01,"Toán, Ngữ Văn, Vật lí",HQH,Học Viện Hải Quân,2ngành
C01,"Toán, Ngữ Văn, Vật lí",HHK,Học Viện Hàng không Việt Nam,33ngành
C01,"Toán, Ngữ Văn, Vật lí",PKA,Đại Học Phenikaa,37ngành
C01,"Toán, Ngữ Văn, Vật lí",PKH,Học Viện Phòng Không – Không Quân,2ngành
C01,"Toán, Ngữ Văn, Vật lí",TTH,Trường Sĩ Quan Thông Tin - Hệ Quân sự - Đại Học Thông Tin Liên Lạc,2ngành
C01,"Toán, Ngữ Văn, Vật lí",YTC,Trường Đại Học Y Tế Công Cộng,2ngành
C01,"Toán, Ngữ Văn, Vật lí",TDM,Trường Đại học Thủ Dầu Một,28ngành
C01,"Toán, Ngữ Văn, Vật lí",DTL,Trường Đại Học Thăng Long,2ngành
C01,"Toán, Ngữ Văn, Vật lí",TLA,Trường Đại Học Thủy Lợi,26ngành
C01,"Toán, Ngữ Văn, Vật lí",DTT,Trường Đại Học Tôn Đức Thắng,115ngành
C01,"Toán, Ngữ Văn, Vật lí",HVN,Học Viện Nông Nghiệp Việt Nam,8ngành
C01,"Toán, Ngữ Văn, Vật lí",QHT,Trường Đại Học Khoa Học Tự Nhiên Hà Nội,18ngành
C01,"Toán, Ngữ Văn, Vật lí",QHE,Trường Đại Học Kinh Tế - ĐHQG Hà Nội,8ngành
C01,"Toán, Ngữ Văn, Vật lí",DTS,Đại Học Sư Phạm Thái Nguyên,3ngành
C01,"Toán, Ngữ Văn, Vật lí",LCH,Trường Sĩ Quan Chính Trị - Đại Học Chính Trị,2ngành
C01,"Toán, Ngữ Văn, Vật lí",TCT,Đại Học Cần Thơ,8ngành
C01,"Toán, Ngữ Văn, Vật lí",DKS,Trường Đại học Kiểm Sát,7ngành
C01,"Toán, Ngữ Văn, Vật lí",QHL,Trường Đại học Luật – ĐHQG Hà Nội,3ngành
C01,"Toán, Ngữ Văn, Vật lí",DHS,Trường Đại Học Sư Phạm Huế,2ngành
C01,"Toán, Ngữ Văn, Vật lí",SGD,Trường Đại Học Sài Gòn,33ngành
C01,"Toán, Ngữ Văn, Vật lí",DDS,Trường Đại Học Sư Phạm - Đại Học Đà Nẵng,5ngành
C01,"Toán, Ngữ Văn, Vật lí",SP2,Trường Đại Học Sư Phạm Hà Nội 2,3ngành
C01,"Toán, Ngữ Văn, Vật lí",QHS,Trường Đại Học Giáo Dục - ĐHQG Hà Nội,6ngành
C01,"Toán, Ngữ Văn, Vật lí",HEH,Học Viện Hậu Cần - Hệ Quân sự,2ngành
C01,"Toán, Ngữ Văn, Vật lí",DDK,Trường Đại Học Bách Khoa Đà Nẵng,11ngành
C01,"Toán, Ngữ Văn, Vật lí",DMS,Trường Đại Học Tài Chính Marketing,21ngành
C01,"Toán, Ngữ Văn, Vật lí",GSA,Trường Đại Học Giao Thông Vận Tải (Cơ sở 2),27ngành
C01,"Toán, Ngữ Văn, Vật lí",TSN,Trường Đại Học Nha Trang,18ngành
C01,"Toán, Ngữ Văn, Vật lí",LBH,Trường Sĩ Quan Lục Quân 2 - Đại học Nguyễn Huệ,4ngành
C01,"Toán, Ngữ Văn, Vật lí",KTS,Trường Đại Học Kiến Trúc TPHCM,5ngành
C01,"Toán, Ngữ Văn, Vật lí",THV,Trường Đại Học Hùng Vương,1ngành
C01,"Toán, Ngữ Văn, Vật lí",THP,Trường Đại Học Hải Phòng,27ngành
C01,"Toán, Ngữ Văn, Vật lí",MHN,Trường Đại Học Mở Hà Nội,3ngành
C01,"Toán, Ngữ Văn, Vật lí",LDA,Trường Đại Học Công Đoàn,4ngành
C01,"Toán, Ngữ Văn, Vật lí",HHA,Trường Đại Học Hàng Hải Việt Nam,47ngành
C01,"Toán, Ngữ Văn, Vật lí",KTA,Trường Đại Học Kiến Trúc Hà Nội,18ngành
C01,"Toán, Ngữ Văn, Vật lí",TDV,Trường Đại Học Vinh,15ngành
C01,"Toán, Ngữ Văn, Vật lí",HCH,Học Viện Hành Chính và Quản trị công,9ngành
C01,"Toán, Ngữ Văn, Vật lí",SPD,Trường Đại Học Đồng Tháp,15ngành
C01,"Toán, Ngữ Văn, Vật lí",QHK,Trường Khoa học liên ngành và Nghệ thuật Hà Nội,5ngành
C01,"Toán, Ngữ Văn, Vật lí",TTN,Trường Đại Học Tây Nguyên,1ngành
C01,"Toán, Ngữ Văn, Vật lí",DQN,Trường Đại Học Quy Nhơn,10ngành
C01,"Toán, Ngữ Văn, Vật lí",HLU,Trường Đại Học Hạ Long,10ngành
C01,"Toán, Ngữ Văn, Vật lí",DKT,Trường Đại Học Hải Dương,17ngành
C01,"Toán, Ngữ Văn, Vật lí",DPQ,Trường Đại Học Phạm Văn Đồng,3ngành
C01,"Toán, Ngữ Văn, Vật lí",HHT,Trường Đại Học Hà Tĩnh,14ngành
C01,"Toán, Ngữ Văn, Vật lí",DMT,Trường Đại học Tài Nguyên và Môi Trường Hà Nội,21ngành
C01,"Toán, Ngữ Văn, Vật lí",NHS,Trường Đại Học Ngân Hàng TPHCM,28ngành
C01,"Toán, Ngữ Văn, Vật lí",DLX,Trường Đại Học Lao Động – Xã Hội,2ngành
C01,"Toán, Ngữ Văn, Vật lí",DBL,Trường Đại Học Bạc Liêu,11ngành
C01,"Toán, Ngữ Văn, Vật lí",DLS,Trường Đại Học Lao Động – Xã Hội (Cơ sở II),1ngành
C01,"Toán, Ngữ Văn, Vật lí",DDP,Phân Hiệu Đại Học Đà Nẵng tại Kon Tum,1ngành
C01,"Toán, Ngữ Văn, Vật lí",KCC,Trường Đại học Kỹ Thuật Công Nghệ Cần Thơ,13ngành
C01,"Toán, Ngữ Văn, Vật lí",QHQ,Trường Quốc Tế  - ĐHQG Hà Nội,14ngành
C01,"Toán, Ngữ Văn, Vật lí",DCV,Trường Đại học Công nghiệp Vinh,1ngành
C01,"Toán, Ngữ Văn, Vật lí",DVT,Đại Học Trà Vinh,5ngành
C01,"Toán, Ngữ Văn, Vật lí",NLS,Trường Đại Học Nông Lâm TPHCM,11ngành
C01,"Toán, Ngữ Văn, Vật lí",XDA,Trường Đại Học Xây Dựng Hà Nội,37ngành
C01,"Toán, Ngữ Văn, Vật lí",SKH,Trường Đại Học Sư Phạm Kỹ Thuật Hưng Yên,23ngành
C01,"Toán, Ngữ Văn, Vật lí",MBS,Trường Đại Học Mở TPHCM,20ngành
C01,"Toán, Ngữ Văn, Vật lí",GTA,Trường Đại học Công nghệ Giao thông vận tải,73ngành
C01,"Toán, Ngữ Văn, Vật lí",MDA,Trường Đại Học Mỏ Địa Chất,41ngành
C01,"Toán, Ngữ Văn, Vật lí",DDL,Trường Đại Học Điện Lực,1ngành
C01,"Toán, Ngữ Văn, Vật lí",DPD,Trường Đại Học Phương Đông,3ngành
C01,"Toán, Ngữ Văn, Vật lí",VLU,Trường Đại học Công nghệ kỹ thuật Vĩnh Long,5ngành
C01,"Toán, Ngữ Văn, Vật lí",DQK,Trường Đại Học Kinh Doanh và Công Nghệ Hà Nội,1ngành
C01,"Toán, Ngữ Văn, Vật lí",DTK,Trường Đại Học Kỹ Thuật Công Nghiệp Thái Nguyên,18ngành
C01,"Toán, Ngữ Văn, Vật lí",UKH,Trường Đại học Khánh Hòa,2ngành
C01,"Toán, Ngữ Văn, Vật lí",CMC,Trường Đại Học CMC,18ngành
C01,"Toán, Ngữ Văn, Vật lí",NTT,Trường Đại Học Nguyễn Tất Thành,22ngành
C01,"Toán, Ngữ Văn, Vật lí",DHD,Trường Du Lịch - Đại Học Huế,4ngành
C01,"Toán, Ngữ Văn, Vật lí",DTC,Trường Đại học Công Nghệ Thông Tin và Truyền Thông Thái Nguyên,27ngành
C01,"Toán, Ngữ Văn, Vật lí",TGH,Trường Sĩ Quan Tăng - Thiết Giáp,2ngành
C01,"Toán, Ngữ Văn, Vật lí",DDT,Đại Học Duy Tân,50ngành
C01,"Toán, Ngữ Văn, Vật lí",DNC,Trường Đại học Nam Cần Thơ,2ngành
C01,"Toán, Ngữ Văn, Vật lí",HIU,Trường Đại Học Quốc Tế Hồng Bàng,13ngành
C01,"Toán, Ngữ Văn, Vật lí",TTU,Trường Đại học Tân Tạo,7ngành
C01,"Toán, Ngữ Văn, Vật lí",TTD,Trường Đại Học Thể Dục Thể Thao Đà Nẵng,1ngành
C01,"Toán, Ngữ Văn, Vật lí",DCL,Trường Đại Học Cửu Long,25ngành
C01,"Toán, Ngữ Văn, Vật lí",DVL,Trường Đại Học Văn Lang,31ngành
C01,"Toán, Ngữ Văn, Vật lí",DPC,Trường Đại Học Phan Châu Trinh,2ngành
C01,"Toán, Ngữ Văn, Vật lí",ETU,Trường Đại Học Hòa Bình,12ngành
C01,"Toán, Ngữ Văn, Vật lí",DDN,Trường Đại Học Đại Nam,63ngành
C01,"Toán, Ngữ Văn, Vật lí",DAD,Trường Đại Học Đông Á,30ngành
C01,"Toán, Ngữ Văn, Vật lí",SNH,Trường Sĩ Quan Công Binh - Hệ Quân sự - Đại học Ngô Quyền,2ngành
C01,"Toán, Ngữ Văn, Vật lí",DCH,Trường Sĩ Quan Đặc Công,2ngành
C01,"Toán, Ngữ Văn, Vật lí",PBH,Trường Sĩ Quan Pháo Binh,2ngành
C01,"Toán, Ngữ Văn, Vật lí",VGU,Trường Đại Học Việt Đức,13ngành
C01,"Toán, Ngữ Văn, Vật lí",TLS,Trường Đại Học Thủy Lợi (Cơ sở 2),11ngành
C01,"Toán, Ngữ Văn, Vật lí",SDU,Trường Đại học Sao Đỏ,16ngành
C01,"Toán, Ngữ Văn, Vật lí",NLN,Phân hiệu Đại học Nông Lâm TPHCM tại Ninh Thuận,1ngành
C01,"Toán, Ngữ Văn, Vật lí",DTD,Trường Đại Học Tây Đô,5ngành
C01,"Toán, Ngữ Văn, Vật lí",DKC,Trường Đại học Công Nghệ TPHCM,33ngành
C01,"Toán, Ngữ Văn, Vật lí",DDU,Trường Đại Học Đông Đô,8ngành
C01,"Toán, Ngữ Văn, Vật lí",DLH,Trường Đại Học Lạc Hồng,3ngành
C01,"Toán, Ngữ Văn, Vật lí",DDB,Trường Đại Học Thành Đông,1ngành
C01,"Toán, Ngữ Văn, Vật lí",DYD,Trường Đại Học Yersin Đà Lạt,7ngành
C01,"Toán, Ngữ Văn, Vật lí",DBD,Trường Đại Học Bình Dương,10ngành
C01,"Toán, Ngữ Văn, Vật lí",DTV,Trường Đại Học Lương Thế Vinh,8ngành
C01,"Toán, Ngữ Văn, Vật lí",VJU,Trường Đại học Việt Nhật - ĐHQG Hà Nội,5ngành
C01,"Toán, Ngữ Văn, Vật lí",MIT,Trường Đại học Công nghệ Miền Đông,37ngành
C01,"Toán, Ngữ Văn, Vật lí",DKB,Trường Đại Học Kinh Tế Kỹ Thuật Bình Dương,12ngành
C01,"Toán, Ngữ Văn, Vật lí",UEF,Trường Đại Học Kinh Tế Tài Chính TPHCM,37ngành
C01,"Toán, Ngữ Văn, Vật lí",TTG,Trường Đại Học Tiền Giang,18ngành
C01,"Toán, Ngữ Văn, Vật lí",DTE,Trường Đại học Kinh tế và Quản trị kinh doanh Thái Nguyên,7ngành
C01,"Toán, Ngữ Văn, Vật lí",PVU,Trường Đại Học Dầu Khí Việt Nam,3ngành
C01,"Toán, Ngữ Văn, Vật lí",DNT,Trường Đại Học Ngoại Ngữ Tin Học TPHCM,4ngành
C01,"Toán, Ngữ Văn, Vật lí",SKV,Trường Đại Học Sư Phạm Kỹ Thuật Vinh,11ngành
C01,"Toán, Ngữ Văn, Vật lí",CEA,Trường Đại học Nghệ An,1ngành
C01,"Toán, Ngữ Văn, Vật lí",LNH,Trường Đại Học Lâm nghiệp,11ngành
C01,"Toán, Ngữ Văn, Vật lí",DVH,Trường Đại Học Văn Hiến,1ngành
C01,"Toán, Ngữ Văn, Vật lí",DQT,Trường Đại Học Quang Trung,6ngành
C01,"Toán, Ngữ Văn, Vật lí",HSU,Trường Đại Học Hoa Sen,33ngành
C01,"Toán, Ngữ Văn, Vật lí",DPT,Trường Đại Học Phan Thiết,8ngành
C01,"Toán, Ngữ Văn, Vật lí",DVP,Trường Đại Học Trưng Vương,2ngành
C01,"Toán, Ngữ Văn, Vật lí",DCD,Trường Đại Học Công Nghệ Đồng Nai,5ngành
C01,"Toán, Ngữ Văn, Vật lí",EIU,Trường Đại Học Quốc Tế Miền Đông,9ngành
C01,"Toán, Ngữ Văn, Vật lí",DDV,Viện nghiên cứu và đào tạo Việt Anh - Đại học Đà Nẵng,1ngành
C01,"Toán, Ngữ Văn, Vật lí",DHE,Khoa Kỹ thuật và Công nghệ - Đại học Huế,8ngành
C01,"Toán, Ngữ Văn, Vật lí",DTB,Trường Đại Học Thái Bình,6ngành
C01,"Toán, Ngữ Văn, Vật lí",HVD,Học Viện Dân Tộc,1ngành
C01,"Toán, Ngữ Văn, Vật lí",DHT,Trường Đại Học Khoa Học Huế,3ngành
C01,"Toán, Ngữ Văn, Vật lí",DTZ,Trường Đại Học Khoa Học Thái Nguyên,10ngành
C01,"Toán, Ngữ Văn, Vật lí",HDT,Trường Đại Học Hồng Đức,21ngành
C01,"Toán, Ngữ Văn, Vật lí",DNU,Trường Đại Học Đồng Nai,4ngành
C01,"Toán, Ngữ Văn, Vật lí",LNS,Phân hiệu Đại Học Lâm nghiệp tại Đồng Nai,2ngành
C01,"Toán, Ngữ Văn, Vật lí",DTM,Trường Đại học Tài Nguyên và Môi Trường TPHCM,19ngành
C01,"Toán, Ngữ Văn, Vật lí",NTU,Trường Đại Học Nguyễn Trãi,7ngành
C01,"Toán, Ngữ Văn, Vật lí",CCM,Trường Đại học Công nghiệp và Thương mại Hà Nội,9ngành
C01,"Toán, Ngữ Văn, Vật lí",DHL,Trường Đại Học Nông Lâm Huế,9ngành
C01,"Toán, Ngữ Văn, Vật lí",DTQ,Khoa Quốc Tế - Đại Học Thái Nguyên,5ngành
C01,"Toán, Ngữ Văn, Vật lí",SIU,Trường Đại học Quốc Tế Sài Gòn,1ngành
C01,"Toán, Ngữ Văn, Vật lí",DCA,Trường Đại học Intracom,6ngành
C01,"Toán, Ngữ Văn, Vật lí",DLA,Trường Đại Học Kinh Tế Công Nghiệp Long An,2ngành
C01,"Toán, Ngữ Văn, Vật lí",SKN,Trường Đại Học Sư Phạm Kỹ Thuật Nam Định,16ngành
C01,"Toán, Ngữ Văn, Vật lí",UMT,Trường Đại học Quản lý và công nghệ TPHCM,10ngành
C01,"Toán, Ngữ Văn, Vật lí",DHQ,Phân Hiệu Đại Học Huế tại Quảng Trị,4ngành
C01,"Toán, Ngữ Văn, Vật lí",TBD,Trường Đại Học Thái Bình Dương,1ngành
C01,"Toán, Ngữ Văn, Vật lí",DHV,Trường Đại học Hùng Vương TPHCM,1ngành
C01,"Toán, Ngữ Văn, Vật lí",DVB,Trường Đại Học Kinh tế công nghệ Thái Nguyên,10ngành
C01,"Toán, Ngữ Văn, Vật lí",DPX,Trường Đại Học Phú Xuân,3ngành
C01,"Toán, Ngữ Văn, Vật lí",MTU,Trường Đại Học Xây Dựng Miền Tây,10ngành
C01,"Toán, Ngữ Văn, Vật lí",VHD,Trường Đại Học Công Nghiệp Việt - Hung,13ngành
C01,"Toán, Ngữ Văn, Vật lí",UFA,Trường Đại học Tài Chính Kế Toán,5ngành
C01,"Toán, Ngữ Văn, Vật lí",GDU,Trường Đại Học Gia Định,19ngành
C01,"Toán, Ngữ Văn, Vật lí",DDM,Trường Đại Học Công Nghiệp Quảng Ninh,12ngành
C01,"Toán, Ngữ Văn, Vật lí",XDT,Trường Đại Học Xây Dựng Miền Trung,30ngành
C01,"Toán, Ngữ Văn, Vật lí",DSG,Trường Đại Học Công Nghệ Sài Gòn,23ngành
C01,"Toán, Ngữ Văn, Vật lí",XDN,Phân hiệu Đại học Xây dựng miền Trung tại Đà Nẵng,12ngành
C01,"Toán, Ngữ Văn, Vật lí",DBG,Trường Đại học Nông Lâm Bắc Giang,4ngành
C01,"Toán, Ngữ Văn, Vật lí",TTB,Trường Đại Học Tây Bắc,2ngành
C01,"Toán, Ngữ Văn, Vật lí",TDL,Trường Đại Học Đà Lạt,5ngành
C01,"Toán, Ngữ Văn, Vật lí",DTP,Phân Hiệu Đại Học Thái Nguyên Tại Lào Cai,8ngành
C01,"Toán, Ngữ Văn, Vật lí",TQU,Trường Đại học Tân Trào,3ngành
C01,"Toán, Ngữ Văn, Vật lí",DVD,"Trường Đại Học Văn Hóa, Thể Thao Và Du Lịch Thanh Hóa",2ngành
C01,"Toán, Ngữ Văn, Vật lí",DNB,Trường Đại Học Hoa Lư,4ngành
C01,"Toán, Ngữ Văn, Vật lí",DDA,Trường Đại Học Công Nghệ Đông Á,24ngành
C01,"Toán, Ngữ Văn, Vật lí",TCU,Trường Sĩ Quan Thông Tin - Hệ Dân Sự - Đại Học Thông Tin Liên Lạc,2ngành
C01,"Toán, Ngữ Văn, Vật lí",HFH,Học Viện Hậu Cần - Hệ Dân sự,3ngành
C02,"Toán, Ngữ Văn, Hóa học",BKA,Đại Học Bách Khoa Hà Nội,68ngành
C02,"Toán, Ngữ Văn, Hóa học",HNM,Trường Đại học Thủ Đô Hà Nội,1ngành
C02,"Toán, Ngữ Văn, Hóa học",DCN,Đại Học Công Nghiệp Hà Nội,5ngành
C02,"Toán, Ngữ Văn, Hóa học",HYD,Học Viện Y Dược Học Cổ Truyền Việt Nam,1ngành
C02,"Toán, Ngữ Văn, Hóa học",DKK,Trường Đại Học Kinh Tế Kỹ Thuật Công Nghiệp,26ngành
C02,"Toán, Ngữ Văn, Hóa học",DCT,Trường Đại Học Công Thương TPHCM,8ngành
C02,"Toán, Ngữ Văn, Hóa học",HHK,Học Viện Hàng không Việt Nam,33ngành
C02,"Toán, Ngữ Văn, Hóa học",PKA,Đại Học Phenikaa,31ngành
C02,"Toán, Ngữ Văn, Hóa học",YTC,Trường Đại Học Y Tế Công Cộng,2ngành
C02,"Toán, Ngữ Văn, Hóa học",TDM,Trường Đại học Thủ Dầu Một,9ngành
C02,"Toán, Ngữ Văn, Hóa học",DTL,Trường Đại Học Thăng Long,2ngành
C02,"Toán, Ngữ Văn, Hóa học",TLA,Trường Đại Học Thủy Lợi,13ngành
C02,"Toán, Ngữ Văn, Hóa học",DTT,Trường Đại Học Tôn Đức Thắng,79ngành
C02,"Toán, Ngữ Văn, Hóa học",HVN,Học Viện Nông Nghiệp Việt Nam,14ngành
C02,"Toán, Ngữ Văn, Hóa học",QHT,Trường Đại Học Khoa Học Tự Nhiên Hà Nội,17ngành
C02,"Toán, Ngữ Văn, Hóa học",DTS,Đại Học Sư Phạm Thái Nguyên,1ngành
C02,"Toán, Ngữ Văn, Hóa học",TCT,Đại Học Cần Thơ,20ngành
C02,"Toán, Ngữ Văn, Hóa học",DKS,Trường Đại học Kiểm Sát,7ngành
C02,"Toán, Ngữ Văn, Hóa học",QHL,Trường Đại học Luật – ĐHQG Hà Nội,3ngành
C02,"Toán, Ngữ Văn, Hóa học",DHS,Trường Đại Học Sư Phạm Huế,2ngành
C02,"Toán, Ngữ Văn, Hóa học",SGD,Trường Đại Học Sài Gòn,33ngành
C02,"Toán, Ngữ Văn, Hóa học",DDS,Trường Đại Học Sư Phạm - Đại Học Đà Nẵng,10ngành
C02,"Toán, Ngữ Văn, Hóa học",QHS,Trường Đại Học Giáo Dục - ĐHQG Hà Nội,6ngành
C02,"Toán, Ngữ Văn, Hóa học",DDK,Trường Đại Học Bách Khoa Đà Nẵng,16ngành
C02,"Toán, Ngữ Văn, Hóa học",DMS,Trường Đại Học Tài Chính Marketing,21ngành
C02,"Toán, Ngữ Văn, Hóa học",TSN,Trường Đại Học Nha Trang,13ngành
C02,"Toán, Ngữ Văn, Hóa học",THP,Trường Đại Học Hải Phòng,9ngành
C02,"Toán, Ngữ Văn, Hóa học",HHA,Trường Đại Học Hàng Hải Việt Nam,36ngành
C02,"Toán, Ngữ Văn, Hóa học",KTA,Trường Đại Học Kiến Trúc Hà Nội,15ngành
C02,"Toán, Ngữ Văn, Hóa học",TDV,Trường Đại Học Vinh,1ngành
C02,"Toán, Ngữ Văn, Hóa học",SPD,Trường Đại Học Đồng Tháp,14ngành
C02,"Toán, Ngữ Văn, Hóa học",TTN,Trường Đại Học Tây Nguyên,1ngành
C02,"Toán, Ngữ Văn, Hóa học",DQN,Trường Đại Học Quy Nhơn,6ngành
C02,"Toán, Ngữ Văn, Hóa học",HLU,Trường Đại Học Hạ Long,7ngành
C02,"Toán, Ngữ Văn, Hóa học",DKT,Trường Đại Học Hải Dương,17ngành
C02,"Toán, Ngữ Văn, Hóa học",DQB,Trường Đại Học Quảng Bình,3ngành
C02,"Toán, Ngữ Văn, Hóa học",DPQ,Trường Đại Học Phạm Văn Đồng,2ngành
C02,"Toán, Ngữ Văn, Hóa học",HHT,Trường Đại Học Hà Tĩnh,11ngành
C02,"Toán, Ngữ Văn, Hóa học",DMT,Trường Đại học Tài Nguyên và Môi Trường Hà Nội,21ngành
C02,"Toán, Ngữ Văn, Hóa học",NHS,Trường Đại Học Ngân Hàng TPHCM,28ngành
C02,"Toán, Ngữ Văn, Hóa học",DBL,Trường Đại Học Bạc Liêu,12ngành
C02,"Toán, Ngữ Văn, Hóa học",KCC,Trường Đại học Kỹ Thuật Công Nghệ Cần Thơ,4ngành
C02,"Toán, Ngữ Văn, Hóa học",QHQ,Trường Quốc Tế  - ĐHQG Hà Nội,10ngành
C02,"Toán, Ngữ Văn, Hóa học",DCV,Trường Đại học Công nghiệp Vinh,1ngành
C02,"Toán, Ngữ Văn, Hóa học",DVT,Đại Học Trà Vinh,1ngành
C02,"Toán, Ngữ Văn, Hóa học",NLS,Trường Đại Học Nông Lâm TPHCM,6ngành
C02,"Toán, Ngữ Văn, Hóa học",XDA,Trường Đại Học Xây Dựng Hà Nội,4ngành
C02,"Toán, Ngữ Văn, Hóa học",SKH,Trường Đại Học Sư Phạm Kỹ Thuật Hưng Yên,23ngành
C02,"Toán, Ngữ Văn, Hóa học",MBS,Trường Đại Học Mở TPHCM,20ngành
C02,"Toán, Ngữ Văn, Hóa học",GTA,Trường Đại học Công nghệ Giao thông vận tải,73ngành
C02,"Toán, Ngữ Văn, Hóa học",MDA,Trường Đại Học Mỏ Địa Chất,19ngành
C02,"Toán, Ngữ Văn, Hóa học",DPD,Trường Đại Học Phương Đông,2ngành
C02,"Toán, Ngữ Văn, Hóa học",VLU,Trường Đại học Công nghệ kỹ thuật Vĩnh Long,4ngành
C02,"Toán, Ngữ Văn, Hóa học",DQK,Trường Đại Học Kinh Doanh và Công Nghệ Hà Nội,1ngành
C02,"Toán, Ngữ Văn, Hóa học",DTK,Trường Đại Học Kỹ Thuật Công Nghiệp Thái Nguyên,18ngành
C02,"Toán, Ngữ Văn, Hóa học",UKH,Trường Đại học Khánh Hòa,2ngành
C02,"Toán, Ngữ Văn, Hóa học",CMC,Trường Đại Học CMC,19ngành
C02,"Toán, Ngữ Văn, Hóa học",NTT,Trường Đại Học Nguyễn Tất Thành,6ngành
C02,"Toán, Ngữ Văn, Hóa học",DHD,Trường Du Lịch - Đại Học Huế,4ngành
C02,"Toán, Ngữ Văn, Hóa học",DTC,Trường Đại học Công Nghệ Thông Tin và Truyền Thông Thái Nguyên,27ngành
C02,"Toán, Ngữ Văn, Hóa học",HGH,Trường Sĩ Quan Phòng Hóa,2ngành
C02,"Toán, Ngữ Văn, Hóa học",DDT,Đại Học Duy Tân,29ngành
C02,"Toán, Ngữ Văn, Hóa học",DNC,Trường Đại học Nam Cần Thơ,1ngành
C02,"Toán, Ngữ Văn, Hóa học",HIU,Trường Đại Học Quốc Tế Hồng Bàng,13ngành
C02,"Toán, Ngữ Văn, Hóa học",DVL,Trường Đại Học Văn Lang,4ngành
C02,"Toán, Ngữ Văn, Hóa học",DPC,Trường Đại Học Phan Châu Trinh,2ngành
C02,"Toán, Ngữ Văn, Hóa học",ETU,Trường Đại Học Hòa Bình,2ngành
C02,"Toán, Ngữ Văn, Hóa học",DDN,Trường Đại Học Đại Nam,55ngành
C02,"Toán, Ngữ Văn, Hóa học",VGU,Trường Đại Học Việt Đức,6ngành
C02,"Toán, Ngữ Văn, Hóa học",TLS,Trường Đại Học Thủy Lợi (Cơ sở 2),9ngành
C02,"Toán, Ngữ Văn, Hóa học",SDU,Trường Đại học Sao Đỏ,15ngành
C02,"Toán, Ngữ Văn, Hóa học",NLN,Phân hiệu Đại học Nông Lâm TPHCM tại Ninh Thuận,1ngành
C02,"Toán, Ngữ Văn, Hóa học",DTD,Trường Đại Học Tây Đô,2ngành
C02,"Toán, Ngữ Văn, Hóa học",DKC,Trường Đại học Công Nghệ TPHCM,28ngành
C02,"Toán, Ngữ Văn, Hóa học",DDU,Trường Đại Học Đông Đô,11ngành
C02,"Toán, Ngữ Văn, Hóa học",DLH,Trường Đại Học Lạc Hồng,3ngành
C02,"Toán, Ngữ Văn, Hóa học",DYD,Trường Đại Học Yersin Đà Lạt,1ngành
C02,"Toán, Ngữ Văn, Hóa học",DBD,Trường Đại Học Bình Dương,3ngành
C02,"Toán, Ngữ Văn, Hóa học",DTV,Trường Đại Học Lương Thế Vinh,8ngành
C02,"Toán, Ngữ Văn, Hóa học",VJU,Trường Đại học Việt Nhật - ĐHQG Hà Nội,7ngành
C02,"Toán, Ngữ Văn, Hóa học",BVU,Trường Đại Học Bà Rịa – Vũng Tàu,15ngành
C02,"Toán, Ngữ Văn, Hóa học",DKB,Trường Đại Học Kinh Tế Kỹ Thuật Bình Dương,1ngành
C02,"Toán, Ngữ Văn, Hóa học",TTG,Trường Đại Học Tiền Giang,20ngành
C02,"Toán, Ngữ Văn, Hóa học",PVU,Trường Đại Học Dầu Khí Việt Nam,3ngành
C02,"Toán, Ngữ Văn, Hóa học",SKV,Trường Đại Học Sư Phạm Kỹ Thuật Vinh,11ngành
C02,"Toán, Ngữ Văn, Hóa học",LNH,Trường Đại Học Lâm nghiệp,15ngành
C02,"Toán, Ngữ Văn, Hóa học",DVH,Trường Đại Học Văn Hiến,2ngành
C02,"Toán, Ngữ Văn, Hóa học",DQT,Trường Đại Học Quang Trung,8ngành
C02,"Toán, Ngữ Văn, Hóa học",HSU,Trường Đại Học Hoa Sen,33ngành
C02,"Toán, Ngữ Văn, Hóa học",DVP,Trường Đại Học Trưng Vương,3ngành
C02,"Toán, Ngữ Văn, Hóa học",YDD,Trường Đại Học Điều Dưỡng Nam Định,3ngành
C02,"Toán, Ngữ Văn, Hóa học",DCD,Trường Đại Học Công Nghệ Đồng Nai,5ngành
C02,"Toán, Ngữ Văn, Hóa học",EIU,Trường Đại Học Quốc Tế Miền Đông,10ngành
C02,"Toán, Ngữ Văn, Hóa học",DHE,Khoa Kỹ thuật và Công nghệ - Đại học Huế,6ngành
C02,"Toán, Ngữ Văn, Hóa học",DTB,Trường Đại Học Thái Bình,6ngành
C02,"Toán, Ngữ Văn, Hóa học",HVD,Học Viện Dân Tộc,1ngành
C02,"Toán, Ngữ Văn, Hóa học",DHT,Trường Đại Học Khoa Học Huế,2ngành
C02,"Toán, Ngữ Văn, Hóa học",DTZ,Trường Đại Học Khoa Học Thái Nguyên,13ngành
C02,"Toán, Ngữ Văn, Hóa học",HDT,Trường Đại Học Hồng Đức,11ngành
C02,"Toán, Ngữ Văn, Hóa học",DNU,Trường Đại Học Đồng Nai,4ngành
C02,"Toán, Ngữ Văn, Hóa học",LNS,Phân hiệu Đại Học Lâm nghiệp tại Đồng Nai,2ngành
C02,"Toán, Ngữ Văn, Hóa học",DTM,Trường Đại học Tài Nguyên và Môi Trường TPHCM,20ngành
C02,"Toán, Ngữ Văn, Hóa học",DHL,Trường Đại Học Nông Lâm Huế,4ngành
C02,"Toán, Ngữ Văn, Hóa học",DLA,Trường Đại Học Kinh Tế Công Nghiệp Long An,1ngành
C02,"Toán, Ngữ Văn, Hóa học",DTN,Trường Đại Học Nông Lâm Thái Nguyên,23ngành
C02,"Toán, Ngữ Văn, Hóa học",UMT,Trường Đại học Quản lý và công nghệ TPHCM,7ngành
C02,"Toán, Ngữ Văn, Hóa học",DHV,Trường Đại học Hùng Vương TPHCM,1ngành
C02,"Toán, Ngữ Văn, Hóa học",DVB,Trường Đại Học Kinh tế công nghệ Thái Nguyên,10ngành
C02,"Toán, Ngữ Văn, Hóa học",DPX,Trường Đại Học Phú Xuân,1ngành
C02,"Toán, Ngữ Văn, Hóa học",LNA,Phân hiệu Đại học Lâm nghiệp tỉnh Gia Lai,1ngành
C02,"Toán, Ngữ Văn, Hóa học",UFA,Trường Đại học Tài Chính Kế Toán,6ngành
C02,"Toán, Ngữ Văn, Hóa học",XDT,Trường Đại Học Xây Dựng Miền Trung,30ngành
C02,"Toán, Ngữ Văn, Hóa học",DSG,Trường Đại Học Công Nghệ Sài Gòn,23ngành
C02,"Toán, Ngữ Văn, Hóa học",TTB,Trường Đại Học Tây Bắc,2ngành
C02,"Toán, Ngữ Văn, Hóa học",TDL,Trường Đại Học Đà Lạt,2ngành
C02,"Toán, Ngữ Văn, Hóa học",DTP,Phân Hiệu Đại Học Thái Nguyên Tại Lào Cai,8ngành
C02,"Toán, Ngữ Văn, Hóa học",TQU,Trường Đại học Tân Trào,4ngành
C02,"Toán, Ngữ Văn, Hóa học",DVD,"Trường Đại Học Văn Hóa, Thể Thao Và Du Lịch Thanh Hóa",2ngành
C02,"Toán, Ngữ Văn, Hóa học",DNB,Trường Đại Học Hoa Lư,1ngành
C02,"Toán, Ngữ Văn, Hóa học",DDA,Trường Đại Học Công Nghệ Đông Á,24ngành
D03,"Ngữ văn, Toán, Tiếng Pháp",NTH,Trường Đại học Ngoại thương,3ngành
D03,"Ngữ văn, Toán, Tiếng Pháp",SPH,Trường Đại Học Sư Phạm Hà Nội,2ngành
D03,"Ngữ văn, Toán, Tiếng Pháp",TMU,Trường Đại Học Thương Mại,1ngành
D03,"Ngữ văn, Toán, Tiếng Pháp",SPS,Trường Đại Học Sư Phạm TPHCM,2ngành
D03,"Ngữ văn, Toán, Tiếng Pháp",GHA,Trường Đại Học Giao Thông Vận Tải,1ngành
D03,"Ngữ văn, Toán, Tiếng Pháp",HHK,Học Viện Hàng không Việt Nam,33ngành
D03,"Ngữ văn, Toán, Tiếng Pháp",PKA,Đại Học Phenikaa,1ngành
D03,"Ngữ văn, Toán, Tiếng Pháp",NHF,Trường Đại Học Hà Nội,3ngành
D03,"Ngữ văn, Toán, Tiếng Pháp",HQT,Học Viện Ngoại Giao,6ngành
D03,"Ngữ văn, Toán, Tiếng Pháp",LPH,Trường Đại Học Luật Hà Nội,3ngành
D03,"Ngữ văn, Toán, Tiếng Pháp",QHF,Trường Đại Học Ngoại Ngữ - ĐH Quốc gia Hà Nội,1ngành
D03,"Ngữ văn, Toán, Tiếng Pháp",TCT,Đại Học Cần Thơ,2ngành
D03,"Ngữ văn, Toán, Tiếng Pháp",QHL,Trường Đại học Luật – ĐHQG Hà Nội,3ngành
D03,"Ngữ văn, Toán, Tiếng Pháp",SGD,Trường Đại Học Sài Gòn,28ngành
D03,"Ngữ văn, Toán, Tiếng Pháp",LPS,Trường Đại Học Luật TPHCM,1ngành
D03,"Ngữ văn, Toán, Tiếng Pháp",DHF,Trường Đại Học Ngoại Ngữ Huế,2ngành
D03,"Ngữ văn, Toán, Tiếng Pháp",TSN,Trường Đại Học Nha Trang,1ngành
D03,"Ngữ văn, Toán, Tiếng Pháp",QHK,Trường Khoa học liên ngành và Nghệ thuật Hà Nội,4ngành
D03,"Ngữ văn, Toán, Tiếng Pháp",MBS,Trường Đại Học Mở TPHCM,4ngành
D03,"Ngữ văn, Toán, Tiếng Pháp",CMC,Trường Đại Học CMC,18ngành
D03,"Ngữ văn, Toán, Tiếng Pháp",DHK,Trường Đại Học Kinh Tế - Đại Học Huế,22ngành
D03,"Ngữ văn, Toán, Tiếng Pháp",DTC,Trường Đại học Công Nghệ Thông Tin và Truyền Thông Thái Nguyên,26ngành
D03,"Ngữ văn, Toán, Tiếng Pháp",DDN,Trường Đại Học Đại Nam,47ngành
D03,"Ngữ văn, Toán, Tiếng Pháp",DKC,Trường Đại học Công Nghệ TPHCM,4ngành
D03,"Ngữ văn, Toán, Tiếng Pháp",DTV,Trường Đại Học Lương Thế Vinh,9ngành
D03,"Ngữ văn, Toán, Tiếng Pháp",DNT,Trường Đại Học Ngoại Ngữ Tin Học TPHCM,1ngành
D03,"Ngữ văn, Toán, Tiếng Pháp",DVH,Trường Đại Học Văn Hiến,1ngành
D03,"Ngữ văn, Toán, Tiếng Pháp",SKN,Trường Đại Học Sư Phạm Kỹ Thuật Nam Định,16ngành
D03,"Ngữ văn, Toán, Tiếng Pháp",UMT,Trường Đại học Quản lý và công nghệ TPHCM,10ngành
D03,"Ngữ văn, Toán, Tiếng Pháp",TBD,Trường Đại Học Thái Bình Dương,12ngành
D03,"Ngữ văn, Toán, Tiếng Pháp",DSG,Trường Đại Học Công Nghệ Sài Gòn,23ngành
D03,"Ngữ văn, Toán, Tiếng Pháp",DBG,Trường Đại học Nông Lâm Bắc Giang,2ngành
A02,"Toán, Vật lí, Sinh học",SPH,Trường Đại Học Sư Phạm Hà Nội,1ngành
A02,"Toán, Vật lí, Sinh học",SPS,Trường Đại Học Sư Phạm TPHCM,4ngành
A02,"Toán, Vật lí, Sinh học",QHI,Trường Đại Học Công Nghệ – Đại Học Quốc Gia Hà Nội,2ngành
A02,"Toán, Vật lí, Sinh học",HNM,Trường Đại học Thủ Đô Hà Nội,5ngành
A02,"Toán, Vật lí, Sinh học",DCN,Đại Học Công Nghiệp Hà Nội,3ngành
A02,"Toán, Vật lí, Sinh học",HYD,Học Viện Y Dược Học Cổ Truyền Việt Nam,2ngành
A02,"Toán, Vật lí, Sinh học",DKK,Trường Đại Học Kinh Tế Kỹ Thuật Công Nghiệp,26ngành
A02,"Toán, Vật lí, Sinh học",HHK,Học Viện Hàng không Việt Nam,33ngành
A02,"Toán, Vật lí, Sinh học",PKA,Đại Học Phenikaa,36ngành
A02,"Toán, Vật lí, Sinh học",TDM,Trường Đại học Thủ Dầu Một,26ngành
A02,"Toán, Vật lí, Sinh học",DTL,Trường Đại Học Thăng Long,1ngành
A02,"Toán, Vật lí, Sinh học",TLA,Trường Đại Học Thủy Lợi,1ngành
A02,"Toán, Vật lí, Sinh học",DTT,Trường Đại Học Tôn Đức Thắng,8ngành
A02,"Toán, Vật lí, Sinh học",QHT,Trường Đại Học Khoa Học Tự Nhiên Hà Nội,15ngành
A02,"Toán, Vật lí, Sinh học",TCT,Đại Học Cần Thơ,12ngành
A02,"Toán, Vật lí, Sinh học",DHS,Trường Đại Học Sư Phạm Huế,1ngành
A02,"Toán, Vật lí, Sinh học",SGD,Trường Đại Học Sài Gòn,23ngành
A02,"Toán, Vật lí, Sinh học",DDS,Trường Đại Học Sư Phạm - Đại Học Đà Nẵng,2ngành
A02,"Toán, Vật lí, Sinh học",SP2,Trường Đại Học Sư Phạm Hà Nội 2,2ngành
A02,"Toán, Vật lí, Sinh học",QHS,Trường Đại Học Giáo Dục - ĐHQG Hà Nội,3ngành
A02,"Toán, Vật lí, Sinh học",DTY,Trường Đại Học Y Dược Thái Nguyên,9ngành
A02,"Toán, Vật lí, Sinh học",THP,Trường Đại Học Hải Phòng,6ngành
A02,"Toán, Vật lí, Sinh học",SPD,Trường Đại Học Đồng Tháp,13ngành
A02,"Toán, Vật lí, Sinh học",TTN,Trường Đại Học Tây Nguyên,7ngành
A02,"Toán, Vật lí, Sinh học",DQN,Trường Đại Học Quy Nhơn,4ngành
A02,"Toán, Vật lí, Sinh học",HLU,Trường Đại Học Hạ Long,1ngành
A02,"Toán, Vật lí, Sinh học",DKT,Trường Đại Học Hải Dương,11ngành
A02,"Toán, Vật lí, Sinh học",DQB,Trường Đại Học Quảng Bình,2ngành
A02,"Toán, Vật lí, Sinh học",HHT,Trường Đại Học Hà Tĩnh,3ngành
A02,"Toán, Vật lí, Sinh học",DBL,Trường Đại Học Bạc Liêu,2ngành
A02,"Toán, Vật lí, Sinh học",DQU,Trường Đại Học Quảng Nam,1ngành
A02,"Toán, Vật lí, Sinh học",KCC,Trường Đại học Kỹ Thuật Công Nghệ Cần Thơ,2ngành
A02,"Toán, Vật lí, Sinh học",DVT,Đại Học Trà Vinh,11ngành
A02,"Toán, Vật lí, Sinh học",NLS,Trường Đại Học Nông Lâm TPHCM,21ngành
A02,"Toán, Vật lí, Sinh học",XDA,Trường Đại Học Xây Dựng Hà Nội,4ngành
A02,"Toán, Vật lí, Sinh học",MBS,Trường Đại Học Mở TPHCM,4ngành
A02,"Toán, Vật lí, Sinh học",MDA,Trường Đại Học Mỏ Địa Chất,25ngành
A02,"Toán, Vật lí, Sinh học",DDL,Trường Đại Học Điện Lực,4ngành
A02,"Toán, Vật lí, Sinh học",VLU,Trường Đại học Công nghệ kỹ thuật Vĩnh Long,10ngành
A02,"Toán, Vật lí, Sinh học",DQK,Trường Đại Học Kinh Doanh và Công Nghệ Hà Nội,4ngành
A02,"Toán, Vật lí, Sinh học",UKH,Trường Đại học Khánh Hòa,3ngành
A02,"Toán, Vật lí, Sinh học",CMC,Trường Đại Học CMC,18ngành
A02,"Toán, Vật lí, Sinh học",NTT,Trường Đại Học Nguyễn Tất Thành,7ngành
A02,"Toán, Vật lí, Sinh học",DTC,Trường Đại học Công Nghệ Thông Tin và Truyền Thông Thái Nguyên,27ngành
A02,"Toán, Vật lí, Sinh học",HVQ,Học Viện Quản Lý Giáo Dục,1ngành
A02,"Toán, Vật lí, Sinh học",DDT,Đại Học Duy Tân,12ngành
A02,"Toán, Vật lí, Sinh học",DNC,Trường Đại học Nam Cần Thơ,20ngành
A02,"Toán, Vật lí, Sinh học",HIU,Trường Đại Học Quốc Tế Hồng Bàng,14ngành
A02,"Toán, Vật lí, Sinh học",TTU,Trường Đại học Tân Tạo,5ngành
A02,"Toán, Vật lí, Sinh học",DCL,Trường Đại Học Cửu Long,14ngành
A02,"Toán, Vật lí, Sinh học",DVL,Trường Đại Học Văn Lang,8ngành
A02,"Toán, Vật lí, Sinh học",ETU,Trường Đại Học Hòa Bình,4ngành
A02,"Toán, Vật lí, Sinh học",DDN,Trường Đại Học Đại Nam,55ngành
A02,"Toán, Vật lí, Sinh học",DAD,Trường Đại Học Đông Á,26ngành
A02,"Toán, Vật lí, Sinh học",VGU,Trường Đại Học Việt Đức,10ngành
A02,"Toán, Vật lí, Sinh học",NLN,Phân hiệu Đại học Nông Lâm TPHCM tại Ninh Thuận,2ngành
A02,"Toán, Vật lí, Sinh học",DTD,Trường Đại Học Tây Đô,6ngành
A02,"Toán, Vật lí, Sinh học",DDU,Trường Đại Học Đông Đô,4ngành
A02,"Toán, Vật lí, Sinh học",DDB,Trường Đại Học Thành Đông,6ngành
A02,"Toán, Vật lí, Sinh học",DYD,Trường Đại Học Yersin Đà Lạt,5ngành
A02,"Toán, Vật lí, Sinh học",TDD,Trường Đại học Thành Đô,2ngành
A02,"Toán, Vật lí, Sinh học",DBD,Trường Đại Học Bình Dương,2ngành
A02,"Toán, Vật lí, Sinh học",DTV,Trường Đại Học Lương Thế Vinh,10ngành
A02,"Toán, Vật lí, Sinh học",VJU,Trường Đại học Việt Nhật - ĐHQG Hà Nội,1ngành
A02,"Toán, Vật lí, Sinh học",MIT,Trường Đại học Công nghệ Miền Đông,14ngành
A02,"Toán, Vật lí, Sinh học",TTG,Trường Đại Học Tiền Giang,1ngành
A02,"Toán, Vật lí, Sinh học",PVU,Trường Đại Học Dầu Khí Việt Nam,3ngành
A02,"Toán, Vật lí, Sinh học",CEA,Trường Đại học Nghệ An,1ngành
A02,"Toán, Vật lí, Sinh học",DQT,Trường Đại Học Quang Trung,2ngành
A02,"Toán, Vật lí, Sinh học",DVP,Trường Đại Học Trưng Vương,2ngành
A02,"Toán, Vật lí, Sinh học",THU,Trường Đại học Y khoa Tokyo Việt Nam,4ngành
A02,"Toán, Vật lí, Sinh học",DCD,Trường Đại Học Công Nghệ Đồng Nai,2ngành
A02,"Toán, Vật lí, Sinh học",DHT,Trường Đại Học Khoa Học Huế,1ngành
A02,"Toán, Vật lí, Sinh học",DTZ,Trường Đại Học Khoa Học Thái Nguyên,12ngành
A02,"Toán, Vật lí, Sinh học",HDT,Trường Đại Học Hồng Đức,4ngành
A02,"Toán, Vật lí, Sinh học",DNU,Trường Đại Học Đồng Nai,3ngành
A02,"Toán, Vật lí, Sinh học",VUI,Trường Đại Học Công Nghiệp Việt Trì,3ngành
A02,"Toán, Vật lí, Sinh học",DCA,Trường Đại học Intracom,2ngành
A02,"Toán, Vật lí, Sinh học",DLA,Trường Đại Học Kinh Tế Công Nghiệp Long An,1ngành
A02,"Toán, Vật lí, Sinh học",DHQ,Phân Hiệu Đại Học Huế tại Quảng Trị,1ngành
A02,"Toán, Vật lí, Sinh học",TBD,Trường Đại Học Thái Bình Dương,1ngành
A02,"Toán, Vật lí, Sinh học",DPX,Trường Đại Học Phú Xuân,3ngành
A02,"Toán, Vật lí, Sinh học",MTU,Trường Đại Học Xây Dựng Miền Tây,7ngành
A02,"Toán, Vật lí, Sinh học",DSG,Trường Đại Học Công Nghệ Sài Gòn,23ngành
A02,"Toán, Vật lí, Sinh học",TTB,Trường Đại Học Tây Bắc,8ngành
A02,"Toán, Vật lí, Sinh học",TDL,Trường Đại Học Đà Lạt,12ngành
A02,"Toán, Vật lí, Sinh học",TQU,Trường Đại học Tân Trào,5ngành
A02,"Toán, Vật lí, Sinh học",TKG,Trường Đại học Kiên Giang,6ngành
A02,"Toán, Vật lí, Sinh học",DVD,"Trường Đại Học Văn Hóa, Thể Thao Và Du Lịch Thanh Hóa",1ngành
A02,"Toán, Vật lí, Sinh học",DNB,Trường Đại Học Hoa Lư,2ngành
A02,"Toán, Vật lí, Sinh học",DDA,Trường Đại Học Công Nghệ Đông Á,20ngành
A02,"Toán, Vật lí, Sinh học",BMU,Trường Đại học Y Dược Buôn Ma Thuột,7ngành
A01,"Toán, Vật lí, Tiếng Anh",KHA,Đại Học Kinh Tế Quốc Dân,104ngành
A01,"Toán, Vật lí, Tiếng Anh",BKA,Đại Học Bách Khoa Hà Nội,55ngành
A01,"Toán, Vật lí, Tiếng Anh",HTC,Học Viện Tài chính,50ngành
A01,"Toán, Vật lí, Tiếng Anh",NHH,Học Viện Ngân Hàng,42ngành
A01,"Toán, Vật lí, Tiếng Anh",NTH,Trường Đại học Ngoại thương,36ngành
A01,"Toán, Vật lí, Tiếng Anh",YHB,Trường Đại Học Y Hà Nội,3ngành
A01,"Toán, Vật lí, Tiếng Anh",BVH,Học Viện Công Nghệ Bưu Chính Viễn Thông,39ngành
A01,"Toán, Vật lí, Tiếng Anh",SPH,Trường Đại Học Sư Phạm Hà Nội,12ngành
A01,"Toán, Vật lí, Tiếng Anh",TMU,Trường Đại Học Thương Mại,50ngành
A01,"Toán, Vật lí, Tiếng Anh",SPS,Trường Đại Học Sư Phạm TPHCM,13ngành
A01,"Toán, Vật lí, Tiếng Anh",QHI,Trường Đại Học Công Nghệ – Đại Học Quốc Gia Hà Nội,20ngành
A01,"Toán, Vật lí, Tiếng Anh",HNM,Trường Đại học Thủ Đô Hà Nội,9ngành
A01,"Toán, Vật lí, Tiếng Anh",GHA,Trường Đại Học Giao Thông Vận Tải,52ngành
A01,"Toán, Vật lí, Tiếng Anh",YTB,Trường Đại Học Y Dược Thái Bình,2ngành
A01,"Toán, Vật lí, Tiếng Anh",KMA,Học Viện Kỹ Thuật Mật Mã,4ngành
A01,"Toán, Vật lí, Tiếng Anh",DCN,Đại Học Công Nghiệp Hà Nội,50ngành
A01,"Toán, Vật lí, Tiếng Anh",YPB,Trường Đại Học Y Dược Hải Phòng,7ngành
A01,"Toán, Vật lí, Tiếng Anh",HPN,Học Viện Phụ Nữ Việt Nam,12ngành
A01,"Toán, Vật lí, Tiếng Anh",ANH,Học Viện An Ninh Nhân Dân,9ngành
A01,"Toán, Vật lí, Tiếng Anh",DKK,Trường Đại Học Kinh Tế Kỹ Thuật Công Nghiệp,45ngành
A01,"Toán, Vật lí, Tiếng Anh",DCT,Trường Đại Học Công Thương TPHCM,27ngành
A01,"Toán, Vật lí, Tiếng Anh",LAH,Trường Sĩ Quan Lục Quân 1 - Đại học Trần Quốc Tuấn,1ngành
A01,"Toán, Vật lí, Tiếng Anh",HQH,Học Viện Hải Quân,2ngành
A01,"Toán, Vật lí, Tiếng Anh",HHK,Học Viện Hàng không Việt Nam,33ngành
A01,"Toán, Vật lí, Tiếng Anh",PKA,Đại Học Phenikaa,66ngành
A01,"Toán, Vật lí, Tiếng Anh",PKH,Học Viện Phòng Không – Không Quân,2ngành
A01,"Toán, Vật lí, Tiếng Anh",TTH,Trường Sĩ Quan Thông Tin - Hệ Quân sự - Đại Học Thông Tin Liên Lạc,2ngành
A01,"Toán, Vật lí, Tiếng Anh",NHF,Trường Đại Học Hà Nội,3ngành
A01,"Toán, Vật lí, Tiếng Anh",KQH,Học Viện Kỹ Thuật Quân Sự - Hệ Quân sự,7ngành
A01,"Toán, Vật lí, Tiếng Anh",YTC,Trường Đại Học Y Tế Công Cộng,3ngành
A01,"Toán, Vật lí, Tiếng Anh",HQT,Học Viện Ngoại Giao,11ngành
A01,"Toán, Vật lí, Tiếng Anh",TDM,Trường Đại học Thủ Dầu Một,30ngành
A01,"Toán, Vật lí, Tiếng Anh",TYS,Trường Đại Học Y Khoa Phạm Ngọc Thạch,3ngành
A01,"Toán, Vật lí, Tiếng Anh",DTL,Trường Đại Học Thăng Long,13ngành
A01,"Toán, Vật lí, Tiếng Anh",TLA,Trường Đại Học Thủy Lợi,41ngành
A01,"Toán, Vật lí, Tiếng Anh",DTT,Trường Đại Học Tôn Đức Thắng,105ngành
A01,"Toán, Vật lí, Tiếng Anh",HVN,Học Viện Nông Nghiệp Việt Nam,22ngành
A01,"Toán, Vật lí, Tiếng Anh",QHX,Trường Đại Học Khoa Học Xã Hội và Nhân Văn Hà Nội,14ngành
A01,"Toán, Vật lí, Tiếng Anh",LPH,Trường Đại Học Luật Hà Nội,5ngành
A01,"Toán, Vật lí, Tiếng Anh",QHF,Trường Đại Học Ngoại Ngữ - ĐH Quốc gia Hà Nội,16ngành
A01,"Toán, Vật lí, Tiếng Anh",QHT,Trường Đại Học Khoa Học Tự Nhiên Hà Nội,22ngành
A01,"Toán, Vật lí, Tiếng Anh",QHE,Trường Đại Học Kinh Tế - ĐHQG Hà Nội,8ngành
A01,"Toán, Vật lí, Tiếng Anh",DTS,Đại Học Sư Phạm Thái Nguyên,3ngành
A01,"Toán, Vật lí, Tiếng Anh",TCT,Đại Học Cần Thơ,77ngành
A01,"Toán, Vật lí, Tiếng Anh",DKS,Trường Đại học Kiểm Sát,8ngành
A01,"Toán, Vật lí, Tiếng Anh",QHL,Trường Đại học Luật – ĐHQG Hà Nội,3ngành
A01,"Toán, Vật lí, Tiếng Anh",DHS,Trường Đại Học Sư Phạm Huế,4ngành
A01,"Toán, Vật lí, Tiếng Anh",SGD,Trường Đại Học Sài Gòn,22ngành
A01,"Toán, Vật lí, Tiếng Anh",NQH,Học Viện Khoa Học Quân Sự - Hệ Quân sự,2ngành
A01,"Toán, Vật lí, Tiếng Anh",NTS,Trường Đại học Ngoại thương (Cơ sở II),6ngành
A01,"Toán, Vật lí, Tiếng Anh",HTA,Học viện Tòa án,4ngành
A01,"Toán, Vật lí, Tiếng Anh",DDS,Trường Đại Học Sư Phạm - Đại Học Đà Nẵng,6ngành
A01,"Toán, Vật lí, Tiếng Anh",SP2,Trường Đại Học Sư Phạm Hà Nội 2,10ngành
A01,"Toán, Vật lí, Tiếng Anh",QHS,Trường Đại Học Giáo Dục - ĐHQG Hà Nội,4ngành
A01,"Toán, Vật lí, Tiếng Anh",HEH,Học Viện Hậu Cần - Hệ Quân sự,2ngành
A01,"Toán, Vật lí, Tiếng Anh",LPS,Trường Đại Học Luật TPHCM,9ngành
A01,"Toán, Vật lí, Tiếng Anh",DDK,Trường Đại Học Bách Khoa Đà Nẵng,49ngành
A01,"Toán, Vật lí, Tiếng Anh",DMS,Trường Đại Học Tài Chính Marketing,21ngành
A01,"Toán, Vật lí, Tiếng Anh",GSA,Trường Đại Học Giao Thông Vận Tải (Cơ sở 2),28ngành
A01,"Toán, Vật lí, Tiếng Anh",LBH,Trường Sĩ Quan Lục Quân 2 - Đại học Nguyễn Huệ,4ngành
A01,"Toán, Vật lí, Tiếng Anh",BVS,Học Viện Công Nghệ Bưu Chính Viễn Thông (Cơ sở TP.HCM),18ngành
A01,"Toán, Vật lí, Tiếng Anh",DTY,Trường Đại Học Y Dược Thái Nguyên,4ngành
A01,"Toán, Vật lí, Tiếng Anh",DDY,Trường Y Dược Đà Nẵng,1ngành
A01,"Toán, Vật lí, Tiếng Anh",KTS,Trường Đại Học Kiến Trúc TPHCM,7ngành
A01,"Toán, Vật lí, Tiếng Anh",THV,Trường Đại Học Hùng Vương,3ngành
A01,"Toán, Vật lí, Tiếng Anh",THP,Trường Đại Học Hải Phòng,28ngành
A01,"Toán, Vật lí, Tiếng Anh",HCP,Học Viện Chính Sách và Phát Triển,24ngành
A01,"Toán, Vật lí, Tiếng Anh",MHN,Trường Đại Học Mở Hà Nội,11ngành
A01,"Toán, Vật lí, Tiếng Anh",LDA,Trường Đại Học Công Đoàn,20ngành
A01,"Toán, Vật lí, Tiếng Anh",HHA,Trường Đại Học Hàng Hải Việt Nam,53ngành
A01,"Toán, Vật lí, Tiếng Anh",TDV,Trường Đại Học Vinh,16ngành
A01,"Toán, Vật lí, Tiếng Anh",HCH,Học Viện Hành Chính và Quản trị công,12ngành
A01,"Toán, Vật lí, Tiếng Anh",SPD,Trường Đại Học Đồng Tháp,22ngành
A01,"Toán, Vật lí, Tiếng Anh",QHK,Trường Khoa học liên ngành và Nghệ thuật Hà Nội,6ngành
A01,"Toán, Vật lí, Tiếng Anh",TTN,Trường Đại Học Tây Nguyên,13ngành
A01,"Toán, Vật lí, Tiếng Anh",DQN,Trường Đại Học Quy Nhơn,26ngành
A01,"Toán, Vật lí, Tiếng Anh",DDQ,Trường Đại Học Kinh Tế – Đại Học Đà Nẵng,19ngành
A01,"Toán, Vật lí, Tiếng Anh",HLU,Trường Đại Học Hạ Long,16ngành
A01,"Toán, Vật lí, Tiếng Anh",DKT,Trường Đại Học Hải Dương,20ngành
A01,"Toán, Vật lí, Tiếng Anh",DQB,Trường Đại Học Quảng Bình,9ngành
A01,"Toán, Vật lí, Tiếng Anh",DPQ,Trường Đại Học Phạm Văn Đồng,6ngành
A01,"Toán, Vật lí, Tiếng Anh",HHT,Trường Đại Học Hà Tĩnh,5ngành
A01,"Toán, Vật lí, Tiếng Anh",DMT,Trường Đại học Tài Nguyên và Môi Trường Hà Nội,19ngành
A01,"Toán, Vật lí, Tiếng Anh",NHS,Trường Đại Học Ngân Hàng TPHCM,33ngành
A01,"Toán, Vật lí, Tiếng Anh",DLX,Trường Đại Học Lao Động – Xã Hội,24ngành
A01,"Toán, Vật lí, Tiếng Anh",DBL,Trường Đại Học Bạc Liêu,5ngành
A01,"Toán, Vật lí, Tiếng Anh",DQU,Trường Đại Học Quảng Nam,7ngành
A01,"Toán, Vật lí, Tiếng Anh",DLS,Trường Đại Học Lao Động – Xã Hội (Cơ sở II),12ngành
A01,"Toán, Vật lí, Tiếng Anh",DPY,Trường Đại Học Phú Yên,3ngành
A01,"Toán, Vật lí, Tiếng Anh",DDP,Phân Hiệu Đại Học Đà Nẵng tại Kon Tum,2ngành
A01,"Toán, Vật lí, Tiếng Anh",KCC,Trường Đại học Kỹ Thuật Công Nghệ Cần Thơ,17ngành
A01,"Toán, Vật lí, Tiếng Anh",QHQ,Trường Quốc Tế  - ĐHQG Hà Nội,15ngành
A01,"Toán, Vật lí, Tiếng Anh",KCN,Trường Đại Học Khoa Học Và Công Nghệ Hà Nội,13ngành
A01,"Toán, Vật lí, Tiếng Anh",DCV,Trường Đại học Công nghiệp Vinh,1ngành
A01,"Toán, Vật lí, Tiếng Anh",DVT,Đại Học Trà Vinh,16ngành
A01,"Toán, Vật lí, Tiếng Anh",NLS,Trường Đại Học Nông Lâm TPHCM,40ngành
A01,"Toán, Vật lí, Tiếng Anh",HVC,Học viện cán bộ TPHCM,5ngành
A01,"Toán, Vật lí, Tiếng Anh",XDA,Trường Đại Học Xây Dựng Hà Nội,37ngành
A01,"Toán, Vật lí, Tiếng Anh",SKH,Trường Đại Học Sư Phạm Kỹ Thuật Hưng Yên,5ngành
A01,"Toán, Vật lí, Tiếng Anh",MBS,Trường Đại Học Mở TPHCM,48ngành
A01,"Toán, Vật lí, Tiếng Anh",FBU,Trường Đại Học Tài Chính Ngân Hàng Hà Nội,11ngành
A01,"Toán, Vật lí, Tiếng Anh",GTA,Trường Đại học Công nghệ Giao thông vận tải,74ngành
A01,"Toán, Vật lí, Tiếng Anh",MDA,Trường Đại Học Mỏ Địa Chất,28ngành
A01,"Toán, Vật lí, Tiếng Anh",DDL,Trường Đại Học Điện Lực,32ngành
A01,"Toán, Vật lí, Tiếng Anh",DPD,Trường Đại Học Phương Đông,16ngành
A01,"Toán, Vật lí, Tiếng Anh",VLU,Trường Đại học Công nghệ kỹ thuật Vĩnh Long,37ngành
A01,"Toán, Vật lí, Tiếng Anh",KTD,Trường Đại Học Kiến Trúc Đà Nẵng,15ngành
A01,"Toán, Vật lí, Tiếng Anh",DQK,Trường Đại Học Kinh Doanh và Công Nghệ Hà Nội,12ngành
A01,"Toán, Vật lí, Tiếng Anh",DTK,Trường Đại Học Kỹ Thuật Công Nghiệp Thái Nguyên,20ngành
A01,"Toán, Vật lí, Tiếng Anh",UKH,Trường Đại học Khánh Hòa,7ngành
A01,"Toán, Vật lí, Tiếng Anh",NHB,Học Viện Ngân Hàng (Phân Viện Bắc Ninh),4ngành
A01,"Toán, Vật lí, Tiếng Anh",DHI,Khoa Quốc tế - Đại học Huế,1ngành
A01,"Toán, Vật lí, Tiếng Anh",CMC,Trường Đại Học CMC,18ngành
A01,"Toán, Vật lí, Tiếng Anh",NTT,Trường Đại Học Nguyễn Tất Thành,30ngành
A01,"Toán, Vật lí, Tiếng Anh",DHK,Trường Đại Học Kinh Tế - Đại Học Huế,22ngành
A01,"Toán, Vật lí, Tiếng Anh",DHD,Trường Du Lịch - Đại Học Huế,2ngành
A01,"Toán, Vật lí, Tiếng Anh",KGH,Trường Sĩ Quan Không Quân - Hệ Đại học,3ngành
A01,"Toán, Vật lí, Tiếng Anh",DTC,Trường Đại học Công Nghệ Thông Tin và Truyền Thông Thái Nguyên,29ngành
A01,"Toán, Vật lí, Tiếng Anh",HGH,Trường Sĩ Quan Phòng Hóa,2ngành
A01,"Toán, Vật lí, Tiếng Anh",TGH,Trường Sĩ Quan Tăng - Thiết Giáp,2ngành
A01,"Toán, Vật lí, Tiếng Anh",HVQ,Học Viện Quản Lý Giáo Dục,4ngành
A01,"Toán, Vật lí, Tiếng Anh",DDT,Đại Học Duy Tân,60ngành
A01,"Toán, Vật lí, Tiếng Anh",DNC,Trường Đại học Nam Cần Thơ,25ngành
A01,"Toán, Vật lí, Tiếng Anh",HIU,Trường Đại Học Quốc Tế Hồng Bàng,41ngành
A01,"Toán, Vật lí, Tiếng Anh",TTU,Trường Đại học Tân Tạo,16ngành
A01,"Toán, Vật lí, Tiếng Anh",DCL,Trường Đại Học Cửu Long,41ngành
A01,"Toán, Vật lí, Tiếng Anh",DVL,Trường Đại Học Văn Lang,37ngành
A01,"Toán, Vật lí, Tiếng Anh",DPC,Trường Đại Học Phan Châu Trinh,5ngành
A01,"Toán, Vật lí, Tiếng Anh",UKB,Trường Đại Học Kinh Bắc,8ngành
A01,"Toán, Vật lí, Tiếng Anh",ETU,Trường Đại Học Hòa Bình,10ngành
A01,"Toán, Vật lí, Tiếng Anh",DDN,Trường Đại Học Đại Nam,62ngành
A01,"Toán, Vật lí, Tiếng Anh",DAD,Trường Đại Học Đông Á,61ngành
A01,"Toán, Vật lí, Tiếng Anh",SNH,Trường Sĩ Quan Công Binh - Hệ Quân sự - Đại học Ngô Quyền,2ngành
A01,"Toán, Vật lí, Tiếng Anh",DCH,Trường Sĩ Quan Đặc Công,2ngành
A01,"Toán, Vật lí, Tiếng Anh",HCB,Học viện Kỹ thuật và Công nghệ an ninh (Phía Bắc),8ngành
A01,"Toán, Vật lí, Tiếng Anh",HCN,Học viện Kỹ thuật và Công nghệ an ninh (Phía Nam),8ngành
A01,"Toán, Vật lí, Tiếng Anh",PBH,Trường Sĩ Quan Pháo Binh,2ngành
A01,"Toán, Vật lí, Tiếng Anh",KSV,Đại học Kinh Tế TPHCM - Phân hiệu Vĩnh Long,14ngành
A01,"Toán, Vật lí, Tiếng Anh",QHD,Trường Quản Trị và Kinh Doanh - ĐHQG Hà Nội,6ngành
A01,"Toán, Vật lí, Tiếng Anh",VGU,Trường Đại Học Việt Đức,13ngành
A01,"Toán, Vật lí, Tiếng Anh",TLS,Trường Đại Học Thủy Lợi (Cơ sở 2),18ngành
A01,"Toán, Vật lí, Tiếng Anh",SDU,Trường Đại học Sao Đỏ,17ngành
A01,"Toán, Vật lí, Tiếng Anh",PCS,Trường Đại Học Phòng Cháy Chữa Cháy (phía Nam),2ngành
A01,"Toán, Vật lí, Tiếng Anh",PCH,Học viện Phòng cháy chữa cháy và Cứu nạn cứu hộ,2ngành
A01,"Toán, Vật lí, Tiếng Anh",NLN,Phân hiệu Đại học Nông Lâm TPHCM tại Ninh Thuận,5ngành
A01,"Toán, Vật lí, Tiếng Anh",DTD,Trường Đại Học Tây Đô,16ngành
A01,"Toán, Vật lí, Tiếng Anh",DKC,Trường Đại học Công Nghệ TPHCM,53ngành
A01,"Toán, Vật lí, Tiếng Anh",DDU,Trường Đại Học Đông Đô,9ngành
A01,"Toán, Vật lí, Tiếng Anh",DDB,Trường Đại Học Thành Đông,15ngành
A01,"Toán, Vật lí, Tiếng Anh",DYD,Trường Đại Học Yersin Đà Lạt,7ngành
A01,"Toán, Vật lí, Tiếng Anh",TDD,Trường Đại học Thành Đô,10ngành
A01,"Toán, Vật lí, Tiếng Anh",DBD,Trường Đại Học Bình Dương,9ngành
A01,"Toán, Vật lí, Tiếng Anh",DTV,Trường Đại Học Lương Thế Vinh,11ngành
A01,"Toán, Vật lí, Tiếng Anh",VJU,Trường Đại học Việt Nhật - ĐHQG Hà Nội,7ngành
A01,"Toán, Vật lí, Tiếng Anh",BVU,Trường Đại Học Bà Rịa – Vũng Tàu,58ngành
A01,"Toán, Vật lí, Tiếng Anh",MIT,Trường Đại học Công nghệ Miền Đông,39ngành
A01,"Toán, Vật lí, Tiếng Anh",DKB,Trường Đại Học Kinh Tế Kỹ Thuật Bình Dương,11ngành
A01,"Toán, Vật lí, Tiếng Anh",DFA,Trường Đại học Tài chính Quản trị kinh doanh,7ngành
A01,"Toán, Vật lí, Tiếng Anh",TTG,Trường Đại Học Tiền Giang,19ngành
A01,"Toán, Vật lí, Tiếng Anh",DTE,Trường Đại học Kinh tế và Quản trị kinh doanh Thái Nguyên,19ngành
A01,"Toán, Vật lí, Tiếng Anh",PVU,Trường Đại Học Dầu Khí Việt Nam,3ngành
A01,"Toán, Vật lí, Tiếng Anh",DNT,Trường Đại Học Ngoại Ngữ Tin Học TPHCM,14ngành
A01,"Toán, Vật lí, Tiếng Anh",CEA,Trường Đại học Nghệ An,16ngành
A01,"Toán, Vật lí, Tiếng Anh",LNH,Trường Đại Học Lâm nghiệp,18ngành
A01,"Toán, Vật lí, Tiếng Anh",DVH,Trường Đại Học Văn Hiến,29ngành
A01,"Toán, Vật lí, Tiếng Anh",DQT,Trường Đại Học Quang Trung,9ngành
A01,"Toán, Vật lí, Tiếng Anh",HSU,Trường Đại Học Hoa Sen,33ngành
A01,"Toán, Vật lí, Tiếng Anh",DPT,Trường Đại Học Phan Thiết,8ngành
A01,"Toán, Vật lí, Tiếng Anh",DVP,Trường Đại Học Trưng Vương,13ngành
A01,"Toán, Vật lí, Tiếng Anh",YDD,Trường Đại Học Điều Dưỡng Nam Định,3ngành
A01,"Toán, Vật lí, Tiếng Anh",THU,Trường Đại học Y khoa Tokyo Việt Nam,4ngành
A01,"Toán, Vật lí, Tiếng Anh",DCD,Trường Đại Học Công Nghệ Đồng Nai,14ngành
A01,"Toán, Vật lí, Tiếng Anh",EIU,Trường Đại Học Quốc Tế Miền Đông,10ngành
A01,"Toán, Vật lí, Tiếng Anh",DDV,Viện nghiên cứu và đào tạo Việt Anh - Đại học Đà Nẵng,6ngành
A01,"Toán, Vật lí, Tiếng Anh",DHE,Khoa Kỹ thuật và Công nghệ - Đại học Huế,8ngành
A01,"Toán, Vật lí, Tiếng Anh",DTB,Trường Đại Học Thái Bình,6ngành
A01,"Toán, Vật lí, Tiếng Anh",DHT,Trường Đại Học Khoa Học Huế,5ngành
A01,"Toán, Vật lí, Tiếng Anh",DTZ,Trường Đại Học Khoa Học Thái Nguyên,10ngành
A01,"Toán, Vật lí, Tiếng Anh",HDT,Trường Đại Học Hồng Đức,5ngành
A01,"Toán, Vật lí, Tiếng Anh",DNU,Trường Đại Học Đồng Nai,10ngành
A01,"Toán, Vật lí, Tiếng Anh",LNS,Phân hiệu Đại Học Lâm nghiệp tại Đồng Nai,2ngành
A01,"Toán, Vật lí, Tiếng Anh",NTU,Trường Đại Học Nguyễn Trãi,4ngành
A01,"Toán, Vật lí, Tiếng Anh",CCM,Trường Đại học Công nghiệp và Thương mại Hà Nội,9ngành
A01,"Toán, Vật lí, Tiếng Anh",VUI,Trường Đại Học Công Nghiệp Việt Trì,11ngành
A01,"Toán, Vật lí, Tiếng Anh",DHL,Trường Đại Học Nông Lâm Huế,6ngành
A01,"Toán, Vật lí, Tiếng Anh",DTQ,Khoa Quốc Tế - Đại Học Thái Nguyên,6ngành
A01,"Toán, Vật lí, Tiếng Anh",SIU,Trường Đại học Quốc Tế Sài Gòn,12ngành
A01,"Toán, Vật lí, Tiếng Anh",DCA,Trường Đại học Intracom,11ngành
A01,"Toán, Vật lí, Tiếng Anh",DLA,Trường Đại Học Kinh Tế Công Nghiệp Long An,2ngành
A01,"Toán, Vật lí, Tiếng Anh",SKN,Trường Đại Học Sư Phạm Kỹ Thuật Nam Định,16ngành
A01,"Toán, Vật lí, Tiếng Anh",UMT,Trường Đại học Quản lý và công nghệ TPHCM,10ngành
A01,"Toán, Vật lí, Tiếng Anh",DCQ,Trường Đại Học Công Nghệ và Quản Lý Hữu Nghị,3ngành
A01,"Toán, Vật lí, Tiếng Anh",DHQ,Phân Hiệu Đại Học Huế tại Quảng Trị,4ngành
A01,"Toán, Vật lí, Tiếng Anh",TBD,Trường Đại Học Thái Bình Dương,11ngành
A01,"Toán, Vật lí, Tiếng Anh",DHV,Trường Đại học Hùng Vương TPHCM,16ngành
A01,"Toán, Vật lí, Tiếng Anh",DVB,Trường Đại Học Kinh tế công nghệ Thái Nguyên,19ngành
A01,"Toán, Vật lí, Tiếng Anh",DPX,Trường Đại Học Phú Xuân,8ngành
A01,"Toán, Vật lí, Tiếng Anh",HPU,Trường Đại học Quản lý và Công nghệ Hải Phòng,2ngành
A01,"Toán, Vật lí, Tiếng Anh",MTU,Trường Đại Học Xây Dựng Miền Tây,8ngành
A01,"Toán, Vật lí, Tiếng Anh",VHD,Trường Đại Học Công Nghiệp Việt - Hung,13ngành
A01,"Toán, Vật lí, Tiếng Anh",LNA,Phân hiệu Đại học Lâm nghiệp tỉnh Gia Lai,2ngành
A01,"Toán, Vật lí, Tiếng Anh",NHP,Học Viện Ngân Hàng (Phân Viện Phú Yên),5ngành
A01,"Toán, Vật lí, Tiếng Anh",UFA,Trường Đại học Tài Chính Kế Toán,6ngành
A01,"Toán, Vật lí, Tiếng Anh",GDU,Trường Đại Học Gia Định,19ngành
A01,"Toán, Vật lí, Tiếng Anh",DDM,Trường Đại Học Công Nghiệp Quảng Ninh,12ngành
A01,"Toán, Vật lí, Tiếng Anh",XDT,Trường Đại Học Xây Dựng Miền Trung,30ngành
A01,"Toán, Vật lí, Tiếng Anh",DSG,Trường Đại Học Công Nghệ Sài Gòn,23ngành
A01,"Toán, Vật lí, Tiếng Anh",XDN,Phân hiệu Đại học Xây dựng miền Trung tại Đà Nẵng,12ngành
A01,"Toán, Vật lí, Tiếng Anh",DBG,Trường Đại học Nông Lâm Bắc Giang,18ngành
A01,"Toán, Vật lí, Tiếng Anh",TTB,Trường Đại Học Tây Bắc,14ngành
A01,"Toán, Vật lí, Tiếng Anh",TDL,Trường Đại Học Đà Lạt,14ngành
A01,"Toán, Vật lí, Tiếng Anh",DTP,Phân Hiệu Đại Học Thái Nguyên Tại Lào Cai,3ngành
A01,"Toán, Vật lí, Tiếng Anh",TQU,Trường Đại học Tân Trào,5ngành
A01,"Toán, Vật lí, Tiếng Anh",TKG,Trường Đại học Kiên Giang,17ngành
A01,"Toán, Vật lí, Tiếng Anh",DVD,"Trường Đại Học Văn Hóa, Thể Thao Và Du Lịch Thanh Hóa",1ngành
A01,"Toán, Vật lí, Tiếng Anh",DNB,Trường Đại Học Hoa Lư,5ngành
A01,"Toán, Vật lí, Tiếng Anh",VPH,Trường Sĩ Quan Kĩ Thuật Quân Sự -  Hệ Quân sự - Đại Học Trần Đại Nghĩa,2ngành
A01,"Toán, Vật lí, Tiếng Anh",DDA,Trường Đại Học Công Nghệ Đông Á,18ngành
A01,"Toán, Vật lí, Tiếng Anh",BMU,Trường Đại học Y Dược Buôn Ma Thuột,7ngành
A01,"Toán, Vật lí, Tiếng Anh",DQH,Học Viện Kỹ Thuật Quân Sự - Hệ Dân sự,12ngành
A01,"Toán, Vật lí, Tiếng Anh",TCU,Trường Sĩ Quan Thông Tin - Hệ Dân Sự - Đại Học Thông Tin Liên Lạc,2ngành
A01,"Toán, Vật lí, Tiếng Anh",HFH,Học Viện Hậu Cần - Hệ Dân sự,3ngành
D07,"Toán, Hóa học, Tiếng Anh",KHA,Đại Học Kinh Tế Quốc Dân,104ngành
D07,"Toán, Hóa học, Tiếng Anh",BKA,Đại Học Bách Khoa Hà Nội,19ngành
D07,"Toán, Hóa học, Tiếng Anh",HTC,Học Viện Tài chính,50ngành
D07,"Toán, Hóa học, Tiếng Anh",NHH,Học Viện Ngân Hàng,42ngành
D07,"Toán, Hóa học, Tiếng Anh",NTH,Trường Đại học Ngoại thương,36ngành
D07,"Toán, Hóa học, Tiếng Anh",YHB,Trường Đại Học Y Hà Nội,8ngành
D07,"Toán, Hóa học, Tiếng Anh",SPH,Trường Đại Học Sư Phạm Hà Nội,3ngành
D07,"Toán, Hóa học, Tiếng Anh",TMU,Trường Đại Học Thương Mại,50ngành
D07,"Toán, Hóa học, Tiếng Anh",SPS,Trường Đại Học Sư Phạm TPHCM,5ngành
D07,"Toán, Hóa học, Tiếng Anh",YDS,Đại Học Y Dược TPHCM,11ngành
D07,"Toán, Hóa học, Tiếng Anh",HNM,Trường Đại học Thủ Đô Hà Nội,5ngành
D07,"Toán, Hóa học, Tiếng Anh",GHA,Trường Đại Học Giao Thông Vận Tải,11ngành
D07,"Toán, Hóa học, Tiếng Anh",YTB,Trường Đại Học Y Dược Thái Bình,6ngành
D07,"Toán, Hóa học, Tiếng Anh",DCN,Đại Học Công Nghiệp Hà Nội,5ngành
D07,"Toán, Hóa học, Tiếng Anh",YPB,Trường Đại Học Y Dược Hải Phòng,7ngành
D07,"Toán, Hóa học, Tiếng Anh",HPN,Học Viện Phụ Nữ Việt Nam,3ngành
D07,"Toán, Hóa học, Tiếng Anh",DKH,Trường Đại Học Dược Hà Nội,1ngành
D07,"Toán, Hóa học, Tiếng Anh",ANH,Học Viện An Ninh Nhân Dân,1ngành
D07,"Toán, Hóa học, Tiếng Anh",DKY,Trường Đại Học Kỹ Thuật Y Tế Hải Dương,5ngành
D07,"Toán, Hóa học, Tiếng Anh",HYD,Học Viện Y Dược Học Cổ Truyền Việt Nam,1ngành
D07,"Toán, Hóa học, Tiếng Anh",DKK,Trường Đại Học Kinh Tế Kỹ Thuật Công Nghiệp,45ngành
D07,"Toán, Hóa học, Tiếng Anh",DCT,Trường Đại Học Công Thương TPHCM,16ngành
D07,"Toán, Hóa học, Tiếng Anh",HHK,Học Viện Hàng không Việt Nam,33ngành
D07,"Toán, Hóa học, Tiếng Anh",PKA,Đại Học Phenikaa,65ngành
D07,"Toán, Hóa học, Tiếng Anh",YTC,Trường Đại Học Y Tế Công Cộng,2ngành
D07,"Toán, Hóa học, Tiếng Anh",HQT,Học Viện Ngoại Giao,11ngành
D07,"Toán, Hóa học, Tiếng Anh",YCT,Trường Đại Học Y Dược Cần Thơ,7ngành
D07,"Toán, Hóa học, Tiếng Anh",TDM,Trường Đại học Thủ Dầu Một,23ngành
D07,"Toán, Hóa học, Tiếng Anh",TYS,Trường Đại Học Y Khoa Phạm Ngọc Thạch,2ngành
D07,"Toán, Hóa học, Tiếng Anh",DTL,Trường Đại Học Thăng Long,14ngành
D07,"Toán, Hóa học, Tiếng Anh",TLA,Trường Đại Học Thủy Lợi,42ngành
D07,"Toán, Hóa học, Tiếng Anh",DTT,Trường Đại Học Tôn Đức Thắng,91ngành
D07,"Toán, Hóa học, Tiếng Anh",HVN,Học Viện Nông Nghiệp Việt Nam,5ngành
D07,"Toán, Hóa học, Tiếng Anh",QHF,Trường Đại Học Ngoại Ngữ - ĐH Quốc gia Hà Nội,16ngành
D07,"Toán, Hóa học, Tiếng Anh",QHT,Trường Đại Học Khoa Học Tự Nhiên Hà Nội,22ngành
D07,"Toán, Hóa học, Tiếng Anh",TCT,Đại Học Cần Thơ,34ngành
D07,"Toán, Hóa học, Tiếng Anh",DKS,Trường Đại học Kiểm Sát,8ngành
D07,"Toán, Hóa học, Tiếng Anh",DHS,Trường Đại Học Sư Phạm Huế,2ngành
D07,"Toán, Hóa học, Tiếng Anh",SGD,Trường Đại Học Sài Gòn,22ngành
D07,"Toán, Hóa học, Tiếng Anh",NTS,Trường Đại học Ngoại thương (Cơ sở II),6ngành
D07,"Toán, Hóa học, Tiếng Anh",DDS,Trường Đại Học Sư Phạm - Đại Học Đà Nẵng,4ngành
D07,"Toán, Hóa học, Tiếng Anh",SP2,Trường Đại Học Sư Phạm Hà Nội 2,4ngành
D07,"Toán, Hóa học, Tiếng Anh",QHS,Trường Đại Học Giáo Dục - ĐHQG Hà Nội,1ngành
D07,"Toán, Hóa học, Tiếng Anh",YQH,Học Viện Quân Y - Hệ Quân sự,8ngành
D07,"Toán, Hóa học, Tiếng Anh",LPS,Trường Đại Học Luật TPHCM,9ngành
D07,"Toán, Hóa học, Tiếng Anh",QHY,Trường Đại học Y Dược - ĐHQG Hà Nội,1ngành
D07,"Toán, Hóa học, Tiếng Anh",DDK,Trường Đại Học Bách Khoa Đà Nẵng,21ngành
D07,"Toán, Hóa học, Tiếng Anh",DMS,Trường Đại Học Tài Chính Marketing,21ngành
D07,"Toán, Hóa học, Tiếng Anh",YKV,Trường Đại Học Y Khoa Vinh,4ngành
D07,"Toán, Hóa học, Tiếng Anh",YDN,Trường Đại học Kỹ thuật Y Dược Đà Nẵng,9ngành
D07,"Toán, Hóa học, Tiếng Anh",DTY,Trường Đại Học Y Dược Thái Nguyên,9ngành
D07,"Toán, Hóa học, Tiếng Anh",DHY,Trường Đại Học Y Dược Huế,11ngành
D07,"Toán, Hóa học, Tiếng Anh",DDY,Trường Y Dược Đà Nẵng,4ngành
D07,"Toán, Hóa học, Tiếng Anh",KTS,Trường Đại Học Kiến Trúc TPHCM,2ngành
D07,"Toán, Hóa học, Tiếng Anh",THP,Trường Đại Học Hải Phòng,5ngành
D07,"Toán, Hóa học, Tiếng Anh",HCP,Học Viện Chính Sách và Phát Triển,22ngành
D07,"Toán, Hóa học, Tiếng Anh",MHN,Trường Đại Học Mở Hà Nội,2ngành
D07,"Toán, Hóa học, Tiếng Anh",LDA,Trường Đại Học Công Đoàn,12ngành
D07,"Toán, Hóa học, Tiếng Anh",SPD,Trường Đại Học Đồng Tháp,9ngành
D07,"Toán, Hóa học, Tiếng Anh",TTN,Trường Đại Học Tây Nguyên,10ngành
D07,"Toán, Hóa học, Tiếng Anh",DQN,Trường Đại Học Quy Nhơn,19ngành
D07,"Toán, Hóa học, Tiếng Anh",DDQ,Trường Đại Học Kinh Tế – Đại Học Đà Nẵng,19ngành
D07,"Toán, Hóa học, Tiếng Anh",HLU,Trường Đại Học Hạ Long,6ngành
D07,"Toán, Hóa học, Tiếng Anh",DKT,Trường Đại Học Hải Dương,6ngành
D07,"Toán, Hóa học, Tiếng Anh",DQB,Trường Đại Học Quảng Bình,2ngành
D07,"Toán, Hóa học, Tiếng Anh",DPQ,Trường Đại Học Phạm Văn Đồng,2ngành
D07,"Toán, Hóa học, Tiếng Anh",HHT,Trường Đại Học Hà Tĩnh,3ngành
D07,"Toán, Hóa học, Tiếng Anh",DMT,Trường Đại học Tài Nguyên và Môi Trường Hà Nội,3ngành
D07,"Toán, Hóa học, Tiếng Anh",NHS,Trường Đại Học Ngân Hàng TPHCM,33ngành
D07,"Toán, Hóa học, Tiếng Anh",DLX,Trường Đại Học Lao Động – Xã Hội,1ngành
D07,"Toán, Hóa học, Tiếng Anh",DBL,Trường Đại Học Bạc Liêu,1ngành
D07,"Toán, Hóa học, Tiếng Anh",DQU,Trường Đại Học Quảng Nam,1ngành
D07,"Toán, Hóa học, Tiếng Anh",DLS,Trường Đại Học Lao Động – Xã Hội (Cơ sở II),1ngành
D07,"Toán, Hóa học, Tiếng Anh",DPY,Trường Đại Học Phú Yên,1ngành
D07,"Toán, Hóa học, Tiếng Anh",DDP,Phân Hiệu Đại Học Đà Nẵng tại Kon Tum,2ngành
D07,"Toán, Hóa học, Tiếng Anh",KCC,Trường Đại học Kỹ Thuật Công Nghệ Cần Thơ,4ngành
D07,"Toán, Hóa học, Tiếng Anh",QHQ,Trường Quốc Tế  - ĐHQG Hà Nội,9ngành
D07,"Toán, Hóa học, Tiếng Anh",KCN,Trường Đại Học Khoa Học Và Công Nghệ Hà Nội,9ngành
D07,"Toán, Hóa học, Tiếng Anh",DCV,Trường Đại học Công nghiệp Vinh,1ngành
D07,"Toán, Hóa học, Tiếng Anh",DVT,Đại Học Trà Vinh,4ngành
D07,"Toán, Hóa học, Tiếng Anh",NLS,Trường Đại Học Nông Lâm TPHCM,27ngành
D07,"Toán, Hóa học, Tiếng Anh",HVC,Học viện cán bộ TPHCM,5ngành
D07,"Toán, Hóa học, Tiếng Anh",XDA,Trường Đại Học Xây Dựng Hà Nội,23ngành
D07,"Toán, Hóa học, Tiếng Anh",SKH,Trường Đại Học Sư Phạm Kỹ Thuật Hưng Yên,5ngành
D07,"Toán, Hóa học, Tiếng Anh",MBS,Trường Đại Học Mở TPHCM,50ngành
D07,"Toán, Hóa học, Tiếng Anh",FBU,Trường Đại Học Tài Chính Ngân Hàng Hà Nội,2ngành
D07,"Toán, Hóa học, Tiếng Anh",GTA,Trường Đại học Công nghệ Giao thông vận tải,74ngành
D07,"Toán, Hóa học, Tiếng Anh",MDA,Trường Đại Học Mỏ Địa Chất,5ngành
D07,"Toán, Hóa học, Tiếng Anh",DDL,Trường Đại Học Điện Lực,32ngành
D07,"Toán, Hóa học, Tiếng Anh",VLU,Trường Đại học Công nghệ kỹ thuật Vĩnh Long,8ngành
D07,"Toán, Hóa học, Tiếng Anh",DQK,Trường Đại Học Kinh Doanh và Công Nghệ Hà Nội,3ngành
D07,"Toán, Hóa học, Tiếng Anh",DTK,Trường Đại Học Kỹ Thuật Công Nghiệp Thái Nguyên,21ngành
D07,"Toán, Hóa học, Tiếng Anh",UKH,Trường Đại học Khánh Hòa,5ngành
D07,"Toán, Hóa học, Tiếng Anh",NHB,Học Viện Ngân Hàng (Phân Viện Bắc Ninh),4ngành
D07,"Toán, Hóa học, Tiếng Anh",CMC,Trường Đại Học CMC,19ngành
D07,"Toán, Hóa học, Tiếng Anh",NTT,Trường Đại Học Nguyễn Tất Thành,23ngành
D07,"Toán, Hóa học, Tiếng Anh",DHK,Trường Đại Học Kinh Tế - Đại Học Huế,22ngành
D07,"Toán, Hóa học, Tiếng Anh",DHD,Trường Du Lịch - Đại Học Huế,2ngành
D07,"Toán, Hóa học, Tiếng Anh",DTC,Trường Đại học Công Nghệ Thông Tin và Truyền Thông Thái Nguyên,29ngành
D07,"Toán, Hóa học, Tiếng Anh",HGH,Trường Sĩ Quan Phòng Hóa,2ngành
D07,"Toán, Hóa học, Tiếng Anh",DDT,Đại Học Duy Tân,8ngành
D07,"Toán, Hóa học, Tiếng Anh",DNC,Trường Đại học Nam Cần Thơ,18ngành
D07,"Toán, Hóa học, Tiếng Anh",HIU,Trường Đại Học Quốc Tế Hồng Bàng,16ngành
D07,"Toán, Hóa học, Tiếng Anh",TTU,Trường Đại học Tân Tạo,12ngành
D07,"Toán, Hóa học, Tiếng Anh",DCL,Trường Đại Học Cửu Long,13ngành
D07,"Toán, Hóa học, Tiếng Anh",DVL,Trường Đại Học Văn Lang,15ngành
D07,"Toán, Hóa học, Tiếng Anh",DPC,Trường Đại Học Phan Châu Trinh,5ngành
D07,"Toán, Hóa học, Tiếng Anh",UKB,Trường Đại Học Kinh Bắc,3ngành
D07,"Toán, Hóa học, Tiếng Anh",ETU,Trường Đại Học Hòa Bình,4ngành
D07,"Toán, Hóa học, Tiếng Anh",DDN,Trường Đại Học Đại Nam,60ngành
D07,"Toán, Hóa học, Tiếng Anh",DAD,Trường Đại Học Đông Á,8ngành
D07,"Toán, Hóa học, Tiếng Anh",HCB,Học viện Kỹ thuật và Công nghệ an ninh (Phía Bắc),2ngành
D07,"Toán, Hóa học, Tiếng Anh",HCN,Học viện Kỹ thuật và Công nghệ an ninh (Phía Nam),2ngành
D07,"Toán, Hóa học, Tiếng Anh",KSV,Đại học Kinh Tế TPHCM - Phân hiệu Vĩnh Long,13ngành
D07,"Toán, Hóa học, Tiếng Anh",QHD,Trường Quản Trị và Kinh Doanh - ĐHQG Hà Nội,6ngành
D07,"Toán, Hóa học, Tiếng Anh",VGU,Trường Đại Học Việt Đức,12ngành
D07,"Toán, Hóa học, Tiếng Anh",TLS,Trường Đại Học Thủy Lợi (Cơ sở 2),18ngành
D07,"Toán, Hóa học, Tiếng Anh",SDU,Trường Đại học Sao Đỏ,15ngành
D07,"Toán, Hóa học, Tiếng Anh",PCS,Trường Đại Học Phòng Cháy Chữa Cháy (phía Nam),2ngành
D07,"Toán, Hóa học, Tiếng Anh",PCH,Học viện Phòng cháy chữa cháy và Cứu nạn cứu hộ,2ngành
D07,"Toán, Hóa học, Tiếng Anh",NLN,Phân hiệu Đại học Nông Lâm TPHCM tại Ninh Thuận,3ngành
D07,"Toán, Hóa học, Tiếng Anh",DTD,Trường Đại Học Tây Đô,6ngành
D07,"Toán, Hóa học, Tiếng Anh",DKC,Trường Đại học Công Nghệ TPHCM,5ngành
D07,"Toán, Hóa học, Tiếng Anh",DDU,Trường Đại Học Đông Đô,7ngành
D07,"Toán, Hóa học, Tiếng Anh",DLH,Trường Đại Học Lạc Hồng,2ngành
D07,"Toán, Hóa học, Tiếng Anh",DDB,Trường Đại Học Thành Đông,6ngành
D07,"Toán, Hóa học, Tiếng Anh",DYD,Trường Đại Học Yersin Đà Lạt,3ngành
D07,"Toán, Hóa học, Tiếng Anh",TDD,Trường Đại học Thành Đô,5ngành
D07,"Toán, Hóa học, Tiếng Anh",DBD,Trường Đại Học Bình Dương,3ngành
D07,"Toán, Hóa học, Tiếng Anh",DTV,Trường Đại Học Lương Thế Vinh,11ngành
D07,"Toán, Hóa học, Tiếng Anh",VJU,Trường Đại học Việt Nhật - ĐHQG Hà Nội,7ngành
D07,"Toán, Hóa học, Tiếng Anh",BVU,Trường Đại Học Bà Rịa – Vũng Tàu,30ngành
D07,"Toán, Hóa học, Tiếng Anh",MIT,Trường Đại học Công nghệ Miền Đông,33ngành
D07,"Toán, Hóa học, Tiếng Anh",DKB,Trường Đại Học Kinh Tế Kỹ Thuật Bình Dương,6ngành
D07,"Toán, Hóa học, Tiếng Anh",DFA,Trường Đại học Tài chính Quản trị kinh doanh,7ngành
D07,"Toán, Hóa học, Tiếng Anh",TTG,Trường Đại Học Tiền Giang,5ngành
D07,"Toán, Hóa học, Tiếng Anh",PVU,Trường Đại Học Dầu Khí Việt Nam,3ngành
D07,"Toán, Hóa học, Tiếng Anh",DNT,Trường Đại Học Ngoại Ngữ Tin Học TPHCM,11ngành
D07,"Toán, Hóa học, Tiếng Anh",CEA,Trường Đại học Nghệ An,1ngành
D07,"Toán, Hóa học, Tiếng Anh",LNH,Trường Đại Học Lâm nghiệp,2ngành
D07,"Toán, Hóa học, Tiếng Anh",DVH,Trường Đại Học Văn Hiến,1ngành
D07,"Toán, Hóa học, Tiếng Anh",DQT,Trường Đại Học Quang Trung,3ngành
D07,"Toán, Hóa học, Tiếng Anh",DPT,Trường Đại Học Phan Thiết,9ngành
D07,"Toán, Hóa học, Tiếng Anh",DVP,Trường Đại Học Trưng Vương,5ngành
D07,"Toán, Hóa học, Tiếng Anh",YDD,Trường Đại Học Điều Dưỡng Nam Định,3ngành
D07,"Toán, Hóa học, Tiếng Anh",THU,Trường Đại học Y khoa Tokyo Việt Nam,4ngành
D07,"Toán, Hóa học, Tiếng Anh",DCD,Trường Đại Học Công Nghệ Đồng Nai,2ngành
D07,"Toán, Hóa học, Tiếng Anh",EIU,Trường Đại Học Quốc Tế Miền Đông,10ngành
D07,"Toán, Hóa học, Tiếng Anh",DDV,Viện nghiên cứu và đào tạo Việt Anh - Đại học Đà Nẵng,4ngành
D07,"Toán, Hóa học, Tiếng Anh",DTB,Trường Đại Học Thái Bình,6ngành
D07,"Toán, Hóa học, Tiếng Anh",DHT,Trường Đại Học Khoa Học Huế,2ngành
D07,"Toán, Hóa học, Tiếng Anh",DTZ,Trường Đại Học Khoa Học Thái Nguyên,13ngành
D07,"Toán, Hóa học, Tiếng Anh",HDT,Trường Đại Học Hồng Đức,1ngành
D07,"Toán, Hóa học, Tiếng Anh",DNU,Trường Đại Học Đồng Nai,7ngành
D07,"Toán, Hóa học, Tiếng Anh",NTU,Trường Đại Học Nguyễn Trãi,1ngành
D07,"Toán, Hóa học, Tiếng Anh",CCM,Trường Đại học Công nghiệp và Thương mại Hà Nội,9ngành
D07,"Toán, Hóa học, Tiếng Anh",DHL,Trường Đại Học Nông Lâm Huế,1ngành
D07,"Toán, Hóa học, Tiếng Anh",DTQ,Khoa Quốc Tế - Đại Học Thái Nguyên,8ngành
D07,"Toán, Hóa học, Tiếng Anh",SIU,Trường Đại học Quốc Tế Sài Gòn,3ngành
D07,"Toán, Hóa học, Tiếng Anh",DCA,Trường Đại học Intracom,3ngành
D07,"Toán, Hóa học, Tiếng Anh",DLA,Trường Đại Học Kinh Tế Công Nghiệp Long An,1ngành
D07,"Toán, Hóa học, Tiếng Anh",SKN,Trường Đại Học Sư Phạm Kỹ Thuật Nam Định,16ngành
D07,"Toán, Hóa học, Tiếng Anh",UMT,Trường Đại học Quản lý và công nghệ TPHCM,3ngành
D07,"Toán, Hóa học, Tiếng Anh",DCQ,Trường Đại Học Công Nghệ và Quản Lý Hữu Nghị,8ngành
D07,"Toán, Hóa học, Tiếng Anh",TBD,Trường Đại Học Thái Bình Dương,10ngành
D07,"Toán, Hóa học, Tiếng Anh",DHV,Trường Đại học Hùng Vương TPHCM,2ngành
D07,"Toán, Hóa học, Tiếng Anh",DVB,Trường Đại Học Kinh tế công nghệ Thái Nguyên,22ngành
D07,"Toán, Hóa học, Tiếng Anh",DPX,Trường Đại Học Phú Xuân,2ngành
D07,"Toán, Hóa học, Tiếng Anh",HPU,Trường Đại học Quản lý và Công nghệ Hải Phòng,2ngành
D07,"Toán, Hóa học, Tiếng Anh",MTU,Trường Đại Học Xây Dựng Miền Tây,1ngành
D07,"Toán, Hóa học, Tiếng Anh",LNA,Phân hiệu Đại học Lâm nghiệp tỉnh Gia Lai,1ngành
D07,"Toán, Hóa học, Tiếng Anh",NHP,Học Viện Ngân Hàng (Phân Viện Phú Yên),5ngành
D07,"Toán, Hóa học, Tiếng Anh",GDU,Trường Đại Học Gia Định,3ngành
D07,"Toán, Hóa học, Tiếng Anh",XDT,Trường Đại Học Xây Dựng Miền Trung,30ngành
D07,"Toán, Hóa học, Tiếng Anh",DSG,Trường Đại Học Công Nghệ Sài Gòn,23ngành
D07,"Toán, Hóa học, Tiếng Anh",XDN,Phân hiệu Đại học Xây dựng miền Trung tại Đà Nẵng,12ngành
D07,"Toán, Hóa học, Tiếng Anh",DBG,Trường Đại học Nông Lâm Bắc Giang,9ngành
D07,"Toán, Hóa học, Tiếng Anh",TTB,Trường Đại Học Tây Bắc,3ngành
D07,"Toán, Hóa học, Tiếng Anh",TDL,Trường Đại Học Đà Lạt,10ngành
D07,"Toán, Hóa học, Tiếng Anh",DTP,Phân Hiệu Đại Học Thái Nguyên Tại Lào Cai,3ngành
D07,"Toán, Hóa học, Tiếng Anh",TQU,Trường Đại học Tân Trào,3ngành
D07,"Toán, Hóa học, Tiếng Anh",TKG,Trường Đại học Kiên Giang,2ngành
D07,"Toán, Hóa học, Tiếng Anh",DNB,Trường Đại Học Hoa Lư,2ngành
D07,"Toán, Hóa học, Tiếng Anh",DDA,Trường Đại Học Công Nghệ Đông Á,20ngành
D07,"Toán, Hóa học, Tiếng Anh",BMU,Trường Đại học Y Dược Buôn Ma Thuột,7ngành
D07,"Toán, Hóa học, Tiếng Anh",DYH,Học Viện Quân Y - Hệ Dân sự,2ngành
D01,"Toán, Ngữ Văn, Tiếng Anh",KHA,Đại Học Kinh Tế Quốc Dân,104ngành
D01,"Toán, Ngữ Văn, Tiếng Anh",BKA,Đại Học Bách Khoa Hà Nội,15ngành
D01,"Toán, Ngữ Văn, Tiếng Anh",HTC,Học Viện Tài chính,50ngành
D01,"Toán, Ngữ Văn, Tiếng Anh",NHH,Học Viện Ngân Hàng,45ngành
D01,"Toán, Ngữ Văn, Tiếng Anh",NTH,Trường Đại học Ngoại thương,40ngành
D01,"Toán, Ngữ Văn, Tiếng Anh",YHB,Trường Đại Học Y Hà Nội,3ngành
D01,"Toán, Ngữ Văn, Tiếng Anh",BVH,Học Viện Công Nghệ Bưu Chính Viễn Thông,22ngành
D01,"Toán, Ngữ Văn, Tiếng Anh",SPH,Trường Đại Học Sư Phạm Hà Nội,16ngành
D01,"Toán, Ngữ Văn, Tiếng Anh",TMU,Trường Đại Học Thương Mại,50ngành
D01,"Toán, Ngữ Văn, Tiếng Anh",SPS,Trường Đại Học Sư Phạm TPHCM,28ngành
D01,"Toán, Ngữ Văn, Tiếng Anh",YDS,Đại Học Y Dược TPHCM,2ngành
D01,"Toán, Ngữ Văn, Tiếng Anh",HNM,Trường Đại học Thủ Đô Hà Nội,23ngành
D01,"Toán, Ngữ Văn, Tiếng Anh",GHA,Trường Đại Học Giao Thông Vận Tải,31ngành
D01,"Toán, Ngữ Văn, Tiếng Anh",DCN,Đại Học Công Nghiệp Hà Nội,30ngành
D01,"Toán, Ngữ Văn, Tiếng Anh",HPN,Học Viện Phụ Nữ Việt Nam,19ngành
D01,"Toán, Ngữ Văn, Tiếng Anh",ANH,Học Viện An Ninh Nhân Dân,4ngành
D01,"Toán, Ngữ Văn, Tiếng Anh",DKK,Trường Đại Học Kinh Tế Kỹ Thuật Công Nghiệp,49ngành
D01,"Toán, Ngữ Văn, Tiếng Anh",DCT,Trường Đại Học Công Thương TPHCM,34ngành
D01,"Toán, Ngữ Văn, Tiếng Anh",HHK,Học Viện Hàng không Việt Nam,36ngành
D01,"Toán, Ngữ Văn, Tiếng Anh",PKA,Đại Học Phenikaa,55ngành
D01,"Toán, Ngữ Văn, Tiếng Anh",NHF,Trường Đại Học Hà Nội,29ngành
D01,"Toán, Ngữ Văn, Tiếng Anh",YTC,Trường Đại Học Y Tế Công Cộng,6ngành
D01,"Toán, Ngữ Văn, Tiếng Anh",HQT,Học Viện Ngoại Giao,11ngành
D01,"Toán, Ngữ Văn, Tiếng Anh",YCT,Trường Đại Học Y Dược Cần Thơ,2ngành
D01,"Toán, Ngữ Văn, Tiếng Anh",TDM,Trường Đại học Thủ Dầu Một,40ngành
D01,"Toán, Ngữ Văn, Tiếng Anh",TYS,Trường Đại Học Y Khoa Phạm Ngọc Thạch,2ngành
D01,"Toán, Ngữ Văn, Tiếng Anh",DTL,Trường Đại Học Thăng Long,22ngành
D01,"Toán, Ngữ Văn, Tiếng Anh",TLA,Trường Đại Học Thủy Lợi,44ngành
D01,"Toán, Ngữ Văn, Tiếng Anh",VHH,Trường Đại Học Văn Hóa Hà Nội,21ngành
D01,"Toán, Ngữ Văn, Tiếng Anh",DTT,Trường Đại Học Tôn Đức Thắng,115ngành
D01,"Toán, Ngữ Văn, Tiếng Anh",HVN,Học Viện Nông Nghiệp Việt Nam,23ngành
D01,"Toán, Ngữ Văn, Tiếng Anh",QHX,Trường Đại Học Khoa Học Xã Hội và Nhân Văn Hà Nội,29ngành
D01,"Toán, Ngữ Văn, Tiếng Anh",LPH,Trường Đại Học Luật Hà Nội,5ngành
D01,"Toán, Ngữ Văn, Tiếng Anh",QHF,Trường Đại Học Ngoại Ngữ - ĐH Quốc gia Hà Nội,16ngành
D01,"Toán, Ngữ Văn, Tiếng Anh",HBT,Học viện Báo chí và Tuyên truyền,31ngành
D01,"Toán, Ngữ Văn, Tiếng Anh",QHT,Trường Đại Học Khoa Học Tự Nhiên Hà Nội,13ngành
D01,"Toán, Ngữ Văn, Tiếng Anh",QHE,Trường Đại Học Kinh Tế - ĐHQG Hà Nội,8ngành
D01,"Toán, Ngữ Văn, Tiếng Anh",DTS,Đại Học Sư Phạm Thái Nguyên,6ngành
D01,"Toán, Ngữ Văn, Tiếng Anh",LCH,Trường Sĩ Quan Chính Trị - Đại Học Chính Trị,2ngành
D01,"Toán, Ngữ Văn, Tiếng Anh",TCT,Đại Học Cần Thơ,51ngành
D01,"Toán, Ngữ Văn, Tiếng Anh",DKS,Trường Đại học Kiểm Sát,8ngành
D01,"Toán, Ngữ Văn, Tiếng Anh",BPH,Học Viện Biên Phòng,5ngành
D01,"Toán, Ngữ Văn, Tiếng Anh",QHL,Trường Đại học Luật – ĐHQG Hà Nội,3ngành
D01,"Toán, Ngữ Văn, Tiếng Anh",DHS,Trường Đại Học Sư Phạm Huế,5ngành
D01,"Toán, Ngữ Văn, Tiếng Anh",SGD,Trường Đại Học Sài Gòn,34ngành
D01,"Toán, Ngữ Văn, Tiếng Anh",NQH,Học Viện Khoa Học Quân Sự - Hệ Quân sự,4ngành
D01,"Toán, Ngữ Văn, Tiếng Anh",NTS,Trường Đại học Ngoại thương (Cơ sở II),6ngành
D01,"Toán, Ngữ Văn, Tiếng Anh",HTA,Học viện Tòa án,4ngành
D01,"Toán, Ngữ Văn, Tiếng Anh",DDS,Trường Đại Học Sư Phạm - Đại Học Đà Nẵng,9ngành
D01,"Toán, Ngữ Văn, Tiếng Anh",SP2,Trường Đại Học Sư Phạm Hà Nội 2,12ngành
D01,"Toán, Ngữ Văn, Tiếng Anh",QHS,Trường Đại Học Giáo Dục - ĐHQG Hà Nội,6ngành
D01,"Toán, Ngữ Văn, Tiếng Anh",VHS,Trường Đại Học Văn Hóa TPHCM,12ngành
D01,"Toán, Ngữ Văn, Tiếng Anh",HTN,Học Viện Thanh Thiếu Niên Việt Nam,9ngành
D01,"Toán, Ngữ Văn, Tiếng Anh",LPS,Trường Đại Học Luật TPHCM,11ngành
D01,"Toán, Ngữ Văn, Tiếng Anh",DHF,Trường Đại Học Ngoại Ngữ Huế,13ngành
D01,"Toán, Ngữ Văn, Tiếng Anh",DMS,Trường Đại Học Tài Chính Marketing,21ngành
D01,"Toán, Ngữ Văn, Tiếng Anh",GSA,Trường Đại Học Giao Thông Vận Tải (Cơ sở 2),11ngành
D01,"Toán, Ngữ Văn, Tiếng Anh",TSN,Trường Đại Học Nha Trang,51ngành
D01,"Toán, Ngữ Văn, Tiếng Anh",BVS,Học Viện Công Nghệ Bưu Chính Viễn Thông (Cơ sở TP.HCM),7ngành
D01,"Toán, Ngữ Văn, Tiếng Anh",DTY,Trường Đại Học Y Dược Thái Nguyên,2ngành
D01,"Toán, Ngữ Văn, Tiếng Anh",DDY,Trường Y Dược Đà Nẵng,1ngành
D01,"Toán, Ngữ Văn, Tiếng Anh",KTS,Trường Đại Học Kiến Trúc TPHCM,2ngành
D01,"Toán, Ngữ Văn, Tiếng Anh",THV,Trường Đại Học Hùng Vương,20ngành
D01,"Toán, Ngữ Văn, Tiếng Anh",THP,Trường Đại Học Hải Phòng,38ngành
D01,"Toán, Ngữ Văn, Tiếng Anh",HCP,Học Viện Chính Sách và Phát Triển,25ngành
D01,"Toán, Ngữ Văn, Tiếng Anh",MHN,Trường Đại Học Mở Hà Nội,16ngành
D01,"Toán, Ngữ Văn, Tiếng Anh",LDA,Trường Đại Học Công Đoàn,25ngành
D01,"Toán, Ngữ Văn, Tiếng Anh",HHA,Trường Đại Học Hàng Hải Việt Nam,55ngành
D01,"Toán, Ngữ Văn, Tiếng Anh",KTA,Trường Đại Học Kiến Trúc Hà Nội,18ngành
D01,"Toán, Ngữ Văn, Tiếng Anh",TDV,Trường Đại Học Vinh,25ngành
D01,"Toán, Ngữ Văn, Tiếng Anh",HCH,Học Viện Hành Chính và Quản trị công,41ngành
D01,"Toán, Ngữ Văn, Tiếng Anh",SPD,Trường Đại Học Đồng Tháp,25ngành
D01,"Toán, Ngữ Văn, Tiếng Anh",QHK,Trường Khoa học liên ngành và Nghệ thuật Hà Nội,6ngành
D01,"Toán, Ngữ Văn, Tiếng Anh",TTN,Trường Đại Học Tây Nguyên,13ngành
D01,"Toán, Ngữ Văn, Tiếng Anh",DQN,Trường Đại Học Quy Nhơn,27ngành
D01,"Toán, Ngữ Văn, Tiếng Anh",GNT,Trường Đại Học Sư Phạm Nghệ Thuật Trung Ương,3ngành
D01,"Toán, Ngữ Văn, Tiếng Anh",DDQ,Trường Đại Học Kinh Tế – Đại Học Đà Nẵng,19ngành
D01,"Toán, Ngữ Văn, Tiếng Anh",DTF,Trường Ngoại Ngữ Thái Nguyên,5ngành
D01,"Toán, Ngữ Văn, Tiếng Anh",HLU,Trường Đại Học Hạ Long,23ngành
D01,"Toán, Ngữ Văn, Tiếng Anh",DKT,Trường Đại Học Hải Dương,24ngành
D01,"Toán, Ngữ Văn, Tiếng Anh",DQB,Trường Đại Học Quảng Bình,12ngành
D01,"Toán, Ngữ Văn, Tiếng Anh",DPQ,Trường Đại Học Phạm Văn Đồng,9ngành
D01,"Toán, Ngữ Văn, Tiếng Anh",HHT,Trường Đại Học Hà Tĩnh,16ngành
D01,"Toán, Ngữ Văn, Tiếng Anh",DMT,Trường Đại học Tài Nguyên và Môi Trường Hà Nội,22ngành
D01,"Toán, Ngữ Văn, Tiếng Anh",NHS,Trường Đại Học Ngân Hàng TPHCM,31ngành
D01,"Toán, Ngữ Văn, Tiếng Anh",DLX,Trường Đại Học Lao Động – Xã Hội,28ngành
D01,"Toán, Ngữ Văn, Tiếng Anh",DBL,Trường Đại Học Bạc Liêu,12ngành
D01,"Toán, Ngữ Văn, Tiếng Anh",DQU,Trường Đại Học Quảng Nam,7ngành
D01,"Toán, Ngữ Văn, Tiếng Anh",DLS,Trường Đại Học Lao Động – Xã Hội (Cơ sở II),14ngành
D01,"Toán, Ngữ Văn, Tiếng Anh",DPY,Trường Đại Học Phú Yên,4ngành
D01,"Toán, Ngữ Văn, Tiếng Anh",DDP,Phân Hiệu Đại Học Đà Nẵng tại Kon Tum,3ngành
D01,"Toán, Ngữ Văn, Tiếng Anh",KCC,Trường Đại học Kỹ Thuật Công Nghệ Cần Thơ,15ngành
D01,"Toán, Ngữ Văn, Tiếng Anh",QHQ,Trường Quốc Tế  - ĐHQG Hà Nội,15ngành
D01,"Toán, Ngữ Văn, Tiếng Anh",DCV,Trường Đại học Công nghiệp Vinh,1ngành
D01,"Toán, Ngữ Văn, Tiếng Anh",DVT,Đại Học Trà Vinh,16ngành
D01,"Toán, Ngữ Văn, Tiếng Anh",NLS,Trường Đại Học Nông Lâm TPHCM,25ngành
D01,"Toán, Ngữ Văn, Tiếng Anh",HVC,Học viện cán bộ TPHCM,5ngành
D01,"Toán, Ngữ Văn, Tiếng Anh",XDA,Trường Đại Học Xây Dựng Hà Nội,22ngành
D01,"Toán, Ngữ Văn, Tiếng Anh",SKH,Trường Đại Học Sư Phạm Kỹ Thuật Hưng Yên,28ngành
D01,"Toán, Ngữ Văn, Tiếng Anh",MBS,Trường Đại Học Mở TPHCM,63ngành
D01,"Toán, Ngữ Văn, Tiếng Anh",FBU,Trường Đại Học Tài Chính Ngân Hàng Hà Nội,12ngành
D01,"Toán, Ngữ Văn, Tiếng Anh",GTA,Trường Đại học Công nghệ Giao thông vận tải,73ngành
D01,"Toán, Ngữ Văn, Tiếng Anh",MDA,Trường Đại Học Mỏ Địa Chất,20ngành
D01,"Toán, Ngữ Văn, Tiếng Anh",DDL,Trường Đại Học Điện Lực,34ngành
D01,"Toán, Ngữ Văn, Tiếng Anh",DPD,Trường Đại Học Phương Đông,24ngành
D01,"Toán, Ngữ Văn, Tiếng Anh",VLU,Trường Đại học Công nghệ kỹ thuật Vĩnh Long,50ngành
D01,"Toán, Ngữ Văn, Tiếng Anh",KTD,Trường Đại Học Kiến Trúc Đà Nẵng,13ngành
D01,"Toán, Ngữ Văn, Tiếng Anh",DQK,Trường Đại Học Kinh Doanh và Công Nghệ Hà Nội,16ngành
D01,"Toán, Ngữ Văn, Tiếng Anh",DTK,Trường Đại Học Kỹ Thuật Công Nghiệp Thái Nguyên,21ngành
D01,"Toán, Ngữ Văn, Tiếng Anh",UKH,Trường Đại học Khánh Hòa,15ngành
D01,"Toán, Ngữ Văn, Tiếng Anh",NHB,Học Viện Ngân Hàng (Phân Viện Bắc Ninh),4ngành
D01,"Toán, Ngữ Văn, Tiếng Anh",DHI,Khoa Quốc tế - Đại học Huế,3ngành
D01,"Toán, Ngữ Văn, Tiếng Anh",CMC,Trường Đại Học CMC,18ngành
D01,"Toán, Ngữ Văn, Tiếng Anh",NTT,Trường Đại Học Nguyễn Tất Thành,40ngành
D01,"Toán, Ngữ Văn, Tiếng Anh",DHK,Trường Đại Học Kinh Tế - Đại Học Huế,22ngành
D01,"Toán, Ngữ Văn, Tiếng Anh",DHD,Trường Du Lịch - Đại Học Huế,7ngành
D01,"Toán, Ngữ Văn, Tiếng Anh",DTC,Trường Đại học Công Nghệ Thông Tin và Truyền Thông Thái Nguyên,28ngành
D01,"Toán, Ngữ Văn, Tiếng Anh",HVQ,Học Viện Quản Lý Giáo Dục,7ngành
D01,"Toán, Ngữ Văn, Tiếng Anh",DDT,Đại Học Duy Tân,68ngành
D01,"Toán, Ngữ Văn, Tiếng Anh",DNC,Trường Đại học Nam Cần Thơ,19ngành
D01,"Toán, Ngữ Văn, Tiếng Anh",HIU,Trường Đại Học Quốc Tế Hồng Bàng,37ngành
D01,"Toán, Ngữ Văn, Tiếng Anh",TTU,Trường Đại học Tân Tạo,16ngành
D01,"Toán, Ngữ Văn, Tiếng Anh",DCL,Trường Đại Học Cửu Long,32ngành
D01,"Toán, Ngữ Văn, Tiếng Anh",DVL,Trường Đại Học Văn Lang,45ngành
D01,"Toán, Ngữ Văn, Tiếng Anh",DPC,Trường Đại Học Phan Châu Trinh,2ngành
D01,"Toán, Ngữ Văn, Tiếng Anh",UKB,Trường Đại Học Kinh Bắc,5ngành
D01,"Toán, Ngữ Văn, Tiếng Anh",ETU,Trường Đại Học Hòa Bình,16ngành
D01,"Toán, Ngữ Văn, Tiếng Anh",DDN,Trường Đại Học Đại Nam,61ngành
D01,"Toán, Ngữ Văn, Tiếng Anh",DAD,Trường Đại Học Đông Á,101ngành
D01,"Toán, Ngữ Văn, Tiếng Anh",HCB,Học viện Kỹ thuật và Công nghệ an ninh (Phía Bắc),6ngành
D01,"Toán, Ngữ Văn, Tiếng Anh",HCN,Học viện Kỹ thuật và Công nghệ an ninh (Phía Nam),6ngành
D01,"Toán, Ngữ Văn, Tiếng Anh",KSV,Đại học Kinh Tế TPHCM - Phân hiệu Vĩnh Long,15ngành
D01,"Toán, Ngữ Văn, Tiếng Anh",QHD,Trường Quản Trị và Kinh Doanh - ĐHQG Hà Nội,6ngành
D01,"Toán, Ngữ Văn, Tiếng Anh",VGU,Trường Đại Học Việt Đức,8ngành
D01,"Toán, Ngữ Văn, Tiếng Anh",TLS,Trường Đại Học Thủy Lợi (Cơ sở 2),20ngành
D01,"Toán, Ngữ Văn, Tiếng Anh",SDU,Trường Đại học Sao Đỏ,21ngành
D01,"Toán, Ngữ Văn, Tiếng Anh",PCS,Trường Đại Học Phòng Cháy Chữa Cháy (phía Nam),2ngành
D01,"Toán, Ngữ Văn, Tiếng Anh",PCH,Học viện Phòng cháy chữa cháy và Cứu nạn cứu hộ,2ngành
D01,"Toán, Ngữ Văn, Tiếng Anh",NLN,Phân hiệu Đại học Nông Lâm TPHCM tại Ninh Thuận,3ngành
D01,"Toán, Ngữ Văn, Tiếng Anh",DTD,Trường Đại Học Tây Đô,22ngành
D01,"Toán, Ngữ Văn, Tiếng Anh",DKC,Trường Đại học Công Nghệ TPHCM,59ngành
D01,"Toán, Ngữ Văn, Tiếng Anh",DDU,Trường Đại Học Đông Đô,13ngành
D01,"Toán, Ngữ Văn, Tiếng Anh",DLH,Trường Đại Học Lạc Hồng,27ngành
D01,"Toán, Ngữ Văn, Tiếng Anh",DDB,Trường Đại Học Thành Đông,14ngành
D01,"Toán, Ngữ Văn, Tiếng Anh",DHA,Trường Đại học Luật Huế,2ngành
D01,"Toán, Ngữ Văn, Tiếng Anh",DYD,Trường Đại Học Yersin Đà Lạt,14ngành
D01,"Toán, Ngữ Văn, Tiếng Anh",TDD,Trường Đại học Thành Đô,12ngành
D01,"Toán, Ngữ Văn, Tiếng Anh",DBD,Trường Đại Học Bình Dương,16ngành
D01,"Toán, Ngữ Văn, Tiếng Anh",DTV,Trường Đại Học Lương Thế Vinh,11ngành
D01,"Toán, Ngữ Văn, Tiếng Anh",VJU,Trường Đại học Việt Nhật - ĐHQG Hà Nội,8ngành
D01,"Toán, Ngữ Văn, Tiếng Anh",BVU,Trường Đại Học Bà Rịa – Vũng Tàu,49ngành
D01,"Toán, Ngữ Văn, Tiếng Anh",MIT,Trường Đại học Công nghệ Miền Đông,39ngành
D01,"Toán, Ngữ Văn, Tiếng Anh",DKB,Trường Đại Học Kinh Tế Kỹ Thuật Bình Dương,20ngành
D01,"Toán, Ngữ Văn, Tiếng Anh",UEF,Trường Đại Học Kinh Tế Tài Chính TPHCM,42ngành
D01,"Toán, Ngữ Văn, Tiếng Anh",DFA,Trường Đại học Tài chính Quản trị kinh doanh,7ngành
D01,"Toán, Ngữ Văn, Tiếng Anh",TTG,Trường Đại Học Tiền Giang,20ngành
D01,"Toán, Ngữ Văn, Tiếng Anh",DTE,Trường Đại học Kinh tế và Quản trị kinh doanh Thái Nguyên,25ngành
D01,"Toán, Ngữ Văn, Tiếng Anh",DNT,Trường Đại Học Ngoại Ngữ Tin Học TPHCM,23ngành
D01,"Toán, Ngữ Văn, Tiếng Anh",SKV,Trường Đại Học Sư Phạm Kỹ Thuật Vinh,16ngành
D01,"Toán, Ngữ Văn, Tiếng Anh",CEA,Trường Đại học Nghệ An,18ngành
D01,"Toán, Ngữ Văn, Tiếng Anh",LNH,Trường Đại Học Lâm nghiệp,27ngành
D01,"Toán, Ngữ Văn, Tiếng Anh",DVH,Trường Đại Học Văn Hiến,40ngành
D01,"Toán, Ngữ Văn, Tiếng Anh",DQT,Trường Đại Học Quang Trung,11ngành
D01,"Toán, Ngữ Văn, Tiếng Anh",HSU,Trường Đại Học Hoa Sen,33ngành
D01,"Toán, Ngữ Văn, Tiếng Anh",DPT,Trường Đại Học Phan Thiết,14ngành
D01,"Toán, Ngữ Văn, Tiếng Anh",DVP,Trường Đại Học Trưng Vương,14ngành
D01,"Toán, Ngữ Văn, Tiếng Anh",YDD,Trường Đại Học Điều Dưỡng Nam Định,3ngành
D01,"Toán, Ngữ Văn, Tiếng Anh",DCD,Trường Đại Học Công Nghệ Đồng Nai,22ngành
D01,"Toán, Ngữ Văn, Tiếng Anh",EIU,Trường Đại Học Quốc Tế Miền Đông,10ngành
D01,"Toán, Ngữ Văn, Tiếng Anh",DDV,Viện nghiên cứu và đào tạo Việt Anh - Đại học Đà Nẵng,8ngành
D01,"Toán, Ngữ Văn, Tiếng Anh",DHE,Khoa Kỹ thuật và Công nghệ - Đại học Huế,8ngành
D01,"Toán, Ngữ Văn, Tiếng Anh",DTB,Trường Đại Học Thái Bình,18ngành
D01,"Toán, Ngữ Văn, Tiếng Anh",HVD,Học Viện Dân Tộc,1ngành
D01,"Toán, Ngữ Văn, Tiếng Anh",DHT,Trường Đại Học Khoa Học Huế,15ngành
D01,"Toán, Ngữ Văn, Tiếng Anh",DTZ,Trường Đại Học Khoa Học Thái Nguyên,29ngành
D01,"Toán, Ngữ Văn, Tiếng Anh",HDT,Trường Đại Học Hồng Đức,19ngành
D01,"Toán, Ngữ Văn, Tiếng Anh",DNU,Trường Đại Học Đồng Nai,9ngành
D01,"Toán, Ngữ Văn, Tiếng Anh",LNS,Phân hiệu Đại Học Lâm nghiệp tại Đồng Nai,14ngành
D01,"Toán, Ngữ Văn, Tiếng Anh",DTM,Trường Đại học Tài Nguyên và Môi Trường TPHCM,20ngành
D01,"Toán, Ngữ Văn, Tiếng Anh",NTU,Trường Đại Học Nguyễn Trãi,8ngành
D01,"Toán, Ngữ Văn, Tiếng Anh",CCM,Trường Đại học Công nghiệp và Thương mại Hà Nội,11ngành
D01,"Toán, Ngữ Văn, Tiếng Anh",VUI,Trường Đại Học Công Nghiệp Việt Trì,17ngành
D01,"Toán, Ngữ Văn, Tiếng Anh",DHL,Trường Đại Học Nông Lâm Huế,16ngành
D01,"Toán, Ngữ Văn, Tiếng Anh",DTQ,Khoa Quốc Tế - Đại Học Thái Nguyên,9ngành
D01,"Toán, Ngữ Văn, Tiếng Anh",SIU,Trường Đại học Quốc Tế Sài Gòn,12ngành
D01,"Toán, Ngữ Văn, Tiếng Anh",DCA,Trường Đại học Intracom,12ngành
D01,"Toán, Ngữ Văn, Tiếng Anh",DLA,Trường Đại Học Kinh Tế Công Nghiệp Long An,2ngành
D01,"Toán, Ngữ Văn, Tiếng Anh",SKN,Trường Đại Học Sư Phạm Kỹ Thuật Nam Định,16ngành
D01,"Toán, Ngữ Văn, Tiếng Anh",DTN,Trường Đại Học Nông Lâm Thái Nguyên,23ngành
D01,"Toán, Ngữ Văn, Tiếng Anh",UMT,Trường Đại học Quản lý và công nghệ TPHCM,10ngành
D01,"Toán, Ngữ Văn, Tiếng Anh",DCQ,Trường Đại Học Công Nghệ và Quản Lý Hữu Nghị,14ngành
D01,"Toán, Ngữ Văn, Tiếng Anh",DHQ,Phân Hiệu Đại Học Huế tại Quảng Trị,4ngành
D01,"Toán, Ngữ Văn, Tiếng Anh",TBD,Trường Đại Học Thái Bình Dương,16ngành
D01,"Toán, Ngữ Văn, Tiếng Anh",DHV,Trường Đại học Hùng Vương TPHCM,18ngành
D01,"Toán, Ngữ Văn, Tiếng Anh",DVB,Trường Đại Học Kinh tế công nghệ Thái Nguyên,22ngành
D01,"Toán, Ngữ Văn, Tiếng Anh",DPX,Trường Đại Học Phú Xuân,8ngành
D01,"Toán, Ngữ Văn, Tiếng Anh",HPU,Trường Đại học Quản lý và Công nghệ Hải Phòng,2ngành
D01,"Toán, Ngữ Văn, Tiếng Anh",MTU,Trường Đại Học Xây Dựng Miền Tây,10ngành
D01,"Toán, Ngữ Văn, Tiếng Anh",VHD,Trường Đại Học Công Nghiệp Việt - Hung,21ngành
D01,"Toán, Ngữ Văn, Tiếng Anh",LNA,Phân hiệu Đại học Lâm nghiệp tỉnh Gia Lai,4ngành
D01,"Toán, Ngữ Văn, Tiếng Anh",NHP,Học Viện Ngân Hàng (Phân Viện Phú Yên),5ngành
D01,"Toán, Ngữ Văn, Tiếng Anh",UFA,Trường Đại học Tài Chính Kế Toán,6ngành
D01,"Toán, Ngữ Văn, Tiếng Anh",GDU,Trường Đại Học Gia Định,22ngành
D01,"Toán, Ngữ Văn, Tiếng Anh",DDM,Trường Đại Học Công Nghiệp Quảng Ninh,12ngành
D01,"Toán, Ngữ Văn, Tiếng Anh",XDT,Trường Đại Học Xây Dựng Miền Trung,30ngành
D01,"Toán, Ngữ Văn, Tiếng Anh",DSG,Trường Đại Học Công Nghệ Sài Gòn,23ngành
D01,"Toán, Ngữ Văn, Tiếng Anh",XDN,Phân hiệu Đại học Xây dựng miền Trung tại Đà Nẵng,12ngành
D01,"Toán, Ngữ Văn, Tiếng Anh",DBG,Trường Đại học Nông Lâm Bắc Giang,14ngành
D01,"Toán, Ngữ Văn, Tiếng Anh",TTB,Trường Đại Học Tây Bắc,21ngành
D01,"Toán, Ngữ Văn, Tiếng Anh",TDL,Trường Đại Học Đà Lạt,17ngành
D01,"Toán, Ngữ Văn, Tiếng Anh",DTP,Phân Hiệu Đại Học Thái Nguyên Tại Lào Cai,10ngành
D01,"Toán, Ngữ Văn, Tiếng Anh",TQU,Trường Đại học Tân Trào,13ngành
D01,"Toán, Ngữ Văn, Tiếng Anh",TKG,Trường Đại học Kiên Giang,23ngành
D01,"Toán, Ngữ Văn, Tiếng Anh",DVD,"Trường Đại Học Văn Hóa, Thể Thao Và Du Lịch Thanh Hóa",9ngành
D01,"Toán, Ngữ Văn, Tiếng Anh",DTG,Phân hiệu Đại học Thái Nguyên tại Hà Giang,6ngành
D01,"Toán, Ngữ Văn, Tiếng Anh",DNB,Trường Đại Học Hoa Lư,6ngành
D01,"Toán, Ngữ Văn, Tiếng Anh",DDA,Trường Đại Học Công Nghệ Đông Á,24ngành
D01,"Toán, Ngữ Văn, Tiếng Anh",DNH,Học Viện Khoa Học Quân Sự - Hệ Dân sự,3ngành
B00,"Toán, Hóa học, Sinh học",BKA,Đại Học Bách Khoa Hà Nội,10ngành
B00,"Toán, Hóa học, Sinh học",YHB,Trường Đại Học Y Hà Nội,17ngành
B00,"Toán, Hóa học, Sinh học",SPH,Trường Đại Học Sư Phạm Hà Nội,7ngành
B00,"Toán, Hóa học, Sinh học",SPS,Trường Đại Học Sư Phạm TPHCM,6ngành
B00,"Toán, Hóa học, Sinh học",YDS,Đại Học Y Dược TPHCM,18ngành
B00,"Toán, Hóa học, Sinh học",HNM,Trường Đại học Thủ Đô Hà Nội,2ngành
B00,"Toán, Hóa học, Sinh học",GHA,Trường Đại Học Giao Thông Vận Tải,1ngành
B00,"Toán, Hóa học, Sinh học",YTB,Trường Đại Học Y Dược Thái Bình,5ngành
B00,"Toán, Hóa học, Sinh học",DCN,Đại Học Công Nghiệp Hà Nội,6ngành
B00,"Toán, Hóa học, Sinh học",YPB,Trường Đại Học Y Dược Hải Phòng,7ngành
B00,"Toán, Hóa học, Sinh học",DKH,Trường Đại Học Dược Hà Nội,2ngành
B00,"Toán, Hóa học, Sinh học",DKY,Trường Đại Học Kỹ Thuật Y Tế Hải Dương,5ngành
B00,"Toán, Hóa học, Sinh học",HYD,Học Viện Y Dược Học Cổ Truyền Việt Nam,3ngành
B00,"Toán, Hóa học, Sinh học",DKK,Trường Đại Học Kinh Tế Kỹ Thuật Công Nghiệp,26ngành
B00,"Toán, Hóa học, Sinh học",DCT,Trường Đại Học Công Thương TPHCM,16ngành
B00,"Toán, Hóa học, Sinh học",HHK,Học Viện Hàng không Việt Nam,33ngành
B00,"Toán, Hóa học, Sinh học",PKA,Đại Học Phenikaa,21ngành
B00,"Toán, Hóa học, Sinh học",YTC,Trường Đại Học Y Tế Công Cộng,5ngành
B00,"Toán, Hóa học, Sinh học",YCT,Trường Đại Học Y Dược Cần Thơ,14ngành
B00,"Toán, Hóa học, Sinh học",TDM,Trường Đại học Thủ Dầu Một,7ngành
B00,"Toán, Hóa học, Sinh học",TYS,Trường Đại Học Y Khoa Phạm Ngọc Thạch,14ngành
B00,"Toán, Hóa học, Sinh học",DTL,Trường Đại Học Thăng Long,1ngành
B00,"Toán, Hóa học, Sinh học",TLA,Trường Đại Học Thủy Lợi,2ngành
B00,"Toán, Hóa học, Sinh học",DTT,Trường Đại Học Tôn Đức Thắng,13ngành
B00,"Toán, Hóa học, Sinh học",HVN,Học Viện Nông Nghiệp Việt Nam,9ngành
B00,"Toán, Hóa học, Sinh học",QHT,Trường Đại Học Khoa Học Tự Nhiên Hà Nội,22ngành
B00,"Toán, Hóa học, Sinh học",DTS,Đại Học Sư Phạm Thái Nguyên,4ngành
B00,"Toán, Hóa học, Sinh học",TCT,Đại Học Cần Thơ,32ngành
B00,"Toán, Hóa học, Sinh học",DHS,Trường Đại Học Sư Phạm Huế,4ngành
B00,"Toán, Hóa học, Sinh học",SGD,Trường Đại Học Sài Gòn,23ngành
B00,"Toán, Hóa học, Sinh học",DDS,Trường Đại Học Sư Phạm - Đại Học Đà Nẵng,6ngành
B00,"Toán, Hóa học, Sinh học",SP2,Trường Đại Học Sư Phạm Hà Nội 2,5ngành
B00,"Toán, Hóa học, Sinh học",QHS,Trường Đại Học Giáo Dục - ĐHQG Hà Nội,8ngành
B00,"Toán, Hóa học, Sinh học",YQH,Học Viện Quân Y - Hệ Quân sự,4ngành
B00,"Toán, Hóa học, Sinh học",QHY,Trường Đại học Y Dược - ĐHQG Hà Nội,5ngành
B00,"Toán, Hóa học, Sinh học",DDK,Trường Đại Học Bách Khoa Đà Nẵng,7ngành
B00,"Toán, Hóa học, Sinh học",YKV,Trường Đại Học Y Khoa Vinh,5ngành
B00,"Toán, Hóa học, Sinh học",YDN,Trường Đại học Kỹ thuật Y Dược Đà Nẵng,9ngành
B00,"Toán, Hóa học, Sinh học",DTY,Trường Đại Học Y Dược Thái Nguyên,9ngành
B00,"Toán, Hóa học, Sinh học",DHY,Trường Đại Học Y Dược Huế,11ngành
B00,"Toán, Hóa học, Sinh học",DDY,Trường Y Dược Đà Nẵng,7ngành
B00,"Toán, Hóa học, Sinh học",THV,Trường Đại Học Hùng Vương,5ngành
B00,"Toán, Hóa học, Sinh học",MHN,Trường Đại Học Mở Hà Nội,2ngành
B00,"Toán, Hóa học, Sinh học",TDV,Trường Đại Học Vinh,6ngành
B00,"Toán, Hóa học, Sinh học",SPD,Trường Đại Học Đồng Tháp,13ngành
B00,"Toán, Hóa học, Sinh học",TTN,Trường Đại Học Tây Nguyên,13ngành
B00,"Toán, Hóa học, Sinh học",DQN,Trường Đại Học Quy Nhơn,7ngành
B00,"Toán, Hóa học, Sinh học",HLU,Trường Đại Học Hạ Long,4ngành
B00,"Toán, Hóa học, Sinh học",DKT,Trường Đại Học Hải Dương,8ngành
B00,"Toán, Hóa học, Sinh học",DQB,Trường Đại Học Quảng Bình,2ngành
B00,"Toán, Hóa học, Sinh học",DPQ,Trường Đại Học Phạm Văn Đồng,2ngành
B00,"Toán, Hóa học, Sinh học",HHT,Trường Đại Học Hà Tĩnh,4ngành
B00,"Toán, Hóa học, Sinh học",DMT,Trường Đại học Tài Nguyên và Môi Trường Hà Nội,9ngành
B00,"Toán, Hóa học, Sinh học",DBL,Trường Đại Học Bạc Liêu,7ngành
B00,"Toán, Hóa học, Sinh học",DQU,Trường Đại Học Quảng Nam,1ngành
B00,"Toán, Hóa học, Sinh học",DPY,Trường Đại Học Phú Yên,2ngành
B00,"Toán, Hóa học, Sinh học",KCC,Trường Đại học Kỹ Thuật Công Nghệ Cần Thơ,3ngành
B00,"Toán, Hóa học, Sinh học",KCN,Trường Đại Học Khoa Học Và Công Nghệ Hà Nội,9ngành
B00,"Toán, Hóa học, Sinh học",DVT,Đại Học Trà Vinh,19ngành
B00,"Toán, Hóa học, Sinh học",NLS,Trường Đại Học Nông Lâm TPHCM,31ngành
B00,"Toán, Hóa học, Sinh học",XDA,Trường Đại Học Xây Dựng Hà Nội,4ngành
B00,"Toán, Hóa học, Sinh học",MBS,Trường Đại Học Mở TPHCM,13ngành
B00,"Toán, Hóa học, Sinh học",MDA,Trường Đại Học Mỏ Địa Chất,2ngành
B00,"Toán, Hóa học, Sinh học",DDL,Trường Đại Học Điện Lực,4ngành
B00,"Toán, Hóa học, Sinh học",VLU,Trường Đại học Công nghệ kỹ thuật Vĩnh Long,10ngành
B00,"Toán, Hóa học, Sinh học",KTD,Trường Đại Học Kiến Trúc Đà Nẵng,11ngành
B00,"Toán, Hóa học, Sinh học",DQK,Trường Đại Học Kinh Doanh và Công Nghệ Hà Nội,6ngành
B00,"Toán, Hóa học, Sinh học",UKH,Trường Đại học Khánh Hòa,4ngành
B00,"Toán, Hóa học, Sinh học",CMC,Trường Đại Học CMC,19ngành
B00,"Toán, Hóa học, Sinh học",NTT,Trường Đại Học Nguyễn Tất Thành,20ngành
B00,"Toán, Hóa học, Sinh học",DTC,Trường Đại học Công Nghệ Thông Tin và Truyền Thông Thái Nguyên,27ngành
B00,"Toán, Hóa học, Sinh học",HVQ,Học Viện Quản Lý Giáo Dục,2ngành
B00,"Toán, Hóa học, Sinh học",DDT,Đại Học Duy Tân,12ngành
B00,"Toán, Hóa học, Sinh học",DNC,Trường Đại học Nam Cần Thơ,16ngành
B00,"Toán, Hóa học, Sinh học",HIU,Trường Đại Học Quốc Tế Hồng Bàng,16ngành
B00,"Toán, Hóa học, Sinh học",TTU,Trường Đại học Tân Tạo,5ngành
B00,"Toán, Hóa học, Sinh học",DCL,Trường Đại Học Cửu Long,14ngành
B00,"Toán, Hóa học, Sinh học",DVL,Trường Đại Học Văn Lang,10ngành
B00,"Toán, Hóa học, Sinh học",DPC,Trường Đại Học Phan Châu Trinh,6ngành
B00,"Toán, Hóa học, Sinh học",UKB,Trường Đại Học Kinh Bắc,3ngành
B00,"Toán, Hóa học, Sinh học",ETU,Trường Đại Học Hòa Bình,4ngành
B00,"Toán, Hóa học, Sinh học",DDN,Trường Đại Học Đại Nam,56ngành
B00,"Toán, Hóa học, Sinh học",VTT,Trường Đại Học Võ Trường Toản,4ngành
B00,"Toán, Hóa học, Sinh học",DAD,Trường Đại Học Đông Á,13ngành
B00,"Toán, Hóa học, Sinh học",HCB,Học viện Kỹ thuật và Công nghệ an ninh (Phía Bắc),4ngành
B00,"Toán, Hóa học, Sinh học",HCN,Học viện Kỹ thuật và Công nghệ an ninh (Phía Nam),4ngành
B00,"Toán, Hóa học, Sinh học",VGU,Trường Đại Học Việt Đức,6ngành
B00,"Toán, Hóa học, Sinh học",SDU,Trường Đại học Sao Đỏ,15ngành
B00,"Toán, Hóa học, Sinh học",NLN,Phân hiệu Đại học Nông Lâm TPHCM tại Ninh Thuận,2ngành
B00,"Toán, Hóa học, Sinh học",DTD,Trường Đại Học Tây Đô,6ngành
B00,"Toán, Hóa học, Sinh học",DKC,Trường Đại học Công Nghệ TPHCM,5ngành
B00,"Toán, Hóa học, Sinh học",DDU,Trường Đại Học Đông Đô,4ngành
B00,"Toán, Hóa học, Sinh học",DLH,Trường Đại Học Lạc Hồng,4ngành
B00,"Toán, Hóa học, Sinh học",DDB,Trường Đại Học Thành Đông,7ngành
B00,"Toán, Hóa học, Sinh học",DYD,Trường Đại Học Yersin Đà Lạt,5ngành
B00,"Toán, Hóa học, Sinh học",TDD,Trường Đại học Thành Đô,2ngành
B00,"Toán, Hóa học, Sinh học",DBD,Trường Đại Học Bình Dương,3ngành
B00,"Toán, Hóa học, Sinh học",DTV,Trường Đại Học Lương Thế Vinh,10ngành
B00,"Toán, Hóa học, Sinh học",VJU,Trường Đại học Việt Nhật - ĐHQG Hà Nội,2ngành
B00,"Toán, Hóa học, Sinh học",BVU,Trường Đại Học Bà Rịa – Vũng Tàu,2ngành
B00,"Toán, Hóa học, Sinh học",MIT,Trường Đại học Công nghệ Miền Đông,2ngành
B00,"Toán, Hóa học, Sinh học",DKB,Trường Đại Học Kinh Tế Kỹ Thuật Bình Dương,1ngành
B00,"Toán, Hóa học, Sinh học",TTG,Trường Đại Học Tiền Giang,11ngành
B00,"Toán, Hóa học, Sinh học",PVU,Trường Đại Học Dầu Khí Việt Nam,3ngành
B00,"Toán, Hóa học, Sinh học",CEA,Trường Đại học Nghệ An,3ngành
B00,"Toán, Hóa học, Sinh học",LNH,Trường Đại Học Lâm nghiệp,7ngành
B00,"Toán, Hóa học, Sinh học",DVH,Trường Đại Học Văn Hiến,1ngành
B00,"Toán, Hóa học, Sinh học",DQT,Trường Đại Học Quang Trung,2ngành
B00,"Toán, Hóa học, Sinh học",DPT,Trường Đại Học Phan Thiết,1ngành
B00,"Toán, Hóa học, Sinh học",DVP,Trường Đại Học Trưng Vương,2ngành
B00,"Toán, Hóa học, Sinh học",YDD,Trường Đại Học Điều Dưỡng Nam Định,3ngành
B00,"Toán, Hóa học, Sinh học",THU,Trường Đại học Y khoa Tokyo Việt Nam,4ngành
B00,"Toán, Hóa học, Sinh học",DCD,Trường Đại Học Công Nghệ Đồng Nai,4ngành
B00,"Toán, Hóa học, Sinh học",EIU,Trường Đại Học Quốc Tế Miền Đông,10ngành
B00,"Toán, Hóa học, Sinh học",DDV,Viện nghiên cứu và đào tạo Việt Anh - Đại học Đà Nẵng,3ngành
B00,"Toán, Hóa học, Sinh học",DTB,Trường Đại Học Thái Bình,6ngành
B00,"Toán, Hóa học, Sinh học",DHT,Trường Đại Học Khoa Học Huế,5ngành
B00,"Toán, Hóa học, Sinh học",DTZ,Trường Đại Học Khoa Học Thái Nguyên,15ngành
B00,"Toán, Hóa học, Sinh học",HDT,Trường Đại Học Hồng Đức,2ngành
B00,"Toán, Hóa học, Sinh học",DNU,Trường Đại Học Đồng Nai,3ngành
B00,"Toán, Hóa học, Sinh học",LNS,Phân hiệu Đại Học Lâm nghiệp tại Đồng Nai,7ngành
B00,"Toán, Hóa học, Sinh học",CCM,Trường Đại học Công nghiệp và Thương mại Hà Nội,9ngành
B00,"Toán, Hóa học, Sinh học",VUI,Trường Đại Học Công Nghiệp Việt Trì,3ngành
B00,"Toán, Hóa học, Sinh học",DHL,Trường Đại Học Nông Lâm Huế,10ngành
B00,"Toán, Hóa học, Sinh học",DTQ,Khoa Quốc Tế - Đại Học Thái Nguyên,2ngành
B00,"Toán, Hóa học, Sinh học",SIU,Trường Đại học Quốc Tế Sài Gòn,1ngành
B00,"Toán, Hóa học, Sinh học",DCA,Trường Đại học Intracom,2ngành
B00,"Toán, Hóa học, Sinh học",DLA,Trường Đại Học Kinh Tế Công Nghiệp Long An,1ngành
B00,"Toán, Hóa học, Sinh học",SKN,Trường Đại Học Sư Phạm Kỹ Thuật Nam Định,16ngành
B00,"Toán, Hóa học, Sinh học",DTN,Trường Đại Học Nông Lâm Thái Nguyên,23ngành
B00,"Toán, Hóa học, Sinh học",DHQ,Phân Hiệu Đại Học Huế tại Quảng Trị,1ngành
B00,"Toán, Hóa học, Sinh học",TBD,Trường Đại Học Thái Bình Dương,2ngành
B00,"Toán, Hóa học, Sinh học",DHV,Trường Đại học Hùng Vương TPHCM,1ngành
B00,"Toán, Hóa học, Sinh học",MTU,Trường Đại Học Xây Dựng Miền Tây,7ngành
B00,"Toán, Hóa học, Sinh học",LNA,Phân hiệu Đại học Lâm nghiệp tỉnh Gia Lai,2ngành
B00,"Toán, Hóa học, Sinh học",GDU,Trường Đại Học Gia Định,3ngành
B00,"Toán, Hóa học, Sinh học",DSG,Trường Đại Học Công Nghệ Sài Gòn,23ngành
B00,"Toán, Hóa học, Sinh học",DBG,Trường Đại học Nông Lâm Bắc Giang,7ngành
B00,"Toán, Hóa học, Sinh học",TTB,Trường Đại Học Tây Bắc,15ngành
B00,"Toán, Hóa học, Sinh học",TDL,Trường Đại Học Đà Lạt,10ngành
B00,"Toán, Hóa học, Sinh học",TQU,Trường Đại học Tân Trào,8ngành
B00,"Toán, Hóa học, Sinh học",TKG,Trường Đại học Kiên Giang,7ngành
B00,"Toán, Hóa học, Sinh học",DNB,Trường Đại Học Hoa Lư,2ngành
B00,"Toán, Hóa học, Sinh học",DDA,Trường Đại Học Công Nghệ Đông Á,3ngành
B00,"Toán, Hóa học, Sinh học",BMU,Trường Đại học Y Dược Buôn Ma Thuột,7ngành
B00,"Toán, Hóa học, Sinh học",DYH,Học Viện Quân Y - Hệ Dân sự,1ngành
D04,"Ngữ văn, Toán, Tiếng Trung",BKA,Đại Học Bách Khoa Hà Nội,1ngành
D04,"Ngữ văn, Toán, Tiếng Trung",NTH,Trường Đại học Ngoại thương,2ngành
D04,"Ngữ văn, Toán, Tiếng Trung",SPH,Trường Đại Học Sư Phạm Hà Nội,1ngành
D04,"Ngữ văn, Toán, Tiếng Trung",TMU,Trường Đại Học Thương Mại,2ngành
D04,"Ngữ văn, Toán, Tiếng Trung",SPS,Trường Đại Học Sư Phạm TPHCM,2ngành
D04,"Ngữ văn, Toán, Tiếng Trung",DCN,Đại Học Công Nghiệp Hà Nội,3ngành
D04,"Ngữ văn, Toán, Tiếng Trung",HHK,Học Viện Hàng không Việt Nam,34ngành
D04,"Ngữ văn, Toán, Tiếng Trung",PKA,Đại Học Phenikaa,7ngành
D04,"Ngữ văn, Toán, Tiếng Trung",NHF,Trường Đại Học Hà Nội,5ngành
D04,"Ngữ văn, Toán, Tiếng Trung",HQT,Học Viện Ngoại Giao,7ngành
D04,"Ngữ văn, Toán, Tiếng Trung",TDM,Trường Đại học Thủ Dầu Một,1ngành
D04,"Ngữ văn, Toán, Tiếng Trung",DTL,Trường Đại Học Thăng Long,1ngành
D04,"Ngữ văn, Toán, Tiếng Trung",TLA,Trường Đại Học Thủy Lợi,1ngành
D04,"Ngữ văn, Toán, Tiếng Trung",DTT,Trường Đại Học Tôn Đức Thắng,3ngành
D04,"Ngữ văn, Toán, Tiếng Trung",HVN,Học Viện Nông Nghiệp Việt Nam,1ngành
D04,"Ngữ văn, Toán, Tiếng Trung",QHX,Trường Đại Học Khoa Học Xã Hội và Nhân Văn Hà Nội,2ngành
D04,"Ngữ văn, Toán, Tiếng Trung",LPH,Trường Đại Học Luật Hà Nội,3ngành
D04,"Ngữ văn, Toán, Tiếng Trung",QHF,Trường Đại Học Ngoại Ngữ - ĐH Quốc gia Hà Nội,2ngành
D04,"Ngữ văn, Toán, Tiếng Trung",SGD,Trường Đại Học Sài Gòn,28ngành
D04,"Ngữ văn, Toán, Tiếng Trung",SP2,Trường Đại Học Sư Phạm Hà Nội 2,1ngành
D04,"Ngữ văn, Toán, Tiếng Trung",QHS,Trường Đại Học Giáo Dục - ĐHQG Hà Nội,4ngành
D04,"Ngữ văn, Toán, Tiếng Trung",VHS,Trường Đại Học Văn Hóa TPHCM,8ngành
D04,"Ngữ văn, Toán, Tiếng Trung",LPS,Trường Đại Học Luật TPHCM,2ngành
D04,"Ngữ văn, Toán, Tiếng Trung",DHF,Trường Đại Học Ngoại Ngữ Huế,2ngành
D04,"Ngữ văn, Toán, Tiếng Trung",THV,Trường Đại Học Hùng Vương,1ngành
D04,"Ngữ văn, Toán, Tiếng Trung",THP,Trường Đại Học Hải Phòng,2ngành
D04,"Ngữ văn, Toán, Tiếng Trung",MHN,Trường Đại Học Mở Hà Nội,1ngành
D04,"Ngữ văn, Toán, Tiếng Trung",TDV,Trường Đại Học Vinh,1ngành
D04,"Ngữ văn, Toán, Tiếng Trung",SPD,Trường Đại Học Đồng Tháp,1ngành
D04,"Ngữ văn, Toán, Tiếng Trung",QHK,Trường Khoa học liên ngành và Nghệ thuật Hà Nội,4ngành
D04,"Ngữ văn, Toán, Tiếng Trung",DTF,Trường Ngoại Ngữ Thái Nguyên,3ngành
D04,"Ngữ văn, Toán, Tiếng Trung",HLU,Trường Đại Học Hạ Long,3ngành
D04,"Ngữ văn, Toán, Tiếng Trung",DQB,Trường Đại Học Quảng Bình,1ngành
D04,"Ngữ văn, Toán, Tiếng Trung",HHT,Trường Đại Học Hà Tĩnh,1ngành
D04,"Ngữ văn, Toán, Tiếng Trung",DVT,Đại Học Trà Vinh,1ngành
D04,"Ngữ văn, Toán, Tiếng Trung",SKH,Trường Đại Học Sư Phạm Kỹ Thuật Hưng Yên,1ngành
D04,"Ngữ văn, Toán, Tiếng Trung",MBS,Trường Đại Học Mở TPHCM,6ngành
D04,"Ngữ văn, Toán, Tiếng Trung",FBU,Trường Đại Học Tài Chính Ngân Hàng Hà Nội,2ngành
D04,"Ngữ văn, Toán, Tiếng Trung",MDA,Trường Đại Học Mỏ Địa Chất,4ngành
D04,"Ngữ văn, Toán, Tiếng Trung",DPD,Trường Đại Học Phương Đông,1ngành
D04,"Ngữ văn, Toán, Tiếng Trung",UKH,Trường Đại học Khánh Hòa,1ngành
D04,"Ngữ văn, Toán, Tiếng Trung",CMC,Trường Đại Học CMC,18ngành
D04,"Ngữ văn, Toán, Tiếng Trung",NTT,Trường Đại Học Nguyễn Tất Thành,1ngành
D04,"Ngữ văn, Toán, Tiếng Trung",DTC,Trường Đại học Công Nghệ Thông Tin và Truyền Thông Thái Nguyên,27ngành
D04,"Ngữ văn, Toán, Tiếng Trung",TTU,Trường Đại học Tân Tạo,1ngành
D04,"Ngữ văn, Toán, Tiếng Trung",DVL,Trường Đại Học Văn Lang,1ngành
D04,"Ngữ văn, Toán, Tiếng Trung",ETU,Trường Đại Học Hòa Bình,1ngành
D04,"Ngữ văn, Toán, Tiếng Trung",DDN,Trường Đại Học Đại Nam,49ngành
D04,"Ngữ văn, Toán, Tiếng Trung",SDU,Trường Đại học Sao Đỏ,4ngành
D04,"Ngữ văn, Toán, Tiếng Trung",DKC,Trường Đại học Công Nghệ TPHCM,4ngành
D04,"Ngữ văn, Toán, Tiếng Trung",DDU,Trường Đại Học Đông Đô,1ngành
D04,"Ngữ văn, Toán, Tiếng Trung",TDD,Trường Đại học Thành Đô,2ngành
D04,"Ngữ văn, Toán, Tiếng Trung",DTV,Trường Đại Học Lương Thế Vinh,9ngành
D04,"Ngữ văn, Toán, Tiếng Trung",BVU,Trường Đại Học Bà Rịa – Vũng Tàu,30ngành
D04,"Ngữ văn, Toán, Tiếng Trung",MIT,Trường Đại học Công nghệ Miền Đông,1ngành
D04,"Ngữ văn, Toán, Tiếng Trung",DKB,Trường Đại Học Kinh Tế Kỹ Thuật Bình Dương,1ngành
D04,"Ngữ văn, Toán, Tiếng Trung",DTE,Trường Đại học Kinh tế và Quản trị kinh doanh Thái Nguyên,2ngành
D04,"Ngữ văn, Toán, Tiếng Trung",DNT,Trường Đại Học Ngoại Ngữ Tin Học TPHCM,1ngành
D04,"Ngữ văn, Toán, Tiếng Trung",DVH,Trường Đại Học Văn Hiến,1ngành
D04,"Ngữ văn, Toán, Tiếng Trung",HSU,Trường Đại Học Hoa Sen,1ngành
D04,"Ngữ văn, Toán, Tiếng Trung",DVP,Trường Đại Học Trưng Vương,2ngành
D04,"Ngữ văn, Toán, Tiếng Trung",DTZ,Trường Đại Học Khoa Học Thái Nguyên,3ngành
D04,"Ngữ văn, Toán, Tiếng Trung",DTM,Trường Đại học Tài Nguyên và Môi Trường TPHCM,1ngành
D04,"Ngữ văn, Toán, Tiếng Trung",VUI,Trường Đại Học Công Nghiệp Việt Trì,3ngành
D04,"Ngữ văn, Toán, Tiếng Trung",DTQ,Khoa Quốc Tế - Đại Học Thái Nguyên,6ngành
D04,"Ngữ văn, Toán, Tiếng Trung",DCA,Trường Đại học Intracom,1ngành
D04,"Ngữ văn, Toán, Tiếng Trung",SKN,Trường Đại Học Sư Phạm Kỹ Thuật Nam Định,16ngành
D04,"Ngữ văn, Toán, Tiếng Trung",TBD,Trường Đại Học Thái Bình Dương,12ngành
D04,"Ngữ văn, Toán, Tiếng Trung",DHV,Trường Đại học Hùng Vương TPHCM,1ngành
D04,"Ngữ văn, Toán, Tiếng Trung",DPX,Trường Đại Học Phú Xuân,2ngành
D04,"Ngữ văn, Toán, Tiếng Trung",DDM,Trường Đại Học Công Nghiệp Quảng Ninh,12ngành
D04,"Ngữ văn, Toán, Tiếng Trung",DSG,Trường Đại Học Công Nghệ Sài Gòn,23ngành
D04,"Ngữ văn, Toán, Tiếng Trung",DBG,Trường Đại học Nông Lâm Bắc Giang,2ngành
D04,"Ngữ văn, Toán, Tiếng Trung",DTP,Phân Hiệu Đại Học Thái Nguyên Tại Lào Cai,10ngành
D04,"Ngữ văn, Toán, Tiếng Trung",DTG,Phân hiệu Đại học Thái Nguyên tại Hà Giang,1ngành
D04,"Ngữ văn, Toán, Tiếng Trung",DDA,Trường Đại Học Công Nghệ Đông Á,6ngành
D04,"Ngữ văn, Toán, Tiếng Trung",DNH,Học Viện Khoa Học Quân Sự - Hệ Dân sự,1ngành
D06,"Ngữ văn, Toán, Tiếng Nhật",NTH,Trường Đại học Ngoại thương,4ngành
D06,"Ngữ văn, Toán, Tiếng Nhật",SPS,Trường Đại Học Sư Phạm TPHCM,1ngành
D06,"Ngữ văn, Toán, Tiếng Nhật",DCN,Đại Học Công Nghiệp Hà Nội,1ngành
D06,"Ngữ văn, Toán, Tiếng Nhật",HHK,Học Viện Hàng không Việt Nam,33ngành
D06,"Ngữ văn, Toán, Tiếng Nhật",PKA,Đại Học Phenikaa,5ngành
D06,"Ngữ văn, Toán, Tiếng Nhật",NHF,Trường Đại Học Hà Nội,3ngành
D06,"Ngữ văn, Toán, Tiếng Nhật",HQT,Học Viện Ngoại Giao,7ngành
D06,"Ngữ văn, Toán, Tiếng Nhật",DTL,Trường Đại Học Thăng Long,1ngành
D06,"Ngữ văn, Toán, Tiếng Nhật",QHX,Trường Đại Học Khoa Học Xã Hội và Nhân Văn Hà Nội,1ngành
D06,"Ngữ văn, Toán, Tiếng Nhật",LPH,Trường Đại Học Luật Hà Nội,3ngành
D06,"Ngữ văn, Toán, Tiếng Nhật",QHF,Trường Đại Học Ngoại Ngữ - ĐH Quốc gia Hà Nội,2ngành
D06,"Ngữ văn, Toán, Tiếng Nhật",SGD,Trường Đại Học Sài Gòn,28ngành
D06,"Ngữ văn, Toán, Tiếng Nhật",NTS,Trường Đại học Ngoại thương (Cơ sở II),1ngành
D06,"Ngữ văn, Toán, Tiếng Nhật",LPS,Trường Đại Học Luật TPHCM,1ngành
D06,"Ngữ văn, Toán, Tiếng Nhật",DHF,Trường Đại Học Ngoại Ngữ Huế,1ngành
D06,"Ngữ văn, Toán, Tiếng Nhật",TSN,Trường Đại Học Nha Trang,1ngành
D06,"Ngữ văn, Toán, Tiếng Nhật",THP,Trường Đại Học Hải Phòng,1ngành
D06,"Ngữ văn, Toán, Tiếng Nhật",HLU,Trường Đại Học Hạ Long,1ngành
D06,"Ngữ văn, Toán, Tiếng Nhật",MBS,Trường Đại Học Mở TPHCM,6ngành
D06,"Ngữ văn, Toán, Tiếng Nhật",DPD,Trường Đại Học Phương Đông,1ngành
D06,"Ngữ văn, Toán, Tiếng Nhật",CMC,Trường Đại Học CMC,18ngành
D06,"Ngữ văn, Toán, Tiếng Nhật",DTC,Trường Đại học Công Nghệ Thông Tin và Truyền Thông Thái Nguyên,26ngành
D06,"Ngữ văn, Toán, Tiếng Nhật",HIU,Trường Đại Học Quốc Tế Hồng Bàng,2ngành
D06,"Ngữ văn, Toán, Tiếng Nhật",DDN,Trường Đại Học Đại Nam,47ngành
D06,"Ngữ văn, Toán, Tiếng Nhật",DKC,Trường Đại học Công Nghệ TPHCM,4ngành
D06,"Ngữ văn, Toán, Tiếng Nhật",DDU,Trường Đại Học Đông Đô,1ngành
D06,"Ngữ văn, Toán, Tiếng Nhật",DTV,Trường Đại Học Lương Thế Vinh,9ngành
D06,"Ngữ văn, Toán, Tiếng Nhật",VJU,Trường Đại học Việt Nhật - ĐHQG Hà Nội,7ngành
D06,"Ngữ văn, Toán, Tiếng Nhật",BVU,Trường Đại Học Bà Rịa – Vũng Tàu,30ngành
D06,"Ngữ văn, Toán, Tiếng Nhật",MIT,Trường Đại học Công nghệ Miền Đông,2ngành
D06,"Ngữ văn, Toán, Tiếng Nhật",DNT,Trường Đại Học Ngoại Ngữ Tin Học TPHCM,2ngành
D06,"Ngữ văn, Toán, Tiếng Nhật",DVH,Trường Đại Học Văn Hiến,1ngành
D06,"Ngữ văn, Toán, Tiếng Nhật",DHT,Trường Đại Học Khoa Học Huế,1ngành
D06,"Ngữ văn, Toán, Tiếng Nhật",SKN,Trường Đại Học Sư Phạm Kỹ Thuật Nam Định,16ngành
D06,"Ngữ văn, Toán, Tiếng Nhật",UMT,Trường Đại học Quản lý và công nghệ TPHCM,10ngành
D06,"Ngữ văn, Toán, Tiếng Nhật",DSG,Trường Đại Học Công Nghệ Sài Gòn,23ngành
D06,"Ngữ văn, Toán, Tiếng Nhật",DBG,Trường Đại học Nông Lâm Bắc Giang,6ngành
D06,"Ngữ văn, Toán, Tiếng Nhật",DDA,Trường Đại Học Công Nghệ Đông Á,6ngành
D10,"Toán, Địa lí, Tiếng Anh",YHB,Trường Đại Học Y Hà Nội,3ngành
D10,"Toán, Địa lí, Tiếng Anh",TMU,Trường Đại Học Thương Mại,22ngành
D10,"Toán, Địa lí, Tiếng Anh",GHA,Trường Đại Học Giao Thông Vận Tải,1ngành
D10,"Toán, Địa lí, Tiếng Anh",DKK,Trường Đại Học Kinh Tế Kỹ Thuật Công Nghiệp,19ngành
D10,"Toán, Địa lí, Tiếng Anh",HHK,Học Viện Hàng không Việt Nam,33ngành
D10,"Toán, Địa lí, Tiếng Anh",PKA,Đại Học Phenikaa,29ngành
D10,"Toán, Địa lí, Tiếng Anh",NHF,Trường Đại Học Hà Nội,7ngành
D10,"Toán, Địa lí, Tiếng Anh",HQT,Học Viện Ngoại Giao,11ngành
D10,"Toán, Địa lí, Tiếng Anh",TDM,Trường Đại học Thủ Dầu Một,1ngành
D10,"Toán, Địa lí, Tiếng Anh",DTL,Trường Đại Học Thăng Long,2ngành
D10,"Toán, Địa lí, Tiếng Anh",TLA,Trường Đại Học Thủy Lợi,1ngành
D10,"Toán, Địa lí, Tiếng Anh",HVN,Học Viện Nông Nghiệp Việt Nam,1ngành
D10,"Toán, Địa lí, Tiếng Anh",QHX,Trường Đại Học Khoa Học Xã Hội và Nhân Văn Hà Nội,29ngành
D10,"Toán, Địa lí, Tiếng Anh",QHF,Trường Đại Học Ngoại Ngữ - ĐH Quốc gia Hà Nội,1ngành
D10,"Toán, Địa lí, Tiếng Anh",QHT,Trường Đại Học Khoa Học Tự Nhiên Hà Nội,6ngành
D10,"Toán, Địa lí, Tiếng Anh",QHE,Trường Đại Học Kinh Tế - ĐHQG Hà Nội,8ngành
D10,"Toán, Địa lí, Tiếng Anh",SGD,Trường Đại Học Sài Gòn,22ngành
D10,"Toán, Địa lí, Tiếng Anh",VHS,Trường Đại Học Văn Hóa TPHCM,13ngành
D10,"Toán, Địa lí, Tiếng Anh",HTN,Học Viện Thanh Thiếu Niên Việt Nam,9ngành
D10,"Toán, Địa lí, Tiếng Anh",LPS,Trường Đại Học Luật TPHCM,3ngành
D10,"Toán, Địa lí, Tiếng Anh",DMS,Trường Đại Học Tài Chính Marketing,21ngành
D10,"Toán, Địa lí, Tiếng Anh",GSA,Trường Đại Học Giao Thông Vận Tải (Cơ sở 2),1ngành
D10,"Toán, Địa lí, Tiếng Anh",THP,Trường Đại Học Hải Phòng,2ngành
D10,"Toán, Địa lí, Tiếng Anh",MHN,Trường Đại Học Mở Hà Nội,2ngành
D10,"Toán, Địa lí, Tiếng Anh",LDA,Trường Đại Học Công Đoàn,12ngành
D10,"Toán, Địa lí, Tiếng Anh",HHA,Trường Đại Học Hàng Hải Việt Nam,6ngành
D10,"Toán, Địa lí, Tiếng Anh",HCH,Học Viện Hành Chính và Quản trị công,12ngành
D10,"Toán, Địa lí, Tiếng Anh",SPD,Trường Đại Học Đồng Tháp,7ngành
D10,"Toán, Địa lí, Tiếng Anh",QHK,Trường Khoa học liên ngành và Nghệ thuật Hà Nội,6ngành
D10,"Toán, Địa lí, Tiếng Anh",DQN,Trường Đại Học Quy Nhơn,11ngành
D10,"Toán, Địa lí, Tiếng Anh",HLU,Trường Đại Học Hạ Long,10ngành
D10,"Toán, Địa lí, Tiếng Anh",DKT,Trường Đại Học Hải Dương,2ngành
D10,"Toán, Địa lí, Tiếng Anh",DQB,Trường Đại Học Quảng Bình,4ngành
D10,"Toán, Địa lí, Tiếng Anh",HHT,Trường Đại Học Hà Tĩnh,2ngành
D10,"Toán, Địa lí, Tiếng Anh",NHS,Trường Đại Học Ngân Hàng TPHCM,5ngành
D10,"Toán, Địa lí, Tiếng Anh",KCC,Trường Đại học Kỹ Thuật Công Nghệ Cần Thơ,1ngành
D10,"Toán, Địa lí, Tiếng Anh",QHQ,Trường Quốc Tế  - ĐHQG Hà Nội,1ngành
D10,"Toán, Địa lí, Tiếng Anh",DVT,Đại Học Trà Vinh,1ngành
D10,"Toán, Địa lí, Tiếng Anh",HVC,Học viện cán bộ TPHCM,5ngành
D10,"Toán, Địa lí, Tiếng Anh",SKH,Trường Đại Học Sư Phạm Kỹ Thuật Hưng Yên,5ngành
D10,"Toán, Địa lí, Tiếng Anh",MBS,Trường Đại Học Mở TPHCM,24ngành
D10,"Toán, Địa lí, Tiếng Anh",FBU,Trường Đại Học Tài Chính Ngân Hàng Hà Nội,4ngành
D10,"Toán, Địa lí, Tiếng Anh",MDA,Trường Đại Học Mỏ Địa Chất,3ngành
D10,"Toán, Địa lí, Tiếng Anh",DDL,Trường Đại Học Điện Lực,2ngành
D10,"Toán, Địa lí, Tiếng Anh",VLU,Trường Đại học Công nghệ kỹ thuật Vĩnh Long,31ngành
D10,"Toán, Địa lí, Tiếng Anh",DQK,Trường Đại Học Kinh Doanh và Công Nghệ Hà Nội,7ngành
D10,"Toán, Địa lí, Tiếng Anh",DTK,Trường Đại Học Kỹ Thuật Công Nghiệp Thái Nguyên,1ngành
D10,"Toán, Địa lí, Tiếng Anh",UKH,Trường Đại học Khánh Hòa,10ngành
D10,"Toán, Địa lí, Tiếng Anh",DHI,Khoa Quốc tế - Đại học Huế,1ngành
D10,"Toán, Địa lí, Tiếng Anh",CMC,Trường Đại Học CMC,18ngành
D10,"Toán, Địa lí, Tiếng Anh",DHK,Trường Đại Học Kinh Tế - Đại Học Huế,22ngành
D10,"Toán, Địa lí, Tiếng Anh",DHD,Trường Du Lịch - Đại Học Huế,2ngành
D10,"Toán, Địa lí, Tiếng Anh",DTC,Trường Đại học Công Nghệ Thông Tin và Truyền Thông Thái Nguyên,28ngành
D10,"Toán, Địa lí, Tiếng Anh",HVQ,Học Viện Quản Lý Giáo Dục,2ngành
D10,"Toán, Địa lí, Tiếng Anh",DDT,Đại Học Duy Tân,4ngành
D10,"Toán, Địa lí, Tiếng Anh",DNC,Trường Đại học Nam Cần Thơ,7ngành
D10,"Toán, Địa lí, Tiếng Anh",HIU,Trường Đại Học Quốc Tế Hồng Bàng,21ngành
D10,"Toán, Địa lí, Tiếng Anh",DCL,Trường Đại Học Cửu Long,2ngành
D10,"Toán, Địa lí, Tiếng Anh",DVL,Trường Đại Học Văn Lang,16ngành
D10,"Toán, Địa lí, Tiếng Anh",ETU,Trường Đại Học Hòa Bình,1ngành
D10,"Toán, Địa lí, Tiếng Anh",DDN,Trường Đại Học Đại Nam,47ngành
D10,"Toán, Địa lí, Tiếng Anh",DAD,Trường Đại Học Đông Á,33ngành
D10,"Toán, Địa lí, Tiếng Anh",QHD,Trường Quản Trị và Kinh Doanh - ĐHQG Hà Nội,6ngành
D10,"Toán, Địa lí, Tiếng Anh",VGU,Trường Đại Học Việt Đức,2ngành
D10,"Toán, Địa lí, Tiếng Anh",TLS,Trường Đại Học Thủy Lợi (Cơ sở 2),1ngành
D10,"Toán, Địa lí, Tiếng Anh",DTD,Trường Đại Học Tây Đô,1ngành
D10,"Toán, Địa lí, Tiếng Anh",DKC,Trường Đại học Công Nghệ TPHCM,49ngành
D10,"Toán, Địa lí, Tiếng Anh",DDU,Trường Đại Học Đông Đô,4ngành
D10,"Toán, Địa lí, Tiếng Anh",DYD,Trường Đại Học Yersin Đà Lạt,1ngành
D10,"Toán, Địa lí, Tiếng Anh",DTV,Trường Đại Học Lương Thế Vinh,11ngành
D10,"Toán, Địa lí, Tiếng Anh",VJU,Trường Đại học Việt Nhật - ĐHQG Hà Nội,1ngành
D10,"Toán, Địa lí, Tiếng Anh",BVU,Trường Đại Học Bà Rịa – Vũng Tàu,43ngành
D10,"Toán, Địa lí, Tiếng Anh",DKB,Trường Đại Học Kinh Tế Kỹ Thuật Bình Dương,9ngành
D10,"Toán, Địa lí, Tiếng Anh",TTG,Trường Đại Học Tiền Giang,6ngành
D10,"Toán, Địa lí, Tiếng Anh",DNT,Trường Đại Học Ngoại Ngữ Tin Học TPHCM,3ngành
D10,"Toán, Địa lí, Tiếng Anh",CEA,Trường Đại học Nghệ An,3ngành
D10,"Toán, Địa lí, Tiếng Anh",LNH,Trường Đại Học Lâm nghiệp,6ngành
D10,"Toán, Địa lí, Tiếng Anh",DVH,Trường Đại Học Văn Hiến,5ngành
D10,"Toán, Địa lí, Tiếng Anh",DQT,Trường Đại Học Quang Trung,8ngành
D10,"Toán, Địa lí, Tiếng Anh",DPT,Trường Đại Học Phan Thiết,5ngành
D10,"Toán, Địa lí, Tiếng Anh",DVP,Trường Đại Học Trưng Vương,4ngành
D10,"Toán, Địa lí, Tiếng Anh",DCD,Trường Đại Học Công Nghệ Đồng Nai,16ngành
D10,"Toán, Địa lí, Tiếng Anh",EIU,Trường Đại Học Quốc Tế Miền Đông,3ngành
D10,"Toán, Địa lí, Tiếng Anh",DDV,Viện nghiên cứu và đào tạo Việt Anh - Đại học Đà Nẵng,2ngành
D10,"Toán, Địa lí, Tiếng Anh",DHT,Trường Đại Học Khoa Học Huế,2ngành
D10,"Toán, Địa lí, Tiếng Anh",DTZ,Trường Đại Học Khoa Học Thái Nguyên,29ngành
D10,"Toán, Địa lí, Tiếng Anh",HDT,Trường Đại Học Hồng Đức,1ngành
D10,"Toán, Địa lí, Tiếng Anh",NTU,Trường Đại Học Nguyễn Trãi,1ngành
D10,"Toán, Địa lí, Tiếng Anh",VUI,Trường Đại Học Công Nghiệp Việt Trì,3ngành
D10,"Toán, Địa lí, Tiếng Anh",DTQ,Khoa Quốc Tế - Đại Học Thái Nguyên,7ngành
D10,"Toán, Địa lí, Tiếng Anh",SIU,Trường Đại học Quốc Tế Sài Gòn,2ngành
D10,"Toán, Địa lí, Tiếng Anh",DCA,Trường Đại học Intracom,1ngành
D10,"Toán, Địa lí, Tiếng Anh",DCQ,Trường Đại Học Công Nghệ và Quản Lý Hữu Nghị,2ngành
D10,"Toán, Địa lí, Tiếng Anh",DHV,Trường Đại học Hùng Vương TPHCM,1ngành
D10,"Toán, Địa lí, Tiếng Anh",DVB,Trường Đại Học Kinh tế công nghệ Thái Nguyên,2ngành
D10,"Toán, Địa lí, Tiếng Anh",DPX,Trường Đại Học Phú Xuân,5ngành
D10,"Toán, Địa lí, Tiếng Anh",HPU,Trường Đại học Quản lý và Công nghệ Hải Phòng,2ngành
D10,"Toán, Địa lí, Tiếng Anh",VHD,Trường Đại Học Công Nghiệp Việt - Hung,8ngành
D10,"Toán, Địa lí, Tiếng Anh",DSG,Trường Đại Học Công Nghệ Sài Gòn,23ngành
D10,"Toán, Địa lí, Tiếng Anh",TTB,Trường Đại Học Tây Bắc,2ngành
D10,"Toán, Địa lí, Tiếng Anh",TDL,Trường Đại Học Đà Lạt,4ngành
D10,"Toán, Địa lí, Tiếng Anh",DTP,Phân Hiệu Đại Học Thái Nguyên Tại Lào Cai,2ngành
D10,"Toán, Địa lí, Tiếng Anh",TKG,Trường Đại học Kiên Giang,1ngành
D10,"Toán, Địa lí, Tiếng Anh",DDA,Trường Đại Học Công Nghệ Đông Á,8ngành
B08,"Toán, Sinh học, Tiếng Anh",SPH,Trường Đại Học Sư Phạm Hà Nội,2ngành
B08,"Toán, Sinh học, Tiếng Anh",SPS,Trường Đại Học Sư Phạm TPHCM,3ngành
B08,"Toán, Sinh học, Tiếng Anh",YDS,Đại Học Y Dược TPHCM,3ngành
B08,"Toán, Sinh học, Tiếng Anh",DKH,Trường Đại Học Dược Hà Nội,1ngành
B08,"Toán, Sinh học, Tiếng Anh",DKY,Trường Đại Học Kỹ Thuật Y Tế Hải Dương,5ngành
B08,"Toán, Sinh học, Tiếng Anh",DCT,Trường Đại Học Công Thương TPHCM,11ngành
B08,"Toán, Sinh học, Tiếng Anh",HHK,Học Viện Hàng không Việt Nam,33ngành
B08,"Toán, Sinh học, Tiếng Anh",PKA,Đại Học Phenikaa,25ngành
B08,"Toán, Sinh học, Tiếng Anh",YTC,Trường Đại Học Y Tế Công Cộng,3ngành
B08,"Toán, Sinh học, Tiếng Anh",YCT,Trường Đại Học Y Dược Cần Thơ,7ngành
B08,"Toán, Sinh học, Tiếng Anh",TDM,Trường Đại học Thủ Dầu Một,5ngành
B08,"Toán, Sinh học, Tiếng Anh",TYS,Trường Đại Học Y Khoa Phạm Ngọc Thạch,6ngành
B08,"Toán, Sinh học, Tiếng Anh",DTL,Trường Đại Học Thăng Long,1ngành
B08,"Toán, Sinh học, Tiếng Anh",DTT,Trường Đại Học Tôn Đức Thắng,17ngành
B08,"Toán, Sinh học, Tiếng Anh",HVN,Học Viện Nông Nghiệp Việt Nam,18ngành
B08,"Toán, Sinh học, Tiếng Anh",QHT,Trường Đại Học Khoa Học Tự Nhiên Hà Nội,3ngành
B08,"Toán, Sinh học, Tiếng Anh",DTS,Đại Học Sư Phạm Thái Nguyên,2ngành
B08,"Toán, Sinh học, Tiếng Anh",TCT,Đại Học Cần Thơ,20ngành
B08,"Toán, Sinh học, Tiếng Anh",DHS,Trường Đại Học Sư Phạm Huế,1ngành
B08,"Toán, Sinh học, Tiếng Anh",SGD,Trường Đại Học Sài Gòn,22ngành
B08,"Toán, Sinh học, Tiếng Anh",DDS,Trường Đại Học Sư Phạm - Đại Học Đà Nẵng,2ngành
B08,"Toán, Sinh học, Tiếng Anh",SP2,Trường Đại Học Sư Phạm Hà Nội 2,2ngành
B08,"Toán, Sinh học, Tiếng Anh",QHS,Trường Đại Học Giáo Dục - ĐHQG Hà Nội,1ngành
B08,"Toán, Sinh học, Tiếng Anh",YDN,Trường Đại học Kỹ thuật Y Dược Đà Nẵng,9ngành
B08,"Toán, Sinh học, Tiếng Anh",DHY,Trường Đại Học Y Dược Huế,10ngành
B08,"Toán, Sinh học, Tiếng Anh",DDY,Trường Y Dược Đà Nẵng,7ngành
B08,"Toán, Sinh học, Tiếng Anh",SPD,Trường Đại Học Đồng Tháp,3ngành
B08,"Toán, Sinh học, Tiếng Anh",TTN,Trường Đại Học Tây Nguyên,11ngành
B08,"Toán, Sinh học, Tiếng Anh",DKT,Trường Đại Học Hải Dương,2ngành
B08,"Toán, Sinh học, Tiếng Anh",DQB,Trường Đại Học Quảng Bình,3ngành
B08,"Toán, Sinh học, Tiếng Anh",DMT,Trường Đại học Tài Nguyên và Môi Trường Hà Nội,3ngành
B08,"Toán, Sinh học, Tiếng Anh",DBL,Trường Đại Học Bạc Liêu,5ngành
B08,"Toán, Sinh học, Tiếng Anh",DQU,Trường Đại Học Quảng Nam,2ngành
B08,"Toán, Sinh học, Tiếng Anh",KCC,Trường Đại học Kỹ Thuật Công Nghệ Cần Thơ,2ngành
B08,"Toán, Sinh học, Tiếng Anh",KCN,Trường Đại Học Khoa Học Và Công Nghệ Hà Nội,4ngành
B08,"Toán, Sinh học, Tiếng Anh",DVT,Đại Học Trà Vinh,14ngành
B08,"Toán, Sinh học, Tiếng Anh",SKH,Trường Đại Học Sư Phạm Kỹ Thuật Hưng Yên,5ngành
B08,"Toán, Sinh học, Tiếng Anh",MBS,Trường Đại Học Mở TPHCM,4ngành
B08,"Toán, Sinh học, Tiếng Anh",MDA,Trường Đại Học Mỏ Địa Chất,3ngành
B08,"Toán, Sinh học, Tiếng Anh",VLU,Trường Đại học Công nghệ kỹ thuật Vĩnh Long,6ngành
B08,"Toán, Sinh học, Tiếng Anh",DQK,Trường Đại Học Kinh Doanh và Công Nghệ Hà Nội,1ngành
B08,"Toán, Sinh học, Tiếng Anh",UKH,Trường Đại học Khánh Hòa,1ngành
B08,"Toán, Sinh học, Tiếng Anh",CMC,Trường Đại Học CMC,18ngành
B08,"Toán, Sinh học, Tiếng Anh",NTT,Trường Đại Học Nguyễn Tất Thành,6ngành
B08,"Toán, Sinh học, Tiếng Anh",DHD,Trường Du Lịch - Đại Học Huế,2ngành
B08,"Toán, Sinh học, Tiếng Anh",DTC,Trường Đại học Công Nghệ Thông Tin và Truyền Thông Thái Nguyên,26ngành
B08,"Toán, Sinh học, Tiếng Anh",DNC,Trường Đại học Nam Cần Thơ,2ngành
B08,"Toán, Sinh học, Tiếng Anh",HIU,Trường Đại Học Quốc Tế Hồng Bàng,4ngành
B08,"Toán, Sinh học, Tiếng Anh",TTU,Trường Đại học Tân Tạo,5ngành
B08,"Toán, Sinh học, Tiếng Anh",DCL,Trường Đại Học Cửu Long,13ngành
B08,"Toán, Sinh học, Tiếng Anh",DVL,Trường Đại Học Văn Lang,9ngành
B08,"Toán, Sinh học, Tiếng Anh",DPC,Trường Đại Học Phan Châu Trinh,5ngành
B08,"Toán, Sinh học, Tiếng Anh",ETU,Trường Đại Học Hòa Bình,4ngành
B08,"Toán, Sinh học, Tiếng Anh",DDN,Trường Đại Học Đại Nam,51ngành
B08,"Toán, Sinh học, Tiếng Anh",DAD,Trường Đại Học Đông Á,13ngành
B08,"Toán, Sinh học, Tiếng Anh",HCB,Học viện Kỹ thuật và Công nghệ an ninh (Phía Bắc),4ngành
B08,"Toán, Sinh học, Tiếng Anh",HCN,Học viện Kỹ thuật và Công nghệ an ninh (Phía Nam),4ngành
B08,"Toán, Sinh học, Tiếng Anh",VGU,Trường Đại Học Việt Đức,2ngành
B08,"Toán, Sinh học, Tiếng Anh",DKC,Trường Đại học Công Nghệ TPHCM,5ngành
B08,"Toán, Sinh học, Tiếng Anh",DDU,Trường Đại Học Đông Đô,4ngành
B08,"Toán, Sinh học, Tiếng Anh",DLH,Trường Đại Học Lạc Hồng,3ngành
B08,"Toán, Sinh học, Tiếng Anh",DYD,Trường Đại Học Yersin Đà Lạt,6ngành
B08,"Toán, Sinh học, Tiếng Anh",TDD,Trường Đại học Thành Đô,2ngành
B08,"Toán, Sinh học, Tiếng Anh",DTV,Trường Đại Học Lương Thế Vinh,11ngành
B08,"Toán, Sinh học, Tiếng Anh",BVU,Trường Đại Học Bà Rịa – Vũng Tàu,9ngành
B08,"Toán, Sinh học, Tiếng Anh",MIT,Trường Đại học Công nghệ Miền Đông,2ngành
B08,"Toán, Sinh học, Tiếng Anh",TTG,Trường Đại Học Tiền Giang,5ngành
B08,"Toán, Sinh học, Tiếng Anh",CEA,Trường Đại học Nghệ An,1ngành
B08,"Toán, Sinh học, Tiếng Anh",DQT,Trường Đại Học Quang Trung,3ngành
B08,"Toán, Sinh học, Tiếng Anh",DVP,Trường Đại Học Trưng Vương,2ngành
B08,"Toán, Sinh học, Tiếng Anh",YDD,Trường Đại Học Điều Dưỡng Nam Định,3ngành
B08,"Toán, Sinh học, Tiếng Anh",THU,Trường Đại học Y khoa Tokyo Việt Nam,4ngành
B08,"Toán, Sinh học, Tiếng Anh",DCD,Trường Đại Học Công Nghệ Đồng Nai,4ngành
B08,"Toán, Sinh học, Tiếng Anh",EIU,Trường Đại Học Quốc Tế Miền Đông,1ngành
B08,"Toán, Sinh học, Tiếng Anh",DDV,Viện nghiên cứu và đào tạo Việt Anh - Đại học Đà Nẵng,2ngành
B08,"Toán, Sinh học, Tiếng Anh",DHT,Trường Đại Học Khoa Học Huế,1ngành
B08,"Toán, Sinh học, Tiếng Anh",DTZ,Trường Đại Học Khoa Học Thái Nguyên,10ngành
B08,"Toán, Sinh học, Tiếng Anh",HDT,Trường Đại Học Hồng Đức,1ngành
B08,"Toán, Sinh học, Tiếng Anh",DNU,Trường Đại Học Đồng Nai,1ngành
B08,"Toán, Sinh học, Tiếng Anh",DHL,Trường Đại Học Nông Lâm Huế,2ngành
B08,"Toán, Sinh học, Tiếng Anh",DTQ,Khoa Quốc Tế - Đại Học Thái Nguyên,2ngành
B08,"Toán, Sinh học, Tiếng Anh",DCA,Trường Đại học Intracom,1ngành
B08,"Toán, Sinh học, Tiếng Anh",DLA,Trường Đại Học Kinh Tế Công Nghiệp Long An,1ngành
B08,"Toán, Sinh học, Tiếng Anh",UMT,Trường Đại học Quản lý và công nghệ TPHCM,7ngành
B08,"Toán, Sinh học, Tiếng Anh",HPU,Trường Đại học Quản lý và Công nghệ Hải Phòng,2ngành
B08,"Toán, Sinh học, Tiếng Anh",DSG,Trường Đại Học Công Nghệ Sài Gòn,23ngành
B08,"Toán, Sinh học, Tiếng Anh",DBG,Trường Đại học Nông Lâm Bắc Giang,6ngành
B08,"Toán, Sinh học, Tiếng Anh",TTB,Trường Đại Học Tây Bắc,3ngành
B08,"Toán, Sinh học, Tiếng Anh",TDL,Trường Đại Học Đà Lạt,6ngành
B08,"Toán, Sinh học, Tiếng Anh",DTP,Phân Hiệu Đại Học Thái Nguyên Tại Lào Cai,2ngành
B08,"Toán, Sinh học, Tiếng Anh",TQU,Trường Đại học Tân Trào,4ngành
B08,"Toán, Sinh học, Tiếng Anh",TKG,Trường Đại học Kiên Giang,4ngành
B08,"Toán, Sinh học, Tiếng Anh",DNB,Trường Đại Học Hoa Lư,2ngành
B08,"Toán, Sinh học, Tiếng Anh",DDA,Trường Đại Học Công Nghệ Đông Á,2ngành
X74,"Ngữ văn, Địa lí, GDKTPL",SPH,Trường Đại Học Sư Phạm Hà Nội,4ngành
X74,"Ngữ văn, Địa lí, GDKTPL",SPS,Trường Đại Học Sư Phạm TPHCM,4ngành
X74,"Ngữ văn, Địa lí, GDKTPL",HNM,Trường Đại học Thủ Đô Hà Nội,1ngành
X74,"Ngữ văn, Địa lí, GDKTPL",DKK,Trường Đại Học Kinh Tế Kỹ Thuật Công Nghiệp,4ngành
X74,"Ngữ văn, Địa lí, GDKTPL",HHK,Học Viện Hàng không Việt Nam,18ngành
X74,"Ngữ văn, Địa lí, GDKTPL",PKA,Đại Học Phenikaa,2ngành
X74,"Ngữ văn, Địa lí, GDKTPL",YTC,Trường Đại Học Y Tế Công Cộng,1ngành
X74,"Ngữ văn, Địa lí, GDKTPL",TDM,Trường Đại học Thủ Dầu Một,10ngành
X74,"Ngữ văn, Địa lí, GDKTPL",HVN,Học Viện Nông Nghiệp Việt Nam,3ngành
X74,"Ngữ văn, Địa lí, GDKTPL",DTS,Đại Học Sư Phạm Thái Nguyên,7ngành
X74,"Ngữ văn, Địa lí, GDKTPL",TCT,Đại Học Cần Thơ,3ngành
X74,"Ngữ văn, Địa lí, GDKTPL",DHS,Trường Đại Học Sư Phạm Huế,6ngành
X74,"Ngữ văn, Địa lí, GDKTPL",SGD,Trường Đại Học Sài Gòn,10ngành
X74,"Ngữ văn, Địa lí, GDKTPL",DDS,Trường Đại Học Sư Phạm - Đại Học Đà Nẵng,1ngành
X74,"Ngữ văn, Địa lí, GDKTPL",SP2,Trường Đại Học Sư Phạm Hà Nội 2,2ngành
X74,"Ngữ văn, Địa lí, GDKTPL",HTN,Học Viện Thanh Thiếu Niên Việt Nam,7ngành
X74,"Ngữ văn, Địa lí, GDKTPL",THV,Trường Đại Học Hùng Vương,6ngành
X74,"Ngữ văn, Địa lí, GDKTPL",TDV,Trường Đại Học Vinh,1ngành
X74,"Ngữ văn, Địa lí, GDKTPL",SPD,Trường Đại Học Đồng Tháp,13ngành
X74,"Ngữ văn, Địa lí, GDKTPL",DQN,Trường Đại Học Quy Nhơn,10ngành
X74,"Ngữ văn, Địa lí, GDKTPL",HLU,Trường Đại Học Hạ Long,4ngành
X74,"Ngữ văn, Địa lí, GDKTPL",DKT,Trường Đại Học Hải Dương,5ngành
X74,"Ngữ văn, Địa lí, GDKTPL",DQB,Trường Đại Học Quảng Bình,1ngành
X74,"Ngữ văn, Địa lí, GDKTPL",DPQ,Trường Đại Học Phạm Văn Đồng,3ngành
X74,"Ngữ văn, Địa lí, GDKTPL",DLX,Trường Đại Học Lao Động – Xã Hội,2ngành
X74,"Ngữ văn, Địa lí, GDKTPL",DQU,Trường Đại Học Quảng Nam,2ngành
X74,"Ngữ văn, Địa lí, GDKTPL",DLS,Trường Đại Học Lao Động – Xã Hội (Cơ sở II),1ngành
X74,"Ngữ văn, Địa lí, GDKTPL",DDP,Phân Hiệu Đại Học Đà Nẵng tại Kon Tum,3ngành
X74,"Ngữ văn, Địa lí, GDKTPL",KCC,Trường Đại học Kỹ Thuật Công Nghệ Cần Thơ,1ngành
X74,"Ngữ văn, Địa lí, GDKTPL",DVT,Đại Học Trà Vinh,5ngành
X74,"Ngữ văn, Địa lí, GDKTPL",NLS,Trường Đại Học Nông Lâm TPHCM,2ngành
X74,"Ngữ văn, Địa lí, GDKTPL",MBS,Trường Đại Học Mở TPHCM,4ngành
X74,"Ngữ văn, Địa lí, GDKTPL",DPD,Trường Đại Học Phương Đông,4ngành
X74,"Ngữ văn, Địa lí, GDKTPL",VLU,Trường Đại học Công nghệ kỹ thuật Vĩnh Long,5ngành
X74,"Ngữ văn, Địa lí, GDKTPL",DQK,Trường Đại Học Kinh Doanh và Công Nghệ Hà Nội,1ngành
X74,"Ngữ văn, Địa lí, GDKTPL",UKH,Trường Đại học Khánh Hòa,4ngành
X74,"Ngữ văn, Địa lí, GDKTPL",CMC,Trường Đại Học CMC,13ngành
X74,"Ngữ văn, Địa lí, GDKTPL",DHD,Trường Du Lịch - Đại Học Huế,4ngành
X74,"Ngữ văn, Địa lí, GDKTPL",DDN,Trường Đại Học Đại Nam,43ngành
X74,"Ngữ văn, Địa lí, GDKTPL",SDU,Trường Đại học Sao Đỏ,4ngành
X74,"Ngữ văn, Địa lí, GDKTPL",NLN,Phân hiệu Đại học Nông Lâm TPHCM tại Ninh Thuận,1ngành
X74,"Ngữ văn, Địa lí, GDKTPL",DTD,Trường Đại Học Tây Đô,1ngành
X74,"Ngữ văn, Địa lí, GDKTPL",DLH,Trường Đại Học Lạc Hồng,2ngành
X74,"Ngữ văn, Địa lí, GDKTPL",DHA,Trường Đại học Luật Huế,2ngành
X74,"Ngữ văn, Địa lí, GDKTPL",BVU,Trường Đại Học Bà Rịa – Vũng Tàu,34ngành
X74,"Ngữ văn, Địa lí, GDKTPL",TTG,Trường Đại Học Tiền Giang,1ngành
X74,"Ngữ văn, Địa lí, GDKTPL",LNH,Trường Đại Học Lâm nghiệp,10ngành
X74,"Ngữ văn, Địa lí, GDKTPL",DVH,Trường Đại Học Văn Hiến,13ngành
X74,"Ngữ văn, Địa lí, GDKTPL",DCD,Trường Đại Học Công Nghệ Đồng Nai,5ngành
X74,"Ngữ văn, Địa lí, GDKTPL",DTZ,Trường Đại Học Khoa Học Thái Nguyên,18ngành
X74,"Ngữ văn, Địa lí, GDKTPL",HDT,Trường Đại Học Hồng Đức,1ngành
X74,"Ngữ văn, Địa lí, GDKTPL",NTU,Trường Đại Học Nguyễn Trãi,1ngành
X74,"Ngữ văn, Địa lí, GDKTPL",VUI,Trường Đại Học Công Nghiệp Việt Trì,3ngành
X74,"Ngữ văn, Địa lí, GDKTPL",SIU,Trường Đại học Quốc Tế Sài Gòn,1ngành
X74,"Ngữ văn, Địa lí, GDKTPL",DLA,Trường Đại Học Kinh Tế Công Nghiệp Long An,3ngành
X74,"Ngữ văn, Địa lí, GDKTPL",LNA,Phân hiệu Đại học Lâm nghiệp tỉnh Gia Lai,2ngành
X74,"Ngữ văn, Địa lí, GDKTPL",DSG,Trường Đại Học Công Nghệ Sài Gòn,9ngành
X74,"Ngữ văn, Địa lí, GDKTPL",TTB,Trường Đại Học Tây Bắc,6ngành
X74,"Ngữ văn, Địa lí, GDKTPL",TDL,Trường Đại Học Đà Lạt,6ngành
X74,"Ngữ văn, Địa lí, GDKTPL",TQU,Trường Đại học Tân Trào,8ngành
X74,"Ngữ văn, Địa lí, GDKTPL",TKG,Trường Đại học Kiên Giang,5ngành
X74,"Ngữ văn, Địa lí, GDKTPL",DTG,Phân hiệu Đại học Thái Nguyên tại Hà Giang,4ngành
X74,"Ngữ văn, Địa lí, GDKTPL",DNB,Trường Đại Học Hoa Lư,2ngành
D15,"Ngữ văn, Địa lí, Tiếng Anh",SPS,Trường Đại Học Sư Phạm TPHCM,4ngành
D15,"Ngữ văn, Địa lí, Tiếng Anh",HNM,Trường Đại học Thủ Đô Hà Nội,9ngành
D15,"Ngữ văn, Địa lí, Tiếng Anh",DCN,Đại Học Công Nghiệp Hà Nội,8ngành
D15,"Ngữ văn, Địa lí, Tiếng Anh",HPN,Học Viện Phụ Nữ Việt Nam,14ngành
D15,"Ngữ văn, Địa lí, Tiếng Anh",DKK,Trường Đại Học Kinh Tế Kỹ Thuật Công Nghiệp,6ngành
D15,"Ngữ văn, Địa lí, Tiếng Anh",DCT,Trường Đại Học Công Thương TPHCM,9ngành
D15,"Ngữ văn, Địa lí, Tiếng Anh",HHK,Học Viện Hàng không Việt Nam,21ngành
D15,"Ngữ văn, Địa lí, Tiếng Anh",PKA,Đại Học Phenikaa,12ngành
D15,"Ngữ văn, Địa lí, Tiếng Anh",NHF,Trường Đại Học Hà Nội,3ngành
D15,"Ngữ văn, Địa lí, Tiếng Anh",YTC,Trường Đại Học Y Tế Công Cộng,1ngành
D15,"Ngữ văn, Địa lí, Tiếng Anh",HQT,Học Viện Ngoại Giao,9ngành
D15,"Ngữ văn, Địa lí, Tiếng Anh",TDM,Trường Đại học Thủ Dầu Một,13ngành
D15,"Ngữ văn, Địa lí, Tiếng Anh",DTL,Trường Đại Học Thăng Long,6ngành
D15,"Ngữ văn, Địa lí, Tiếng Anh",TLA,Trường Đại Học Thủy Lợi,2ngành
D15,"Ngữ văn, Địa lí, Tiếng Anh",VHH,Trường Đại Học Văn Hóa Hà Nội,21ngành
D15,"Ngữ văn, Địa lí, Tiếng Anh",DTT,Trường Đại Học Tôn Đức Thắng,12ngành
D15,"Ngữ văn, Địa lí, Tiếng Anh",HVN,Học Viện Nông Nghiệp Việt Nam,5ngành
D15,"Ngữ văn, Địa lí, Tiếng Anh",QHX,Trường Đại Học Khoa Học Xã Hội và Nhân Văn Hà Nội,29ngành
D15,"Ngữ văn, Địa lí, Tiếng Anh",QHF,Trường Đại Học Ngoại Ngữ - ĐH Quốc gia Hà Nội,16ngành
D15,"Ngữ văn, Địa lí, Tiếng Anh",HBT,Học viện Báo chí và Tuyên truyền,18ngành
D15,"Ngữ văn, Địa lí, Tiếng Anh",DTS,Đại Học Sư Phạm Thái Nguyên,1ngành
D15,"Ngữ văn, Địa lí, Tiếng Anh",TCT,Đại Học Cần Thơ,14ngành
D15,"Ngữ văn, Địa lí, Tiếng Anh",DKS,Trường Đại học Kiểm Sát,8ngành
D15,"Ngữ văn, Địa lí, Tiếng Anh",QHL,Trường Đại học Luật – ĐHQG Hà Nội,3ngành
D15,"Ngữ văn, Địa lí, Tiếng Anh",DHS,Trường Đại Học Sư Phạm Huế,1ngành
D15,"Ngữ văn, Địa lí, Tiếng Anh",SGD,Trường Đại Học Sài Gòn,12ngành
D15,"Ngữ văn, Địa lí, Tiếng Anh",DDS,Trường Đại Học Sư Phạm - Đại Học Đà Nẵng,2ngành
D15,"Ngữ văn, Địa lí, Tiếng Anh",SP2,Trường Đại Học Sư Phạm Hà Nội 2,1ngành
D15,"Ngữ văn, Địa lí, Tiếng Anh",QHS,Trường Đại Học Giáo Dục - ĐHQG Hà Nội,1ngành
D15,"Ngữ văn, Địa lí, Tiếng Anh",VHS,Trường Đại Học Văn Hóa TPHCM,13ngành
D15,"Ngữ văn, Địa lí, Tiếng Anh",LPS,Trường Đại Học Luật TPHCM,3ngành
D15,"Ngữ văn, Địa lí, Tiếng Anh",DHF,Trường Đại Học Ngoại Ngữ Huế,13ngành
D15,"Ngữ văn, Địa lí, Tiếng Anh",THV,Trường Đại Học Hùng Vương,2ngành
D15,"Ngữ văn, Địa lí, Tiếng Anh",THP,Trường Đại Học Hải Phòng,9ngành
D15,"Ngữ văn, Địa lí, Tiếng Anh",LDA,Trường Đại Học Công Đoàn,4ngành
D15,"Ngữ văn, Địa lí, Tiếng Anh",HHA,Trường Đại Học Hàng Hải Việt Nam,8ngành
D15,"Ngữ văn, Địa lí, Tiếng Anh",TDV,Trường Đại Học Vinh,1ngành
D15,"Ngữ văn, Địa lí, Tiếng Anh",HCH,Học Viện Hành Chính và Quản trị công,14ngành
D15,"Ngữ văn, Địa lí, Tiếng Anh",SPD,Trường Đại Học Đồng Tháp,8ngành
D15,"Ngữ văn, Địa lí, Tiếng Anh",QHK,Trường Khoa học liên ngành và Nghệ thuật Hà Nội,4ngành
D15,"Ngữ văn, Địa lí, Tiếng Anh",TTN,Trường Đại Học Tây Nguyên,2ngành
D15,"Ngữ văn, Địa lí, Tiếng Anh",DQN,Trường Đại Học Quy Nhơn,10ngành
D15,"Ngữ văn, Địa lí, Tiếng Anh",DTF,Trường Ngoại Ngữ Thái Nguyên,5ngành
D15,"Ngữ văn, Địa lí, Tiếng Anh",HLU,Trường Đại Học Hạ Long,10ngành
D15,"Ngữ văn, Địa lí, Tiếng Anh",DKT,Trường Đại Học Hải Dương,4ngành
D15,"Ngữ văn, Địa lí, Tiếng Anh",DQB,Trường Đại Học Quảng Bình,5ngành
D15,"Ngữ văn, Địa lí, Tiếng Anh",DPQ,Trường Đại Học Phạm Văn Đồng,1ngành
D15,"Ngữ văn, Địa lí, Tiếng Anh",HHT,Trường Đại Học Hà Tĩnh,2ngành
D15,"Ngữ văn, Địa lí, Tiếng Anh",DMT,Trường Đại học Tài Nguyên và Môi Trường Hà Nội,5ngành
D15,"Ngữ văn, Địa lí, Tiếng Anh",DLX,Trường Đại Học Lao Động – Xã Hội,1ngành
D15,"Ngữ văn, Địa lí, Tiếng Anh",DBL,Trường Đại Học Bạc Liêu,1ngành
D15,"Ngữ văn, Địa lí, Tiếng Anh",DQU,Trường Đại Học Quảng Nam,3ngành
D15,"Ngữ văn, Địa lí, Tiếng Anh",DLS,Trường Đại Học Lao Động – Xã Hội (Cơ sở II),1ngành
D15,"Ngữ văn, Địa lí, Tiếng Anh",DPY,Trường Đại Học Phú Yên,2ngành
D15,"Ngữ văn, Địa lí, Tiếng Anh",KCC,Trường Đại học Kỹ Thuật Công Nghệ Cần Thơ,2ngành
D15,"Ngữ văn, Địa lí, Tiếng Anh",DVT,Đại Học Trà Vinh,4ngành
D15,"Ngữ văn, Địa lí, Tiếng Anh",NLS,Trường Đại Học Nông Lâm TPHCM,2ngành
D15,"Ngữ văn, Địa lí, Tiếng Anh",HVC,Học viện cán bộ TPHCM,5ngành
D15,"Ngữ văn, Địa lí, Tiếng Anh",MBS,Trường Đại Học Mở TPHCM,15ngành
D15,"Ngữ văn, Địa lí, Tiếng Anh",DPD,Trường Đại Học Phương Đông,6ngành
D15,"Ngữ văn, Địa lí, Tiếng Anh",VLU,Trường Đại học Công nghệ kỹ thuật Vĩnh Long,12ngành
D15,"Ngữ văn, Địa lí, Tiếng Anh",KTD,Trường Đại Học Kiến Trúc Đà Nẵng,2ngành
D15,"Ngữ văn, Địa lí, Tiếng Anh",DQK,Trường Đại Học Kinh Doanh và Công Nghệ Hà Nội,3ngành
D15,"Ngữ văn, Địa lí, Tiếng Anh",DTK,Trường Đại Học Kỹ Thuật Công Nghiệp Thái Nguyên,1ngành
D15,"Ngữ văn, Địa lí, Tiếng Anh",UKH,Trường Đại học Khánh Hòa,12ngành
D15,"Ngữ văn, Địa lí, Tiếng Anh",DHI,Khoa Quốc tế - Đại học Huế,2ngành
D15,"Ngữ văn, Địa lí, Tiếng Anh",CMC,Trường Đại Học CMC,13ngành
D15,"Ngữ văn, Địa lí, Tiếng Anh",NTT,Trường Đại Học Nguyễn Tất Thành,5ngành
D15,"Ngữ văn, Địa lí, Tiếng Anh",DHD,Trường Du Lịch - Đại Học Huế,5ngành
D15,"Ngữ văn, Địa lí, Tiếng Anh",DDT,Đại Học Duy Tân,11ngành
D15,"Ngữ văn, Địa lí, Tiếng Anh",DNC,Trường Đại học Nam Cần Thơ,9ngành
D15,"Ngữ văn, Địa lí, Tiếng Anh",HIU,Trường Đại Học Quốc Tế Hồng Bàng,23ngành
D15,"Ngữ văn, Địa lí, Tiếng Anh",TTU,Trường Đại học Tân Tạo,3ngành
D15,"Ngữ văn, Địa lí, Tiếng Anh",DCL,Trường Đại Học Cửu Long,6ngành
D15,"Ngữ văn, Địa lí, Tiếng Anh",DVL,Trường Đại Học Văn Lang,11ngành
D15,"Ngữ văn, Địa lí, Tiếng Anh",UKB,Trường Đại Học Kinh Bắc,1ngành
D15,"Ngữ văn, Địa lí, Tiếng Anh",ETU,Trường Đại Học Hòa Bình,4ngành
D15,"Ngữ văn, Địa lí, Tiếng Anh",DDN,Trường Đại Học Đại Nam,46ngành
D15,"Ngữ văn, Địa lí, Tiếng Anh",DAD,Trường Đại Học Đông Á,24ngành
D15,"Ngữ văn, Địa lí, Tiếng Anh",TLS,Trường Đại Học Thủy Lợi (Cơ sở 2),2ngành
D15,"Ngữ văn, Địa lí, Tiếng Anh",SDU,Trường Đại học Sao Đỏ,5ngành
D15,"Ngữ văn, Địa lí, Tiếng Anh",NLN,Phân hiệu Đại học Nông Lâm TPHCM tại Ninh Thuận,1ngành
D15,"Ngữ văn, Địa lí, Tiếng Anh",DTD,Trường Đại Học Tây Đô,8ngành
D15,"Ngữ văn, Địa lí, Tiếng Anh",DKC,Trường Đại học Công Nghệ TPHCM,30ngành
D15,"Ngữ văn, Địa lí, Tiếng Anh",DDU,Trường Đại Học Đông Đô,4ngành
D15,"Ngữ văn, Địa lí, Tiếng Anh",DLH,Trường Đại Học Lạc Hồng,2ngành
D15,"Ngữ văn, Địa lí, Tiếng Anh",DDB,Trường Đại Học Thành Đông,3ngành
D15,"Ngữ văn, Địa lí, Tiếng Anh",DYD,Trường Đại Học Yersin Đà Lạt,4ngành
D15,"Ngữ văn, Địa lí, Tiếng Anh",TDD,Trường Đại học Thành Đô,2ngành
D15,"Ngữ văn, Địa lí, Tiếng Anh",DBD,Trường Đại Học Bình Dương,3ngành
D15,"Ngữ văn, Địa lí, Tiếng Anh",DTV,Trường Đại Học Lương Thế Vinh,9ngành
D15,"Ngữ văn, Địa lí, Tiếng Anh",VJU,Trường Đại học Việt Nhật - ĐHQG Hà Nội,2ngành
D15,"Ngữ văn, Địa lí, Tiếng Anh",BVU,Trường Đại Học Bà Rịa – Vũng Tàu,24ngành
D15,"Ngữ văn, Địa lí, Tiếng Anh",MIT,Trường Đại học Công nghệ Miền Đông,23ngành
D15,"Ngữ văn, Địa lí, Tiếng Anh",DKB,Trường Đại Học Kinh Tế Kỹ Thuật Bình Dương,7ngành
D15,"Ngữ văn, Địa lí, Tiếng Anh",UEF,Trường Đại Học Kinh Tế Tài Chính TPHCM,5ngành
D15,"Ngữ văn, Địa lí, Tiếng Anh",TTG,Trường Đại Học Tiền Giang,1ngành
D15,"Ngữ văn, Địa lí, Tiếng Anh",DNT,Trường Đại Học Ngoại Ngữ Tin Học TPHCM,12ngành
D15,"Ngữ văn, Địa lí, Tiếng Anh",CEA,Trường Đại học Nghệ An,4ngành
D15,"Ngữ văn, Địa lí, Tiếng Anh",LNH,Trường Đại Học Lâm nghiệp,9ngành
D15,"Ngữ văn, Địa lí, Tiếng Anh",DVH,Trường Đại Học Văn Hiến,10ngành
D15,"Ngữ văn, Địa lí, Tiếng Anh",DQT,Trường Đại Học Quang Trung,7ngành
D15,"Ngữ văn, Địa lí, Tiếng Anh",DPT,Trường Đại Học Phan Thiết,6ngành
D15,"Ngữ văn, Địa lí, Tiếng Anh",DVP,Trường Đại Học Trưng Vương,3ngành
D15,"Ngữ văn, Địa lí, Tiếng Anh",DCD,Trường Đại Học Công Nghệ Đồng Nai,6ngành
D15,"Ngữ văn, Địa lí, Tiếng Anh",DTB,Trường Đại Học Thái Bình,7ngành
D15,"Ngữ văn, Địa lí, Tiếng Anh",DTZ,Trường Đại Học Khoa Học Thái Nguyên,22ngành
D15,"Ngữ văn, Địa lí, Tiếng Anh",HDT,Trường Đại Học Hồng Đức,2ngành
D15,"Ngữ văn, Địa lí, Tiếng Anh",DNU,Trường Đại Học Đồng Nai,3ngành
D15,"Ngữ văn, Địa lí, Tiếng Anh",NTU,Trường Đại Học Nguyễn Trãi,4ngành
D15,"Ngữ văn, Địa lí, Tiếng Anh",VUI,Trường Đại Học Công Nghiệp Việt Trì,3ngành
D15,"Ngữ văn, Địa lí, Tiếng Anh",DTQ,Khoa Quốc Tế - Đại Học Thái Nguyên,7ngành
D15,"Ngữ văn, Địa lí, Tiếng Anh",SIU,Trường Đại học Quốc Tế Sài Gòn,2ngành
D15,"Ngữ văn, Địa lí, Tiếng Anh",DCA,Trường Đại học Intracom,4ngành
D15,"Ngữ văn, Địa lí, Tiếng Anh",DLA,Trường Đại Học Kinh Tế Công Nghiệp Long An,2ngành
D15,"Ngữ văn, Địa lí, Tiếng Anh",DCQ,Trường Đại Học Công Nghệ và Quản Lý Hữu Nghị,4ngành
D15,"Ngữ văn, Địa lí, Tiếng Anh",DHV,Trường Đại học Hùng Vương TPHCM,1ngành
D15,"Ngữ văn, Địa lí, Tiếng Anh",DVB,Trường Đại Học Kinh tế công nghệ Thái Nguyên,5ngành
D15,"Ngữ văn, Địa lí, Tiếng Anh",DPX,Trường Đại Học Phú Xuân,1ngành
D15,"Ngữ văn, Địa lí, Tiếng Anh",HPU,Trường Đại học Quản lý và Công nghệ Hải Phòng,2ngành
D15,"Ngữ văn, Địa lí, Tiếng Anh",LNA,Phân hiệu Đại học Lâm nghiệp tỉnh Gia Lai,2ngành
D15,"Ngữ văn, Địa lí, Tiếng Anh",GDU,Trường Đại Học Gia Định,6ngành
D15,"Ngữ văn, Địa lí, Tiếng Anh",DDM,Trường Đại Học Công Nghiệp Quảng Ninh,2ngành
D15,"Ngữ văn, Địa lí, Tiếng Anh",DSG,Trường Đại Học Công Nghệ Sài Gòn,9ngành
D15,"Ngữ văn, Địa lí, Tiếng Anh",TTB,Trường Đại Học Tây Bắc,6ngành
D15,"Ngữ văn, Địa lí, Tiếng Anh",TDL,Trường Đại Học Đà Lạt,9ngành
D15,"Ngữ văn, Địa lí, Tiếng Anh",DTP,Phân Hiệu Đại Học Thái Nguyên Tại Lào Cai,2ngành
D15,"Ngữ văn, Địa lí, Tiếng Anh",TQU,Trường Đại học Tân Trào,7ngành
D15,"Ngữ văn, Địa lí, Tiếng Anh",TKG,Trường Đại học Kiên Giang,4ngành
D15,"Ngữ văn, Địa lí, Tiếng Anh",DVD,"Trường Đại Học Văn Hóa, Thể Thao Và Du Lịch Thanh Hóa",1ngành
D15,"Ngữ văn, Địa lí, Tiếng Anh",DTG,Phân hiệu Đại học Thái Nguyên tại Hà Giang,1ngành
D15,"Ngữ văn, Địa lí, Tiếng Anh",DNB,Trường Đại Học Hoa Lư,2ngành
D15,"Ngữ văn, Địa lí, Tiếng Anh",DDA,Trường Đại Học Công Nghệ Đông Á,6ngành
D08,"Toán, Sinh học, Tiếng Anh",SPH,Trường Đại Học Sư Phạm Hà Nội,1ngành
D08,"Toán, Sinh học, Tiếng Anh",SPS,Trường Đại Học Sư Phạm TPHCM,2ngành
D08,"Toán, Sinh học, Tiếng Anh",HNM,Trường Đại học Thủ Đô Hà Nội,4ngành
D08,"Toán, Sinh học, Tiếng Anh",YTB,Trường Đại Học Y Dược Thái Bình,5ngành
D08,"Toán, Sinh học, Tiếng Anh",DCN,Đại Học Công Nghiệp Hà Nội,1ngành
D08,"Toán, Sinh học, Tiếng Anh",YPB,Trường Đại Học Y Dược Hải Phòng,7ngành
D08,"Toán, Sinh học, Tiếng Anh",HYD,Học Viện Y Dược Học Cổ Truyền Việt Nam,2ngành
D08,"Toán, Sinh học, Tiếng Anh",HHK,Học Viện Hàng không Việt Nam,33ngành
D08,"Toán, Sinh học, Tiếng Anh",PKA,Đại Học Phenikaa,27ngành
D08,"Toán, Sinh học, Tiếng Anh",TLA,Trường Đại Học Thủy Lợi,2ngành
D08,"Toán, Sinh học, Tiếng Anh",QHF,Trường Đại Học Ngoại Ngữ - ĐH Quốc gia Hà Nội,16ngành
D08,"Toán, Sinh học, Tiếng Anh",QHT,Trường Đại Học Khoa Học Tự Nhiên Hà Nội,8ngành
D08,"Toán, Sinh học, Tiếng Anh",SGD,Trường Đại Học Sài Gòn,22ngành
D08,"Toán, Sinh học, Tiếng Anh",QHY,Trường Đại học Y Dược - ĐHQG Hà Nội,5ngành
D08,"Toán, Sinh học, Tiếng Anh",DDK,Trường Đại Học Bách Khoa Đà Nẵng,5ngành
D08,"Toán, Sinh học, Tiếng Anh",DTY,Trường Đại Học Y Dược Thái Nguyên,8ngành
D08,"Toán, Sinh học, Tiếng Anh",SPD,Trường Đại Học Đồng Tháp,8ngành
D08,"Toán, Sinh học, Tiếng Anh",DQN,Trường Đại Học Quy Nhơn,3ngành
D08,"Toán, Sinh học, Tiếng Anh",DPY,Trường Đại Học Phú Yên,1ngành
D08,"Toán, Sinh học, Tiếng Anh",QHQ,Trường Quốc Tế  - ĐHQG Hà Nội,1ngành
D08,"Toán, Sinh học, Tiếng Anh",NLS,Trường Đại Học Nông Lâm TPHCM,26ngành
D08,"Toán, Sinh học, Tiếng Anh",SKH,Trường Đại Học Sư Phạm Kỹ Thuật Hưng Yên,5ngành
D08,"Toán, Sinh học, Tiếng Anh",MBS,Trường Đại Học Mở TPHCM,39ngành
D08,"Toán, Sinh học, Tiếng Anh",VLU,Trường Đại học Công nghệ kỹ thuật Vĩnh Long,8ngành
D08,"Toán, Sinh học, Tiếng Anh",DQK,Trường Đại Học Kinh Doanh và Công Nghệ Hà Nội,2ngành
D08,"Toán, Sinh học, Tiếng Anh",UKH,Trường Đại học Khánh Hòa,3ngành
D08,"Toán, Sinh học, Tiếng Anh",CMC,Trường Đại Học CMC,18ngành
D08,"Toán, Sinh học, Tiếng Anh",NTT,Trường Đại Học Nguyễn Tất Thành,3ngành
D08,"Toán, Sinh học, Tiếng Anh",DHD,Trường Du Lịch - Đại Học Huế,2ngành
D08,"Toán, Sinh học, Tiếng Anh",DTC,Trường Đại học Công Nghệ Thông Tin và Truyền Thông Thái Nguyên,28ngành
D08,"Toán, Sinh học, Tiếng Anh",DDT,Đại Học Duy Tân,8ngành
D08,"Toán, Sinh học, Tiếng Anh",DNC,Trường Đại học Nam Cần Thơ,7ngành
D08,"Toán, Sinh học, Tiếng Anh",HIU,Trường Đại Học Quốc Tế Hồng Bàng,15ngành
D08,"Toán, Sinh học, Tiếng Anh",TTU,Trường Đại học Tân Tạo,1ngành
D08,"Toán, Sinh học, Tiếng Anh",DCL,Trường Đại Học Cửu Long,1ngành
D08,"Toán, Sinh học, Tiếng Anh",UKB,Trường Đại Học Kinh Bắc,3ngành
D08,"Toán, Sinh học, Tiếng Anh",ETU,Trường Đại Học Hòa Bình,1ngành
D08,"Toán, Sinh học, Tiếng Anh",DDN,Trường Đại Học Đại Nam,49ngành
D08,"Toán, Sinh học, Tiếng Anh",QHD,Trường Quản Trị và Kinh Doanh - ĐHQG Hà Nội,6ngành
D08,"Toán, Sinh học, Tiếng Anh",VGU,Trường Đại Học Việt Đức,4ngành
D08,"Toán, Sinh học, Tiếng Anh",TLS,Trường Đại Học Thủy Lợi (Cơ sở 2),1ngành
D08,"Toán, Sinh học, Tiếng Anh",NLN,Phân hiệu Đại học Nông Lâm TPHCM tại Ninh Thuận,2ngành
D08,"Toán, Sinh học, Tiếng Anh",DTD,Trường Đại Học Tây Đô,3ngành
D08,"Toán, Sinh học, Tiếng Anh",DDU,Trường Đại Học Đông Đô,4ngành
D08,"Toán, Sinh học, Tiếng Anh",DDB,Trường Đại Học Thành Đông,5ngành
D08,"Toán, Sinh học, Tiếng Anh",DTV,Trường Đại Học Lương Thế Vinh,11ngành
D08,"Toán, Sinh học, Tiếng Anh",VJU,Trường Đại học Việt Nhật - ĐHQG Hà Nội,2ngành
D08,"Toán, Sinh học, Tiếng Anh",BVU,Trường Đại Học Bà Rịa – Vũng Tàu,11ngành
D08,"Toán, Sinh học, Tiếng Anh",MIT,Trường Đại học Công nghệ Miền Đông,16ngành
D08,"Toán, Sinh học, Tiếng Anh",DVH,Trường Đại Học Văn Hiến,1ngành
D08,"Toán, Sinh học, Tiếng Anh",DQT,Trường Đại Học Quang Trung,2ngành
D08,"Toán, Sinh học, Tiếng Anh",DPT,Trường Đại Học Phan Thiết,2ngành
D08,"Toán, Sinh học, Tiếng Anh",DVP,Trường Đại Học Trưng Vương,2ngành
D08,"Toán, Sinh học, Tiếng Anh",DTZ,Trường Đại Học Khoa Học Thái Nguyên,6ngành
D08,"Toán, Sinh học, Tiếng Anh",DTQ,Khoa Quốc Tế - Đại Học Thái Nguyên,2ngành
D08,"Toán, Sinh học, Tiếng Anh",DCA,Trường Đại học Intracom,2ngành
D08,"Toán, Sinh học, Tiếng Anh",HPU,Trường Đại học Quản lý và Công nghệ Hải Phòng,2ngành
D08,"Toán, Sinh học, Tiếng Anh",GDU,Trường Đại Học Gia Định,3ngành
D08,"Toán, Sinh học, Tiếng Anh",DSG,Trường Đại Học Công Nghệ Sài Gòn,23ngành
D08,"Toán, Sinh học, Tiếng Anh",TKG,Trường Đại học Kiên Giang,1ngành
D08,"Toán, Sinh học, Tiếng Anh",DDA,Trường Đại Học Công Nghệ Đông Á,1ngành
D08,"Toán, Sinh học, Tiếng Anh",BMU,Trường Đại học Y Dược Buôn Ma Thuột,7ngành
D09,"Toán, Lịch sử, Tiếng Anh",NHH,Học Viện Ngân Hàng,23ngành
D09,"Toán, Lịch sử, Tiếng Anh",TMU,Trường Đại Học Thương Mại,22ngành
D09,"Toán, Lịch sử, Tiếng Anh",SPS,Trường Đại Học Sư Phạm TPHCM,1ngành
D09,"Toán, Lịch sử, Tiếng Anh",GHA,Trường Đại Học Giao Thông Vận Tải,1ngành
D09,"Toán, Lịch sử, Tiếng Anh",HPN,Học Viện Phụ Nữ Việt Nam,3ngành
D09,"Toán, Lịch sử, Tiếng Anh",DKK,Trường Đại Học Kinh Tế Kỹ Thuật Công Nghiệp,19ngành
D09,"Toán, Lịch sử, Tiếng Anh",DCT,Trường Đại Học Công Thương TPHCM,7ngành
D09,"Toán, Lịch sử, Tiếng Anh",HHK,Học Viện Hàng không Việt Nam,33ngành
D09,"Toán, Lịch sử, Tiếng Anh",PKA,Đại Học Phenikaa,27ngành
D09,"Toán, Lịch sử, Tiếng Anh",HQT,Học Viện Ngoại Giao,11ngành
D09,"Toán, Lịch sử, Tiếng Anh",TDM,Trường Đại học Thủ Dầu Một,1ngành
D09,"Toán, Lịch sử, Tiếng Anh",DTL,Trường Đại Học Thăng Long,2ngành
D09,"Toán, Lịch sử, Tiếng Anh",TLA,Trường Đại Học Thủy Lợi,1ngành
D09,"Toán, Lịch sử, Tiếng Anh",DTT,Trường Đại Học Tôn Đức Thắng,2ngành
D09,"Toán, Lịch sử, Tiếng Anh",HVN,Học Viện Nông Nghiệp Việt Nam,1ngành
D09,"Toán, Lịch sử, Tiếng Anh",QHX,Trường Đại Học Khoa Học Xã Hội và Nhân Văn Hà Nội,29ngành
D09,"Toán, Lịch sử, Tiếng Anh",QHF,Trường Đại Học Ngoại Ngữ - ĐH Quốc gia Hà Nội,1ngành
D09,"Toán, Lịch sử, Tiếng Anh",QHE,Trường Đại Học Kinh Tế - ĐHQG Hà Nội,8ngành
D09,"Toán, Lịch sử, Tiếng Anh",TCT,Đại Học Cần Thơ,3ngành
D09,"Toán, Lịch sử, Tiếng Anh",DKS,Trường Đại học Kiểm Sát,8ngành
D09,"Toán, Lịch sử, Tiếng Anh",SGD,Trường Đại Học Sài Gòn,20ngành
D09,"Toán, Lịch sử, Tiếng Anh",QHS,Trường Đại Học Giáo Dục - ĐHQG Hà Nội,1ngành
D09,"Toán, Lịch sử, Tiếng Anh",VHS,Trường Đại Học Văn Hóa TPHCM,2ngành
D09,"Toán, Lịch sử, Tiếng Anh",LPS,Trường Đại Học Luật TPHCM,3ngành
D09,"Toán, Lịch sử, Tiếng Anh",DMS,Trường Đại Học Tài Chính Marketing,21ngành
D09,"Toán, Lịch sử, Tiếng Anh",GSA,Trường Đại Học Giao Thông Vận Tải (Cơ sở 2),1ngành
D09,"Toán, Lịch sử, Tiếng Anh",THP,Trường Đại Học Hải Phòng,3ngành
D09,"Toán, Lịch sử, Tiếng Anh",HCP,Học Viện Chính Sách và Phát Triển,1ngành
D09,"Toán, Lịch sử, Tiếng Anh",MHN,Trường Đại Học Mở Hà Nội,2ngành
D09,"Toán, Lịch sử, Tiếng Anh",LDA,Trường Đại Học Công Đoàn,12ngành
D09,"Toán, Lịch sử, Tiếng Anh",HHA,Trường Đại Học Hàng Hải Việt Nam,17ngành
D09,"Toán, Lịch sử, Tiếng Anh",SPD,Trường Đại Học Đồng Tháp,1ngành
D09,"Toán, Lịch sử, Tiếng Anh",TTN,Trường Đại Học Tây Nguyên,8ngành
D09,"Toán, Lịch sử, Tiếng Anh",DQN,Trường Đại Học Quy Nhơn,8ngành
D09,"Toán, Lịch sử, Tiếng Anh",HLU,Trường Đại Học Hạ Long,1ngành
D09,"Toán, Lịch sử, Tiếng Anh",DKT,Trường Đại Học Hải Dương,2ngành
D09,"Toán, Lịch sử, Tiếng Anh",DQB,Trường Đại Học Quảng Bình,2ngành
D09,"Toán, Lịch sử, Tiếng Anh",DMT,Trường Đại học Tài Nguyên và Môi Trường Hà Nội,1ngành
D09,"Toán, Lịch sử, Tiếng Anh",NHS,Trường Đại Học Ngân Hàng TPHCM,7ngành
D09,"Toán, Lịch sử, Tiếng Anh",DLX,Trường Đại Học Lao Động – Xã Hội,6ngành
D09,"Toán, Lịch sử, Tiếng Anh",DLS,Trường Đại Học Lao Động – Xã Hội (Cơ sở II),3ngành
D09,"Toán, Lịch sử, Tiếng Anh",DPY,Trường Đại Học Phú Yên,1ngành
D09,"Toán, Lịch sử, Tiếng Anh",KCC,Trường Đại học Kỹ Thuật Công Nghệ Cần Thơ,1ngành
D09,"Toán, Lịch sử, Tiếng Anh",QHQ,Trường Quốc Tế  - ĐHQG Hà Nội,4ngành
D09,"Toán, Lịch sử, Tiếng Anh",DVT,Đại Học Trà Vinh,1ngành
D09,"Toán, Lịch sử, Tiếng Anh",HVC,Học viện cán bộ TPHCM,5ngành
D09,"Toán, Lịch sử, Tiếng Anh",SKH,Trường Đại Học Sư Phạm Kỹ Thuật Hưng Yên,5ngành
D09,"Toán, Lịch sử, Tiếng Anh",MBS,Trường Đại Học Mở TPHCM,17ngành
D09,"Toán, Lịch sử, Tiếng Anh",FBU,Trường Đại Học Tài Chính Ngân Hàng Hà Nội,2ngành
D09,"Toán, Lịch sử, Tiếng Anh",MDA,Trường Đại Học Mỏ Địa Chất,3ngành
D09,"Toán, Lịch sử, Tiếng Anh",DDL,Trường Đại Học Điện Lực,2ngành
D09,"Toán, Lịch sử, Tiếng Anh",DPD,Trường Đại Học Phương Đông,7ngành
D09,"Toán, Lịch sử, Tiếng Anh",VLU,Trường Đại học Công nghệ kỹ thuật Vĩnh Long,24ngành
D09,"Toán, Lịch sử, Tiếng Anh",DQK,Trường Đại Học Kinh Doanh và Công Nghệ Hà Nội,7ngành
D09,"Toán, Lịch sử, Tiếng Anh",UKH,Trường Đại học Khánh Hòa,10ngành
D09,"Toán, Lịch sử, Tiếng Anh",CMC,Trường Đại Học CMC,18ngành
D09,"Toán, Lịch sử, Tiếng Anh",DHK,Trường Đại Học Kinh Tế - Đại Học Huế,22ngành
D09,"Toán, Lịch sử, Tiếng Anh",DHD,Trường Du Lịch - Đại Học Huế,2ngành
D09,"Toán, Lịch sử, Tiếng Anh",DTC,Trường Đại học Công Nghệ Thông Tin và Truyền Thông Thái Nguyên,28ngành
D09,"Toán, Lịch sử, Tiếng Anh",DDT,Đại Học Duy Tân,4ngành
D09,"Toán, Lịch sử, Tiếng Anh",HIU,Trường Đại Học Quốc Tế Hồng Bàng,25ngành
D09,"Toán, Lịch sử, Tiếng Anh",DCL,Trường Đại Học Cửu Long,2ngành
D09,"Toán, Lịch sử, Tiếng Anh",DVL,Trường Đại Học Văn Lang,6ngành
D09,"Toán, Lịch sử, Tiếng Anh",DDN,Trường Đại Học Đại Nam,47ngành
D09,"Toán, Lịch sử, Tiếng Anh",DAD,Trường Đại Học Đông Á,19ngành
D09,"Toán, Lịch sử, Tiếng Anh",KSV,Đại học Kinh Tế TPHCM - Phân hiệu Vĩnh Long,12ngành
D09,"Toán, Lịch sử, Tiếng Anh",QHD,Trường Quản Trị và Kinh Doanh - ĐHQG Hà Nội,6ngành
D09,"Toán, Lịch sử, Tiếng Anh",TLS,Trường Đại Học Thủy Lợi (Cơ sở 2),1ngành
D09,"Toán, Lịch sử, Tiếng Anh",SDU,Trường Đại học Sao Đỏ,1ngành
D09,"Toán, Lịch sử, Tiếng Anh",DKC,Trường Đại học Công Nghệ TPHCM,49ngành
D09,"Toán, Lịch sử, Tiếng Anh",DYD,Trường Đại Học Yersin Đà Lạt,1ngành
D09,"Toán, Lịch sử, Tiếng Anh",TDD,Trường Đại học Thành Đô,9ngành
D09,"Toán, Lịch sử, Tiếng Anh",DBD,Trường Đại Học Bình Dương,1ngành
D09,"Toán, Lịch sử, Tiếng Anh",DTV,Trường Đại Học Lương Thế Vinh,11ngành
D09,"Toán, Lịch sử, Tiếng Anh",BVU,Trường Đại Học Bà Rịa – Vũng Tàu,43ngành
D09,"Toán, Lịch sử, Tiếng Anh",DKB,Trường Đại Học Kinh Tế Kỹ Thuật Bình Dương,4ngành
D09,"Toán, Lịch sử, Tiếng Anh",DNT,Trường Đại Học Ngoại Ngữ Tin Học TPHCM,5ngành
D09,"Toán, Lịch sử, Tiếng Anh",CEA,Trường Đại học Nghệ An,3ngành
D09,"Toán, Lịch sử, Tiếng Anh",DVH,Trường Đại Học Văn Hiến,1ngành
D09,"Toán, Lịch sử, Tiếng Anh",DQT,Trường Đại Học Quang Trung,1ngành
D09,"Toán, Lịch sử, Tiếng Anh",HSU,Trường Đại Học Hoa Sen,14ngành
D09,"Toán, Lịch sử, Tiếng Anh",DVP,Trường Đại Học Trưng Vương,3ngành
D09,"Toán, Lịch sử, Tiếng Anh",DCD,Trường Đại Học Công Nghệ Đồng Nai,16ngành
D09,"Toán, Lịch sử, Tiếng Anh",EIU,Trường Đại Học Quốc Tế Miền Đông,3ngành
D09,"Toán, Lịch sử, Tiếng Anh",DDV,Viện nghiên cứu và đào tạo Việt Anh - Đại học Đà Nẵng,2ngành
D09,"Toán, Lịch sử, Tiếng Anh",DTZ,Trường Đại Học Khoa Học Thái Nguyên,26ngành
D09,"Toán, Lịch sử, Tiếng Anh",HDT,Trường Đại Học Hồng Đức,1ngành
D09,"Toán, Lịch sử, Tiếng Anh",DNU,Trường Đại Học Đồng Nai,1ngành
D09,"Toán, Lịch sử, Tiếng Anh",DTQ,Khoa Quốc Tế - Đại Học Thái Nguyên,1ngành
D09,"Toán, Lịch sử, Tiếng Anh",SIU,Trường Đại học Quốc Tế Sài Gòn,3ngành
D09,"Toán, Lịch sử, Tiếng Anh",DCQ,Trường Đại Học Công Nghệ và Quản Lý Hữu Nghị,3ngành
D09,"Toán, Lịch sử, Tiếng Anh",DPX,Trường Đại Học Phú Xuân,3ngành
D09,"Toán, Lịch sử, Tiếng Anh",HPU,Trường Đại học Quản lý và Công nghệ Hải Phòng,2ngành
D09,"Toán, Lịch sử, Tiếng Anh",DDM,Trường Đại Học Công Nghiệp Quảng Ninh,12ngành
D09,"Toán, Lịch sử, Tiếng Anh",DSG,Trường Đại Học Công Nghệ Sài Gòn,23ngành
D09,"Toán, Lịch sử, Tiếng Anh",TTB,Trường Đại Học Tây Bắc,3ngành
D09,"Toán, Lịch sử, Tiếng Anh",TDL,Trường Đại Học Đà Lạt,5ngành
D09,"Toán, Lịch sử, Tiếng Anh",DTP,Phân Hiệu Đại Học Thái Nguyên Tại Lào Cai,2ngành
D09,"Toán, Lịch sử, Tiếng Anh",TQU,Trường Đại học Tân Trào,4ngành
D09,"Toán, Lịch sử, Tiếng Anh",TKG,Trường Đại học Kiên Giang,14ngành
X70,"Ngữ văn, Lịch sử, GDKTPL",SPH,Trường Đại Học Sư Phạm Hà Nội,8ngành
X70,"Ngữ văn, Lịch sử, GDKTPL",SPS,Trường Đại Học Sư Phạm TPHCM,9ngành
X70,"Ngữ văn, Lịch sử, GDKTPL",HNM,Trường Đại học Thủ Đô Hà Nội,4ngành
X70,"Ngữ văn, Lịch sử, GDKTPL",DKK,Trường Đại Học Kinh Tế Kỹ Thuật Công Nghiệp,4ngành
X70,"Ngữ văn, Lịch sử, GDKTPL",HHK,Học Viện Hàng không Việt Nam,18ngành
X70,"Ngữ văn, Lịch sử, GDKTPL",PKA,Đại Học Phenikaa,11ngành
X70,"Ngữ văn, Lịch sử, GDKTPL",TDM,Trường Đại học Thủ Dầu Một,11ngành
X70,"Ngữ văn, Lịch sử, GDKTPL",VHH,Trường Đại Học Văn Hóa Hà Nội,19ngành
X70,"Ngữ văn, Lịch sử, GDKTPL",HVN,Học Viện Nông Nghiệp Việt Nam,3ngành
X70,"Ngữ văn, Lịch sử, GDKTPL",DTS,Đại Học Sư Phạm Thái Nguyên,6ngành
X70,"Ngữ văn, Lịch sử, GDKTPL",TCT,Đại Học Cần Thơ,6ngành
X70,"Ngữ văn, Lịch sử, GDKTPL",DHS,Trường Đại Học Sư Phạm Huế,8ngành
X70,"Ngữ văn, Lịch sử, GDKTPL",SGD,Trường Đại Học Sài Gòn,10ngành
X70,"Ngữ văn, Lịch sử, GDKTPL",DDS,Trường Đại Học Sư Phạm - Đại Học Đà Nẵng,6ngành
X70,"Ngữ văn, Lịch sử, GDKTPL",SP2,Trường Đại Học Sư Phạm Hà Nội 2,4ngành
X70,"Ngữ văn, Lịch sử, GDKTPL",THV,Trường Đại Học Hùng Vương,6ngành
X70,"Ngữ văn, Lịch sử, GDKTPL",LDA,Trường Đại Học Công Đoàn,5ngành
X70,"Ngữ văn, Lịch sử, GDKTPL",TDV,Trường Đại Học Vinh,5ngành
X70,"Ngữ văn, Lịch sử, GDKTPL",SPD,Trường Đại Học Đồng Tháp,12ngành
X70,"Ngữ văn, Lịch sử, GDKTPL",TTN,Trường Đại Học Tây Nguyên,4ngành
X70,"Ngữ văn, Lịch sử, GDKTPL",DQN,Trường Đại Học Quy Nhơn,11ngành
X70,"Ngữ văn, Lịch sử, GDKTPL",HLU,Trường Đại Học Hạ Long,4ngành
X70,"Ngữ văn, Lịch sử, GDKTPL",DKT,Trường Đại Học Hải Dương,5ngành
X70,"Ngữ văn, Lịch sử, GDKTPL",DQB,Trường Đại Học Quảng Bình,2ngành
X70,"Ngữ văn, Lịch sử, GDKTPL",DPQ,Trường Đại Học Phạm Văn Đồng,1ngành
X70,"Ngữ văn, Lịch sử, GDKTPL",DMT,Trường Đại học Tài Nguyên và Môi Trường Hà Nội,1ngành
X70,"Ngữ văn, Lịch sử, GDKTPL",DLX,Trường Đại Học Lao Động – Xã Hội,2ngành
X70,"Ngữ văn, Lịch sử, GDKTPL",DQU,Trường Đại Học Quảng Nam,3ngành
X70,"Ngữ văn, Lịch sử, GDKTPL",DLS,Trường Đại Học Lao Động – Xã Hội (Cơ sở II),1ngành
X70,"Ngữ văn, Lịch sử, GDKTPL",DPY,Trường Đại Học Phú Yên,3ngành
X70,"Ngữ văn, Lịch sử, GDKTPL",DDP,Phân Hiệu Đại Học Đà Nẵng tại Kon Tum,1ngành
X70,"Ngữ văn, Lịch sử, GDKTPL",KCC,Trường Đại học Kỹ Thuật Công Nghệ Cần Thơ,1ngành
X70,"Ngữ văn, Lịch sử, GDKTPL",DVT,Đại Học Trà Vinh,6ngành
X70,"Ngữ văn, Lịch sử, GDKTPL",NLS,Trường Đại Học Nông Lâm TPHCM,2ngành
X70,"Ngữ văn, Lịch sử, GDKTPL",MBS,Trường Đại Học Mở TPHCM,7ngành
X70,"Ngữ văn, Lịch sử, GDKTPL",DPD,Trường Đại Học Phương Đông,5ngành
X70,"Ngữ văn, Lịch sử, GDKTPL",VLU,Trường Đại học Công nghệ kỹ thuật Vĩnh Long,11ngành
X70,"Ngữ văn, Lịch sử, GDKTPL",DQK,Trường Đại Học Kinh Doanh và Công Nghệ Hà Nội,1ngành
X70,"Ngữ văn, Lịch sử, GDKTPL",UKH,Trường Đại học Khánh Hòa,4ngành
X70,"Ngữ văn, Lịch sử, GDKTPL",CMC,Trường Đại Học CMC,13ngành
X70,"Ngữ văn, Lịch sử, GDKTPL",DHD,Trường Du Lịch - Đại Học Huế,4ngành
X70,"Ngữ văn, Lịch sử, GDKTPL",DDN,Trường Đại Học Đại Nam,43ngành
X70,"Ngữ văn, Lịch sử, GDKTPL",DAD,Trường Đại Học Đông Á,20ngành
X70,"Ngữ văn, Lịch sử, GDKTPL",SDU,Trường Đại học Sao Đỏ,1ngành
X70,"Ngữ văn, Lịch sử, GDKTPL",NLN,Phân hiệu Đại học Nông Lâm TPHCM tại Ninh Thuận,1ngành
X70,"Ngữ văn, Lịch sử, GDKTPL",DTD,Trường Đại Học Tây Đô,1ngành
X70,"Ngữ văn, Lịch sử, GDKTPL",DDU,Trường Đại Học Đông Đô,4ngành
X70,"Ngữ văn, Lịch sử, GDKTPL",DLH,Trường Đại Học Lạc Hồng,2ngành
X70,"Ngữ văn, Lịch sử, GDKTPL",DHA,Trường Đại học Luật Huế,2ngành
X70,"Ngữ văn, Lịch sử, GDKTPL",BVU,Trường Đại Học Bà Rịa – Vũng Tàu,34ngành
X70,"Ngữ văn, Lịch sử, GDKTPL",TTG,Trường Đại Học Tiền Giang,1ngành
X70,"Ngữ văn, Lịch sử, GDKTPL",LNH,Trường Đại Học Lâm nghiệp,1ngành
X70,"Ngữ văn, Lịch sử, GDKTPL",DVH,Trường Đại Học Văn Hiến,12ngành
X70,"Ngữ văn, Lịch sử, GDKTPL",DCD,Trường Đại Học Công Nghệ Đồng Nai,5ngành
X70,"Ngữ văn, Lịch sử, GDKTPL",DTB,Trường Đại Học Thái Bình,7ngành
X70,"Ngữ văn, Lịch sử, GDKTPL",DHT,Trường Đại Học Khoa Học Huế,10ngành
X70,"Ngữ văn, Lịch sử, GDKTPL",DTZ,Trường Đại Học Khoa Học Thái Nguyên,18ngành
X70,"Ngữ văn, Lịch sử, GDKTPL",HDT,Trường Đại Học Hồng Đức,7ngành
X70,"Ngữ văn, Lịch sử, GDKTPL",DNU,Trường Đại Học Đồng Nai,1ngành
X70,"Ngữ văn, Lịch sử, GDKTPL",NTU,Trường Đại Học Nguyễn Trãi,1ngành
X70,"Ngữ văn, Lịch sử, GDKTPL",VUI,Trường Đại Học Công Nghiệp Việt Trì,3ngành
X70,"Ngữ văn, Lịch sử, GDKTPL",DTQ,Khoa Quốc Tế - Đại Học Thái Nguyên,5ngành
X70,"Ngữ văn, Lịch sử, GDKTPL",LNA,Phân hiệu Đại học Lâm nghiệp tỉnh Gia Lai,1ngành
X70,"Ngữ văn, Lịch sử, GDKTPL",DSG,Trường Đại Học Công Nghệ Sài Gòn,9ngành
X70,"Ngữ văn, Lịch sử, GDKTPL",TTB,Trường Đại Học Tây Bắc,6ngành
X70,"Ngữ văn, Lịch sử, GDKTPL",TDL,Trường Đại Học Đà Lạt,12ngành
X70,"Ngữ văn, Lịch sử, GDKTPL",TQU,Trường Đại học Tân Trào,8ngành
X70,"Ngữ văn, Lịch sử, GDKTPL",TKG,Trường Đại học Kiên Giang,2ngành
X70,"Ngữ văn, Lịch sử, GDKTPL",DVD,"Trường Đại Học Văn Hóa, Thể Thao Và Du Lịch Thanh Hóa",3ngành
X70,"Ngữ văn, Lịch sử, GDKTPL",DTG,Phân hiệu Đại học Thái Nguyên tại Hà Giang,4ngành
X70,"Ngữ văn, Lịch sử, GDKTPL",DNB,Trường Đại Học Hoa Lư,3ngành
D05,"Ngữ văn, Toán, Tiếng Đức",HHK,Học Viện Hàng không Việt Nam,33ngành
D05,"Ngữ văn, Toán, Tiếng Đức",NHF,Trường Đại Học Hà Nội,1ngành
D05,"Ngữ văn, Toán, Tiếng Đức",LPH,Trường Đại Học Luật Hà Nội,3ngành
D05,"Ngữ văn, Toán, Tiếng Đức",QHF,Trường Đại Học Ngoại Ngữ - ĐH Quốc gia Hà Nội,2ngành
D05,"Ngữ văn, Toán, Tiếng Đức",SGD,Trường Đại Học Sài Gòn,28ngành
D05,"Ngữ văn, Toán, Tiếng Đức",NLS,Trường Đại Học Nông Lâm TPHCM,3ngành
D05,"Ngữ văn, Toán, Tiếng Đức",MBS,Trường Đại Học Mở TPHCM,4ngành
D05,"Ngữ văn, Toán, Tiếng Đức",CMC,Trường Đại Học CMC,18ngành
D05,"Ngữ văn, Toán, Tiếng Đức",DTC,Trường Đại học Công Nghệ Thông Tin và Truyền Thông Thái Nguyên,26ngành
D05,"Ngữ văn, Toán, Tiếng Đức",DDN,Trường Đại Học Đại Nam,47ngành
D05,"Ngữ văn, Toán, Tiếng Đức",DTV,Trường Đại Học Lương Thế Vinh,9ngành
D05,"Ngữ văn, Toán, Tiếng Đức",SKN,Trường Đại Học Sư Phạm Kỹ Thuật Nam Định,16ngành
D05,"Ngữ văn, Toán, Tiếng Đức",DSG,Trường Đại Học Công Nghệ Sài Gòn,23ngành
D05,"Ngữ văn, Toán, Tiếng Đức",DBG,Trường Đại học Nông Lâm Bắc Giang,2ngành
D02,"Ngữ văn, Toán, Tiếng Nga",NTH,Trường Đại học Ngoại thương,1ngành
D02,"Ngữ văn, Toán, Tiếng Nga",SPS,Trường Đại Học Sư Phạm TPHCM,2ngành
D02,"Ngữ văn, Toán, Tiếng Nga",HHK,Học Viện Hàng không Việt Nam,33ngành
D02,"Ngữ văn, Toán, Tiếng Nga",NHF,Trường Đại Học Hà Nội,1ngành
D02,"Ngữ văn, Toán, Tiếng Nga",LPH,Trường Đại Học Luật Hà Nội,3ngành
D02,"Ngữ văn, Toán, Tiếng Nga",QHF,Trường Đại Học Ngoại Ngữ - ĐH Quốc gia Hà Nội,1ngành
D02,"Ngữ văn, Toán, Tiếng Nga",SGD,Trường Đại Học Sài Gòn,28ngành
D02,"Ngữ văn, Toán, Tiếng Nga",NQH,Học Viện Khoa Học Quân Sự - Hệ Quân sự,2ngành
D02,"Ngữ văn, Toán, Tiếng Nga",DHF,Trường Đại Học Ngoại Ngữ Huế,1ngành
D02,"Ngữ văn, Toán, Tiếng Nga",MBS,Trường Đại Học Mở TPHCM,4ngành
D02,"Ngữ văn, Toán, Tiếng Nga",CMC,Trường Đại Học CMC,18ngành
D02,"Ngữ văn, Toán, Tiếng Nga",DTC,Trường Đại học Công Nghệ Thông Tin và Truyền Thông Thái Nguyên,26ngành
D02,"Ngữ văn, Toán, Tiếng Nga",HVQ,Học Viện Quản Lý Giáo Dục,1ngành
D02,"Ngữ văn, Toán, Tiếng Nga",DDN,Trường Đại Học Đại Nam,47ngành
D02,"Ngữ văn, Toán, Tiếng Nga",DDU,Trường Đại Học Đông Đô,2ngành
D02,"Ngữ văn, Toán, Tiếng Nga",DTV,Trường Đại Học Lương Thế Vinh,9ngành
D02,"Ngữ văn, Toán, Tiếng Nga",DTE,Trường Đại học Kinh tế và Quản trị kinh doanh Thái Nguyên,1ngành
D02,"Ngữ văn, Toán, Tiếng Nga",DVP,Trường Đại Học Trưng Vương,1ngành
D02,"Ngữ văn, Toán, Tiếng Nga",HVD,Học Viện Dân Tộc,1ngành
D02,"Ngữ văn, Toán, Tiếng Nga",SKN,Trường Đại Học Sư Phạm Kỹ Thuật Nam Định,16ngành
D02,"Ngữ văn, Toán, Tiếng Nga",UMT,Trường Đại học Quản lý và công nghệ TPHCM,10ngành
D02,"Ngữ văn, Toán, Tiếng Nga",DSG,Trường Đại Học Công Nghệ Sài Gòn,23ngành
D02,"Ngữ văn, Toán, Tiếng Nga",DBG,Trường Đại học Nông Lâm Bắc Giang,2ngành
D02,"Ngữ văn, Toán, Tiếng Nga",DNH,Học Viện Khoa Học Quân Sự - Hệ Dân sự,1ngành
D29,"Toán, Vật lí, Tiếng Pháp",HHK,Học Viện Hàng không Việt Nam,33ngành
D29,"Toán, Vật lí, Tiếng Pháp",SGD,Trường Đại Học Sài Gòn,20ngành
D29,"Toán, Vật lí, Tiếng Pháp",LPS,Trường Đại Học Luật TPHCM,1ngành
D29,"Toán, Vật lí, Tiếng Pháp",XDA,Trường Đại Học Xây Dựng Hà Nội,2ngành
D29,"Toán, Vật lí, Tiếng Pháp",CMC,Trường Đại Học CMC,18ngành
D29,"Toán, Vật lí, Tiếng Pháp",NTT,Trường Đại Học Nguyễn Tất Thành,4ngành
D29,"Toán, Vật lí, Tiếng Pháp",DTC,Trường Đại học Công Nghệ Thông Tin và Truyền Thông Thái Nguyên,27ngành
D29,"Toán, Vật lí, Tiếng Pháp",DDN,Trường Đại Học Đại Nam,52ngành
D29,"Toán, Vật lí, Tiếng Pháp",VGU,Trường Đại Học Việt Đức,12ngành
D29,"Toán, Vật lí, Tiếng Pháp",DKC,Trường Đại học Công Nghệ TPHCM,4ngành
D29,"Toán, Vật lí, Tiếng Pháp",DTV,Trường Đại Học Lương Thế Vinh,7ngành
D29,"Toán, Vật lí, Tiếng Pháp",SKN,Trường Đại Học Sư Phạm Kỹ Thuật Nam Định,16ngành
D29,"Toán, Vật lí, Tiếng Pháp",UMT,Trường Đại học Quản lý và công nghệ TPHCM,10ngành
D29,"Toán, Vật lí, Tiếng Pháp",TBD,Trường Đại Học Thái Bình Dương,8ngành
D29,"Toán, Vật lí, Tiếng Pháp",DSG,Trường Đại Học Công Nghệ Sài Gòn,23ngành
D29,"Toán, Vật lí, Tiếng Pháp",BMU,Trường Đại học Y Dược Buôn Ma Thuột,7ngành
X78,"Ngữ văn, GDKTPL, Tiếng Anh",SPH,Trường Đại Học Sư Phạm Hà Nội,3ngành
X78,"Ngữ văn, GDKTPL, Tiếng Anh",SPS,Trường Đại Học Sư Phạm TPHCM,5ngành
X78,"Ngữ văn, GDKTPL, Tiếng Anh",HNM,Trường Đại học Thủ Đô Hà Nội,12ngành
X78,"Ngữ văn, GDKTPL, Tiếng Anh",DKK,Trường Đại Học Kinh Tế Kỹ Thuật Công Nghiệp,6ngành
X78,"Ngữ văn, GDKTPL, Tiếng Anh",HHK,Học Viện Hàng không Việt Nam,21ngành
X78,"Ngữ văn, GDKTPL, Tiếng Anh",PKA,Đại Học Phenikaa,14ngành
X78,"Ngữ văn, GDKTPL, Tiếng Anh",YTC,Trường Đại Học Y Tế Công Cộng,1ngành
X78,"Ngữ văn, GDKTPL, Tiếng Anh",TDM,Trường Đại học Thủ Dầu Một,3ngành
X78,"Ngữ văn, GDKTPL, Tiếng Anh",DTL,Trường Đại Học Thăng Long,1ngành
X78,"Ngữ văn, GDKTPL, Tiếng Anh",TLA,Trường Đại Học Thủy Lợi,1ngành
X78,"Ngữ văn, GDKTPL, Tiếng Anh",VHH,Trường Đại Học Văn Hóa Hà Nội,21ngành
X78,"Ngữ văn, GDKTPL, Tiếng Anh",HVN,Học Viện Nông Nghiệp Việt Nam,1ngành
X78,"Ngữ văn, GDKTPL, Tiếng Anh",HBT,Học viện Báo chí và Tuyên truyền,18ngành
X78,"Ngữ văn, GDKTPL, Tiếng Anh",TCT,Đại Học Cần Thơ,1ngành
X78,"Ngữ văn, GDKTPL, Tiếng Anh",DHS,Trường Đại Học Sư Phạm Huế,4ngành
X78,"Ngữ văn, GDKTPL, Tiếng Anh",SGD,Trường Đại Học Sài Gòn,10ngành
X78,"Ngữ văn, GDKTPL, Tiếng Anh",SP2,Trường Đại Học Sư Phạm Hà Nội 2,3ngành
X78,"Ngữ văn, GDKTPL, Tiếng Anh",VHS,Trường Đại Học Văn Hóa TPHCM,13ngành
X78,"Ngữ văn, GDKTPL, Tiếng Anh",LPS,Trường Đại Học Luật TPHCM,5ngành
X78,"Ngữ văn, GDKTPL, Tiếng Anh",THV,Trường Đại Học Hùng Vương,3ngành
X78,"Ngữ văn, GDKTPL, Tiếng Anh",TDV,Trường Đại Học Vinh,1ngành
X78,"Ngữ văn, GDKTPL, Tiếng Anh",SPD,Trường Đại Học Đồng Tháp,1ngành
X78,"Ngữ văn, GDKTPL, Tiếng Anh",QHK,Trường Khoa học liên ngành và Nghệ thuật Hà Nội,4ngành
X78,"Ngữ văn, GDKTPL, Tiếng Anh",DQN,Trường Đại Học Quy Nhơn,6ngành
X78,"Ngữ văn, GDKTPL, Tiếng Anh",DTF,Trường Ngoại Ngữ Thái Nguyên,5ngành
X78,"Ngữ văn, GDKTPL, Tiếng Anh",HLU,Trường Đại Học Hạ Long,8ngành
X78,"Ngữ văn, GDKTPL, Tiếng Anh",DKT,Trường Đại Học Hải Dương,2ngành
X78,"Ngữ văn, GDKTPL, Tiếng Anh",DQB,Trường Đại Học Quảng Bình,2ngành
X78,"Ngữ văn, GDKTPL, Tiếng Anh",DPQ,Trường Đại Học Phạm Văn Đồng,1ngành
X78,"Ngữ văn, GDKTPL, Tiếng Anh",HHT,Trường Đại Học Hà Tĩnh,2ngành
X78,"Ngữ văn, GDKTPL, Tiếng Anh",DMT,Trường Đại học Tài Nguyên và Môi Trường Hà Nội,1ngành
X78,"Ngữ văn, GDKTPL, Tiếng Anh",DBL,Trường Đại Học Bạc Liêu,1ngành
X78,"Ngữ văn, GDKTPL, Tiếng Anh",DPY,Trường Đại Học Phú Yên,2ngành
X78,"Ngữ văn, GDKTPL, Tiếng Anh",KCC,Trường Đại học Kỹ Thuật Công Nghệ Cần Thơ,2ngành
X78,"Ngữ văn, GDKTPL, Tiếng Anh",DVT,Đại Học Trà Vinh,7ngành
X78,"Ngữ văn, GDKTPL, Tiếng Anh",MBS,Trường Đại Học Mở TPHCM,17ngành
X78,"Ngữ văn, GDKTPL, Tiếng Anh",DDL,Trường Đại Học Điện Lực,2ngành
X78,"Ngữ văn, GDKTPL, Tiếng Anh",DPD,Trường Đại Học Phương Đông,11ngành
X78,"Ngữ văn, GDKTPL, Tiếng Anh",VLU,Trường Đại học Công nghệ kỹ thuật Vĩnh Long,14ngành
X78,"Ngữ văn, GDKTPL, Tiếng Anh",DQK,Trường Đại Học Kinh Doanh và Công Nghệ Hà Nội,5ngành
X78,"Ngữ văn, GDKTPL, Tiếng Anh",UKH,Trường Đại học Khánh Hòa,4ngành
X78,"Ngữ văn, GDKTPL, Tiếng Anh",CMC,Trường Đại Học CMC,13ngành
X78,"Ngữ văn, GDKTPL, Tiếng Anh",DHD,Trường Du Lịch - Đại Học Huế,5ngành
X78,"Ngữ văn, GDKTPL, Tiếng Anh",DCL,Trường Đại Học Cửu Long,1ngành
X78,"Ngữ văn, GDKTPL, Tiếng Anh",DVL,Trường Đại Học Văn Lang,11ngành
X78,"Ngữ văn, GDKTPL, Tiếng Anh",DDN,Trường Đại Học Đại Nam,44ngành
X78,"Ngữ văn, GDKTPL, Tiếng Anh",DAD,Trường Đại Học Đông Á,13ngành
X78,"Ngữ văn, GDKTPL, Tiếng Anh",SDU,Trường Đại học Sao Đỏ,4ngành
X78,"Ngữ văn, GDKTPL, Tiếng Anh",DTD,Trường Đại Học Tây Đô,3ngành
X78,"Ngữ văn, GDKTPL, Tiếng Anh",DKC,Trường Đại học Công Nghệ TPHCM,30ngành
X78,"Ngữ văn, GDKTPL, Tiếng Anh",DDU,Trường Đại Học Đông Đô,4ngành
X78,"Ngữ văn, GDKTPL, Tiếng Anh",DLH,Trường Đại Học Lạc Hồng,1ngành
X78,"Ngữ văn, GDKTPL, Tiếng Anh",DHA,Trường Đại học Luật Huế,2ngành
X78,"Ngữ văn, GDKTPL, Tiếng Anh",DYD,Trường Đại Học Yersin Đà Lạt,2ngành
X78,"Ngữ văn, GDKTPL, Tiếng Anh",VJU,Trường Đại học Việt Nhật - ĐHQG Hà Nội,2ngành
X78,"Ngữ văn, GDKTPL, Tiếng Anh",BVU,Trường Đại Học Bà Rịa – Vũng Tàu,9ngành
X78,"Ngữ văn, GDKTPL, Tiếng Anh",UEF,Trường Đại Học Kinh Tế Tài Chính TPHCM,5ngành
X78,"Ngữ văn, GDKTPL, Tiếng Anh",DNT,Trường Đại Học Ngoại Ngữ Tin Học TPHCM,9ngành
X78,"Ngữ văn, GDKTPL, Tiếng Anh",LNH,Trường Đại Học Lâm nghiệp,8ngành
X78,"Ngữ văn, GDKTPL, Tiếng Anh",DPT,Trường Đại Học Phan Thiết,6ngành
X78,"Ngữ văn, GDKTPL, Tiếng Anh",DCD,Trường Đại Học Công Nghệ Đồng Nai,6ngành
X78,"Ngữ văn, GDKTPL, Tiếng Anh",DTB,Trường Đại Học Thái Bình,7ngành
X78,"Ngữ văn, GDKTPL, Tiếng Anh",DHT,Trường Đại Học Khoa Học Huế,2ngành
X78,"Ngữ văn, GDKTPL, Tiếng Anh",DTZ,Trường Đại Học Khoa Học Thái Nguyên,21ngành
X78,"Ngữ văn, GDKTPL, Tiếng Anh",NTU,Trường Đại Học Nguyễn Trãi,3ngành
X78,"Ngữ văn, GDKTPL, Tiếng Anh",VUI,Trường Đại Học Công Nghiệp Việt Trì,6ngành
X78,"Ngữ văn, GDKTPL, Tiếng Anh",SIU,Trường Đại học Quốc Tế Sài Gòn,4ngành
X78,"Ngữ văn, GDKTPL, Tiếng Anh",DLA,Trường Đại Học Kinh Tế Công Nghiệp Long An,2ngành
X78,"Ngữ văn, GDKTPL, Tiếng Anh",HPU,Trường Đại học Quản lý và Công nghệ Hải Phòng,2ngành
X78,"Ngữ văn, GDKTPL, Tiếng Anh",LNA,Phân hiệu Đại học Lâm nghiệp tỉnh Gia Lai,2ngành
X78,"Ngữ văn, GDKTPL, Tiếng Anh",DSG,Trường Đại Học Công Nghệ Sài Gòn,9ngành
X78,"Ngữ văn, GDKTPL, Tiếng Anh",TTB,Trường Đại Học Tây Bắc,4ngành
X78,"Ngữ văn, GDKTPL, Tiếng Anh",TDL,Trường Đại Học Đà Lạt,7ngành
X78,"Ngữ văn, GDKTPL, Tiếng Anh",TKG,Trường Đại học Kiên Giang,3ngành
D28,"Toán, Vật lí, Tiếng Nhật",HHK,Học Viện Hàng không Việt Nam,33ngành
D28,"Toán, Vật lí, Tiếng Nhật",PKA,Đại Học Phenikaa,1ngành
D28,"Toán, Vật lí, Tiếng Nhật",SGD,Trường Đại Học Sài Gòn,20ngành
D28,"Toán, Vật lí, Tiếng Nhật",LPS,Trường Đại Học Luật TPHCM,1ngành
D28,"Toán, Vật lí, Tiếng Nhật",DDK,Trường Đại Học Bách Khoa Đà Nẵng,1ngành
D28,"Toán, Vật lí, Tiếng Nhật",CMC,Trường Đại Học CMC,18ngành
D28,"Toán, Vật lí, Tiếng Nhật",NTT,Trường Đại Học Nguyễn Tất Thành,4ngành
D28,"Toán, Vật lí, Tiếng Nhật",DTC,Trường Đại học Công Nghệ Thông Tin và Truyền Thông Thái Nguyên,27ngành
D28,"Toán, Vật lí, Tiếng Nhật",DDN,Trường Đại Học Đại Nam,52ngành
D28,"Toán, Vật lí, Tiếng Nhật",VGU,Trường Đại Học Việt Đức,12ngành
D28,"Toán, Vật lí, Tiếng Nhật",DKC,Trường Đại học Công Nghệ TPHCM,4ngành
D28,"Toán, Vật lí, Tiếng Nhật",DTV,Trường Đại Học Lương Thế Vinh,7ngành
D28,"Toán, Vật lí, Tiếng Nhật",VJU,Trường Đại học Việt Nhật - ĐHQG Hà Nội,7ngành
D28,"Toán, Vật lí, Tiếng Nhật",BVU,Trường Đại Học Bà Rịa – Vũng Tàu,30ngành
D28,"Toán, Vật lí, Tiếng Nhật",THU,Trường Đại học Y khoa Tokyo Việt Nam,4ngành
D28,"Toán, Vật lí, Tiếng Nhật",SKN,Trường Đại Học Sư Phạm Kỹ Thuật Nam Định,16ngành
D28,"Toán, Vật lí, Tiếng Nhật",UMT,Trường Đại học Quản lý và công nghệ TPHCM,10ngành
D28,"Toán, Vật lí, Tiếng Nhật",DSG,Trường Đại Học Công Nghệ Sài Gòn,23ngành
D28,"Toán, Vật lí, Tiếng Nhật",BMU,Trường Đại học Y Dược Buôn Ma Thuột,7ngành
X21,"Toán, Địa lí, GDKTPL",HHK,Học Viện Hàng không Việt Nam,33ngành
X21,"Toán, Địa lí, GDKTPL",PKA,Đại Học Phenikaa,14ngành
X21,"Toán, Địa lí, GDKTPL",QHT,Trường Đại Học Khoa Học Tự Nhiên Hà Nội,6ngành
X21,"Toán, Địa lí, GDKTPL",SGD,Trường Đại Học Sài Gòn,22ngành
X21,"Toán, Địa lí, GDKTPL",VHS,Trường Đại Học Văn Hóa TPHCM,11ngành
X21,"Toán, Địa lí, GDKTPL",HTN,Học Viện Thanh Thiếu Niên Việt Nam,8ngành
X21,"Toán, Địa lí, GDKTPL",DMS,Trường Đại Học Tài Chính Marketing,21ngành
X21,"Toán, Địa lí, GDKTPL",DQN,Trường Đại Học Quy Nhơn,3ngành
X21,"Toán, Địa lí, GDKTPL",HLU,Trường Đại Học Hạ Long,4ngành
X21,"Toán, Địa lí, GDKTPL",DKT,Trường Đại Học Hải Dương,1ngành
X21,"Toán, Địa lí, GDKTPL",DQB,Trường Đại Học Quảng Bình,2ngành
X21,"Toán, Địa lí, GDKTPL",HHT,Trường Đại Học Hà Tĩnh,2ngành
X21,"Toán, Địa lí, GDKTPL",DLX,Trường Đại Học Lao Động – Xã Hội,1ngành
X21,"Toán, Địa lí, GDKTPL",DQU,Trường Đại Học Quảng Nam,1ngành
X21,"Toán, Địa lí, GDKTPL",DLS,Trường Đại Học Lao Động – Xã Hội (Cơ sở II),1ngành
X21,"Toán, Địa lí, GDKTPL",DDP,Phân Hiệu Đại Học Đà Nẵng tại Kon Tum,2ngành
X21,"Toán, Địa lí, GDKTPL",VLU,Trường Đại học Công nghệ kỹ thuật Vĩnh Long,10ngành
X21,"Toán, Địa lí, GDKTPL",DQK,Trường Đại Học Kinh Doanh và Công Nghệ Hà Nội,9ngành
X21,"Toán, Địa lí, GDKTPL",CMC,Trường Đại Học CMC,18ngành
X21,"Toán, Địa lí, GDKTPL",DTC,Trường Đại học Công Nghệ Thông Tin và Truyền Thông Thái Nguyên,26ngành
X21,"Toán, Địa lí, GDKTPL",DCL,Trường Đại Học Cửu Long,7ngành
X21,"Toán, Địa lí, GDKTPL",DDN,Trường Đại Học Đại Nam,47ngành
X21,"Toán, Địa lí, GDKTPL",DAD,Trường Đại Học Đông Á,42ngành
X21,"Toán, Địa lí, GDKTPL",SDU,Trường Đại học Sao Đỏ,15ngành
X21,"Toán, Địa lí, GDKTPL",DTD,Trường Đại Học Tây Đô,3ngành
X21,"Toán, Địa lí, GDKTPL",BVU,Trường Đại Học Bà Rịa – Vũng Tàu,15ngành
X21,"Toán, Địa lí, GDKTPL",TTG,Trường Đại Học Tiền Giang,6ngành
X21,"Toán, Địa lí, GDKTPL",DQT,Trường Đại Học Quang Trung,2ngành
X21,"Toán, Địa lí, GDKTPL",DCD,Trường Đại Học Công Nghệ Đồng Nai,14ngành
X21,"Toán, Địa lí, GDKTPL",DHT,Trường Đại Học Khoa Học Huế,1ngành
X21,"Toán, Địa lí, GDKTPL",DTZ,Trường Đại Học Khoa Học Thái Nguyên,19ngành
X21,"Toán, Địa lí, GDKTPL",DHL,Trường Đại Học Nông Lâm Huế,3ngành
X21,"Toán, Địa lí, GDKTPL",SIU,Trường Đại học Quốc Tế Sài Gòn,1ngành
X21,"Toán, Địa lí, GDKTPL",DLA,Trường Đại Học Kinh Tế Công Nghiệp Long An,1ngành
X21,"Toán, Địa lí, GDKTPL",DDM,Trường Đại Học Công Nghiệp Quảng Ninh,12ngành
X21,"Toán, Địa lí, GDKTPL",DSG,Trường Đại Học Công Nghệ Sài Gòn,23ngành
X21,"Toán, Địa lí, GDKTPL",TTB,Trường Đại Học Tây Bắc,10ngành
X21,"Toán, Địa lí, GDKTPL",TKG,Trường Đại học Kiên Giang,16ngành
D23,"Toán, Hóa học, Tiếng Nhật",HHK,Học Viện Hàng không Việt Nam,33ngành
D23,"Toán, Hóa học, Tiếng Nhật",PKA,Đại Học Phenikaa,1ngành
D23,"Toán, Hóa học, Tiếng Nhật",SGD,Trường Đại Học Sài Gòn,22ngành
D23,"Toán, Hóa học, Tiếng Nhật",LPS,Trường Đại Học Luật TPHCM,1ngành
D23,"Toán, Hóa học, Tiếng Nhật",CMC,Trường Đại Học CMC,19ngành
D23,"Toán, Hóa học, Tiếng Nhật",DTC,Trường Đại học Công Nghệ Thông Tin và Truyền Thông Thái Nguyên,27ngành
D23,"Toán, Hóa học, Tiếng Nhật",DDN,Trường Đại Học Đại Nam,52ngành
D23,"Toán, Hóa học, Tiếng Nhật",VGU,Trường Đại Học Việt Đức,12ngành
D23,"Toán, Hóa học, Tiếng Nhật",DTV,Trường Đại Học Lương Thế Vinh,7ngành
D23,"Toán, Hóa học, Tiếng Nhật",VJU,Trường Đại học Việt Nhật - ĐHQG Hà Nội,7ngành
D23,"Toán, Hóa học, Tiếng Nhật",BVU,Trường Đại Học Bà Rịa – Vũng Tàu,2ngành
D23,"Toán, Hóa học, Tiếng Nhật",THU,Trường Đại học Y khoa Tokyo Việt Nam,4ngành
D23,"Toán, Hóa học, Tiếng Nhật",SKN,Trường Đại Học Sư Phạm Kỹ Thuật Nam Định,16ngành
D23,"Toán, Hóa học, Tiếng Nhật",UMT,Trường Đại học Quản lý và công nghệ TPHCM,3ngành
D23,"Toán, Hóa học, Tiếng Nhật",DSG,Trường Đại Học Công Nghệ Sài Gòn,23ngành
D23,"Toán, Hóa học, Tiếng Nhật",BMU,Trường Đại học Y Dược Buôn Ma Thuột,7ngành
D26,"Toán, Vật lí, Tiếng Đức",HHK,Học Viện Hàng không Việt Nam,33ngành
D26,"Toán, Vật lí, Tiếng Đức",SGD,Trường Đại Học Sài Gòn,20ngành
D26,"Toán, Vật lí, Tiếng Đức",CMC,Trường Đại Học CMC,18ngành
D26,"Toán, Vật lí, Tiếng Đức",NTT,Trường Đại Học Nguyễn Tất Thành,4ngành
D26,"Toán, Vật lí, Tiếng Đức",DTC,Trường Đại học Công Nghệ Thông Tin và Truyền Thông Thái Nguyên,27ngành
D26,"Toán, Vật lí, Tiếng Đức",DDN,Trường Đại Học Đại Nam,52ngành
D26,"Toán, Vật lí, Tiếng Đức",VGU,Trường Đại Học Việt Đức,12ngành
D26,"Toán, Vật lí, Tiếng Đức",DTV,Trường Đại Học Lương Thế Vinh,7ngành
D26,"Toán, Vật lí, Tiếng Đức",SKN,Trường Đại Học Sư Phạm Kỹ Thuật Nam Định,16ngành
D26,"Toán, Vật lí, Tiếng Đức",DSG,Trường Đại Học Công Nghệ Sài Gòn,23ngành
D26,"Toán, Vật lí, Tiếng Đức",BMU,Trường Đại học Y Dược Buôn Ma Thuột,7ngành
V00,"Toán, Vật lí, Vẽ Hình họa mỹ thuật",GHA,Trường Đại Học Giao Thông Vận Tải,1ngành
V00,"Toán, Vật lí, Vẽ Hình họa mỹ thuật",HHK,Học Viện Hàng không Việt Nam,33ngành
V00,"Toán, Vật lí, Vẽ Hình họa mỹ thuật",TDM,Trường Đại học Thủ Dầu Một,2ngành
V00,"Toán, Vật lí, Vẽ Hình họa mỹ thuật",DTT,Trường Đại Học Tôn Đức Thắng,5ngành
V00,"Toán, Vật lí, Vẽ Hình họa mỹ thuật",TCT,Đại Học Cần Thơ,4ngành
V00,"Toán, Vật lí, Vẽ Hình họa mỹ thuật",SGD,Trường Đại Học Sài Gòn,20ngành
V00,"Toán, Vật lí, Vẽ Hình họa mỹ thuật",GSA,Trường Đại Học Giao Thông Vận Tải (Cơ sở 2),1ngành
V00,"Toán, Vật lí, Vẽ Hình họa mỹ thuật",XDA,Trường Đại Học Xây Dựng Hà Nội,5ngành
V00,"Toán, Vật lí, Vẽ Hình họa mỹ thuật",KTD,Trường Đại Học Kiến Trúc Đà Nẵng,1ngành
V00,"Toán, Vật lí, Vẽ Hình họa mỹ thuật",DQK,Trường Đại Học Kinh Doanh và Công Nghệ Hà Nội,1ngành
V00,"Toán, Vật lí, Vẽ Hình họa mỹ thuật",CMC,Trường Đại Học CMC,18ngành
V00,"Toán, Vật lí, Vẽ Hình họa mỹ thuật",DTC,Trường Đại học Công Nghệ Thông Tin và Truyền Thông Thái Nguyên,27ngành
V00,"Toán, Vật lí, Vẽ Hình họa mỹ thuật",DDT,Đại Học Duy Tân,4ngành
V00,"Toán, Vật lí, Vẽ Hình họa mỹ thuật",DNC,Trường Đại học Nam Cần Thơ,1ngành
V00,"Toán, Vật lí, Vẽ Hình họa mỹ thuật",HIU,Trường Đại Học Quốc Tế Hồng Bàng,2ngành
V00,"Toán, Vật lí, Vẽ Hình họa mỹ thuật",ETU,Trường Đại Học Hòa Bình,2ngành
V00,"Toán, Vật lí, Vẽ Hình họa mỹ thuật",DDN,Trường Đại Học Đại Nam,52ngành
V00,"Toán, Vật lí, Vẽ Hình họa mỹ thuật",DAD,Trường Đại Học Đông Á,7ngành
V00,"Toán, Vật lí, Vẽ Hình họa mỹ thuật",DKC,Trường Đại học Công Nghệ TPHCM,6ngành
V00,"Toán, Vật lí, Vẽ Hình họa mỹ thuật",DYD,Trường Đại Học Yersin Đà Lạt,2ngành
V00,"Toán, Vật lí, Vẽ Hình họa mỹ thuật",DVH,Trường Đại Học Văn Hiến,1ngành
V00,"Toán, Vật lí, Vẽ Hình họa mỹ thuật",DCA,Trường Đại học Intracom,1ngành
V00,"Toán, Vật lí, Vẽ Hình họa mỹ thuật",DSG,Trường Đại Học Công Nghệ Sài Gòn,23ngành
D24,"Toán, Hóa học, Tiếng Pháp",HHK,Học Viện Hàng không Việt Nam,33ngành
D24,"Toán, Hóa học, Tiếng Pháp",SGD,Trường Đại Học Sài Gòn,22ngành
D24,"Toán, Hóa học, Tiếng Pháp",LPS,Trường Đại Học Luật TPHCM,1ngành
D24,"Toán, Hóa học, Tiếng Pháp",XDA,Trường Đại Học Xây Dựng Hà Nội,2ngành
D24,"Toán, Hóa học, Tiếng Pháp",CMC,Trường Đại Học CMC,19ngành
D24,"Toán, Hóa học, Tiếng Pháp",DTC,Trường Đại học Công Nghệ Thông Tin và Truyền Thông Thái Nguyên,27ngành
D24,"Toán, Hóa học, Tiếng Pháp",DDN,Trường Đại Học Đại Nam,52ngành
D24,"Toán, Hóa học, Tiếng Pháp",VGU,Trường Đại Học Việt Đức,12ngành
D24,"Toán, Hóa học, Tiếng Pháp",DTV,Trường Đại Học Lương Thế Vinh,7ngành
D24,"Toán, Hóa học, Tiếng Pháp",SKN,Trường Đại Học Sư Phạm Kỹ Thuật Nam Định,16ngành
D24,"Toán, Hóa học, Tiếng Pháp",UMT,Trường Đại học Quản lý và công nghệ TPHCM,3ngành
D24,"Toán, Hóa học, Tiếng Pháp",TBD,Trường Đại Học Thái Bình Dương,8ngành
D24,"Toán, Hóa học, Tiếng Pháp",DSG,Trường Đại Học Công Nghệ Sài Gòn,23ngành
D24,"Toán, Hóa học, Tiếng Pháp",BMU,Trường Đại học Y Dược Buôn Ma Thuột,7ngành
D27,"Toán, Vật lí, Tiếng Nga",HHK,Học Viện Hàng không Việt Nam,33ngành
D27,"Toán, Vật lí, Tiếng Nga",SGD,Trường Đại Học Sài Gòn,20ngành
D27,"Toán, Vật lí, Tiếng Nga",CMC,Trường Đại Học CMC,18ngành
D27,"Toán, Vật lí, Tiếng Nga",NTT,Trường Đại Học Nguyễn Tất Thành,4ngành
D27,"Toán, Vật lí, Tiếng Nga",DTC,Trường Đại học Công Nghệ Thông Tin và Truyền Thông Thái Nguyên,27ngành
D27,"Toán, Vật lí, Tiếng Nga",DDN,Trường Đại Học Đại Nam,52ngành
D27,"Toán, Vật lí, Tiếng Nga",VGU,Trường Đại Học Việt Đức,12ngành
D27,"Toán, Vật lí, Tiếng Nga",DTV,Trường Đại Học Lương Thế Vinh,7ngành
D27,"Toán, Vật lí, Tiếng Nga",SKN,Trường Đại Học Sư Phạm Kỹ Thuật Nam Định,16ngành
D27,"Toán, Vật lí, Tiếng Nga",DSG,Trường Đại Học Công Nghệ Sài Gòn,23ngành
D27,"Toán, Vật lí, Tiếng Nga",BMU,Trường Đại học Y Dược Buôn Ma Thuột,7ngành
D46,"Ngữ văn, Hóa học, Tiếng Đức",HHK,Học Viện Hàng không Việt Nam,18ngành
D46,"Ngữ văn, Hóa học, Tiếng Đức",SGD,Trường Đại Học Sài Gòn,6ngành
D46,"Ngữ văn, Hóa học, Tiếng Đức",CMC,Trường Đại Học CMC,13ngành
D46,"Ngữ văn, Hóa học, Tiếng Đức",DDN,Trường Đại Học Đại Nam,43ngành
D46,"Ngữ văn, Hóa học, Tiếng Đức",DSG,Trường Đại Học Công Nghệ Sài Gòn,9ngành
D21,"Toán, Hóa học, Tiếng Đức",HHK,Học Viện Hàng không Việt Nam,33ngành
D21,"Toán, Hóa học, Tiếng Đức",SGD,Trường Đại Học Sài Gòn,21ngành
D21,"Toán, Hóa học, Tiếng Đức",CMC,Trường Đại Học CMC,19ngành
D21,"Toán, Hóa học, Tiếng Đức",DTC,Trường Đại học Công Nghệ Thông Tin và Truyền Thông Thái Nguyên,27ngành
D21,"Toán, Hóa học, Tiếng Đức",DDN,Trường Đại Học Đại Nam,52ngành
D21,"Toán, Hóa học, Tiếng Đức",VGU,Trường Đại Học Việt Đức,12ngành
D21,"Toán, Hóa học, Tiếng Đức",DTV,Trường Đại Học Lương Thế Vinh,7ngành
D21,"Toán, Hóa học, Tiếng Đức",SKN,Trường Đại Học Sư Phạm Kỹ Thuật Nam Định,16ngành
D21,"Toán, Hóa học, Tiếng Đức",DSG,Trường Đại Học Công Nghệ Sài Gòn,23ngành
D21,"Toán, Hóa học, Tiếng Đức",BMU,Trường Đại học Y Dược Buôn Ma Thuột,7ngành
D30,"Toán, Vật lí, Tiếng Trung",HHK,Học Viện Hàng không Việt Nam,34ngành
D30,"Toán, Vật lí, Tiếng Trung",PKA,Đại Học Phenikaa,1ngành
D30,"Toán, Vật lí, Tiếng Trung",SGD,Trường Đại Học Sài Gòn,20ngành
D30,"Toán, Vật lí, Tiếng Trung",LPS,Trường Đại Học Luật TPHCM,1ngành
D30,"Toán, Vật lí, Tiếng Trung",SKH,Trường Đại Học Sư Phạm Kỹ Thuật Hưng Yên,1ngành
D30,"Toán, Vật lí, Tiếng Trung",CMC,Trường Đại Học CMC,18ngành
D30,"Toán, Vật lí, Tiếng Trung",NTT,Trường Đại Học Nguyễn Tất Thành,4ngành
D30,"Toán, Vật lí, Tiếng Trung",DTC,Trường Đại học Công Nghệ Thông Tin và Truyền Thông Thái Nguyên,28ngành
D30,"Toán, Vật lí, Tiếng Trung",ETU,Trường Đại Học Hòa Bình,1ngành
D30,"Toán, Vật lí, Tiếng Trung",DDN,Trường Đại Học Đại Nam,52ngành
D30,"Toán, Vật lí, Tiếng Trung",VGU,Trường Đại Học Việt Đức,12ngành
D30,"Toán, Vật lí, Tiếng Trung",DKC,Trường Đại học Công Nghệ TPHCM,4ngành
D30,"Toán, Vật lí, Tiếng Trung",DTV,Trường Đại Học Lương Thế Vinh,7ngành
D30,"Toán, Vật lí, Tiếng Trung",BVU,Trường Đại Học Bà Rịa – Vũng Tàu,30ngành
D30,"Toán, Vật lí, Tiếng Trung",SKN,Trường Đại Học Sư Phạm Kỹ Thuật Nam Định,16ngành
D30,"Toán, Vật lí, Tiếng Trung",UMT,Trường Đại học Quản lý và công nghệ TPHCM,10ngành
D30,"Toán, Vật lí, Tiếng Trung",TBD,Trường Đại Học Thái Bình Dương,8ngành
D30,"Toán, Vật lí, Tiếng Trung",DDM,Trường Đại Học Công Nghiệp Quảng Ninh,12ngành
D30,"Toán, Vật lí, Tiếng Trung",DSG,Trường Đại Học Công Nghệ Sài Gòn,23ngành
D30,"Toán, Vật lí, Tiếng Trung",BMU,Trường Đại học Y Dược Buôn Ma Thuột,7ngành
D47,"Ngữ văn, Hóa học, Tiếng Nga",HHK,Học Viện Hàng không Việt Nam,18ngành
D47,"Ngữ văn, Hóa học, Tiếng Nga",SGD,Trường Đại Học Sài Gòn,6ngành
D47,"Ngữ văn, Hóa học, Tiếng Nga",CMC,Trường Đại Học CMC,13ngành
D47,"Ngữ văn, Hóa học, Tiếng Nga",DDN,Trường Đại Học Đại Nam,43ngành
D47,"Ngữ văn, Hóa học, Tiếng Nga",DSG,Trường Đại Học Công Nghệ Sài Gòn,9ngành
D22,"Toán, Hóa học, Tiếng Nga",HHK,Học Viện Hàng không Việt Nam,33ngành
D22,"Toán, Hóa học, Tiếng Nga",SGD,Trường Đại Học Sài Gòn,21ngành
D22,"Toán, Hóa học, Tiếng Nga",CMC,Trường Đại Học CMC,19ngành
D22,"Toán, Hóa học, Tiếng Nga",DTC,Trường Đại học Công Nghệ Thông Tin và Truyền Thông Thái Nguyên,27ngành
D22,"Toán, Hóa học, Tiếng Nga",DDN,Trường Đại Học Đại Nam,52ngành
D22,"Toán, Hóa học, Tiếng Nga",VGU,Trường Đại Học Việt Đức,12ngành
D22,"Toán, Hóa học, Tiếng Nga",DTV,Trường Đại Học Lương Thế Vinh,7ngành
D22,"Toán, Hóa học, Tiếng Nga",SKN,Trường Đại Học Sư Phạm Kỹ Thuật Nam Định,16ngành
D22,"Toán, Hóa học, Tiếng Nga",DSG,Trường Đại Học Công Nghệ Sài Gòn,23ngành
D22,"Toán, Hóa học, Tiếng Nga",BMU,Trường Đại học Y Dược Buôn Ma Thuột,7ngành
H00,"Ngữ văn, Năng khiếu vẽ Nghệ thuật 1, Năng khiếu vẽ Nghệ thuật 2",HHK,Học Viện Hàng không Việt Nam,18ngành
H00,"Ngữ văn, Năng khiếu vẽ Nghệ thuật 1, Năng khiếu vẽ Nghệ thuật 2",DTT,Trường Đại Học Tôn Đức Thắng,6ngành
H00,"Ngữ văn, Năng khiếu vẽ Nghệ thuật 1, Năng khiếu vẽ Nghệ thuật 2",SGD,Trường Đại Học Sài Gòn,7ngành
H00,"Ngữ văn, Năng khiếu vẽ Nghệ thuật 1, Năng khiếu vẽ Nghệ thuật 2",DDS,Trường Đại Học Sư Phạm - Đại Học Đà Nẵng,1ngành
H00,"Ngữ văn, Năng khiếu vẽ Nghệ thuật 1, Năng khiếu vẽ Nghệ thuật 2",SPD,Trường Đại Học Đồng Tháp,1ngành
H00,"Ngữ văn, Năng khiếu vẽ Nghệ thuật 1, Năng khiếu vẽ Nghệ thuật 2",XDA,Trường Đại Học Xây Dựng Hà Nội,4ngành
H00,"Ngữ văn, Năng khiếu vẽ Nghệ thuật 1, Năng khiếu vẽ Nghệ thuật 2",KTD,Trường Đại Học Kiến Trúc Đà Nẵng,1ngành
H00,"Ngữ văn, Năng khiếu vẽ Nghệ thuật 1, Năng khiếu vẽ Nghệ thuật 2",DQK,Trường Đại Học Kinh Doanh và Công Nghệ Hà Nội,1ngành
H00,"Ngữ văn, Năng khiếu vẽ Nghệ thuật 1, Năng khiếu vẽ Nghệ thuật 2",CMC,Trường Đại Học CMC,13ngành
H00,"Ngữ văn, Năng khiếu vẽ Nghệ thuật 1, Năng khiếu vẽ Nghệ thuật 2",NTT,Trường Đại Học Nguyễn Tất Thành,1ngành
H00,"Ngữ văn, Năng khiếu vẽ Nghệ thuật 1, Năng khiếu vẽ Nghệ thuật 2",DDN,Trường Đại Học Đại Nam,43ngành
H00,"Ngữ văn, Năng khiếu vẽ Nghệ thuật 1, Năng khiếu vẽ Nghệ thuật 2",DSG,Trường Đại Học Công Nghệ Sài Gòn,9ngành
H00,"Ngữ văn, Năng khiếu vẽ Nghệ thuật 1, Năng khiếu vẽ Nghệ thuật 2",DVD,"Trường Đại Học Văn Hóa, Thể Thao Và Du Lịch Thanh Hóa",3ngành
D25,"Toán, Hóa học, Tiếng Trung",HHK,Học Viện Hàng không Việt Nam,34ngành
D25,"Toán, Hóa học, Tiếng Trung",SGD,Trường Đại Học Sài Gòn,21ngành
D25,"Toán, Hóa học, Tiếng Trung",LPS,Trường Đại Học Luật TPHCM,1ngành
D25,"Toán, Hóa học, Tiếng Trung",SKH,Trường Đại Học Sư Phạm Kỹ Thuật Hưng Yên,1ngành
D25,"Toán, Hóa học, Tiếng Trung",CMC,Trường Đại Học CMC,19ngành
D25,"Toán, Hóa học, Tiếng Trung",DTC,Trường Đại học Công Nghệ Thông Tin và Truyền Thông Thái Nguyên,28ngành
D25,"Toán, Hóa học, Tiếng Trung",DDN,Trường Đại Học Đại Nam,52ngành
D25,"Toán, Hóa học, Tiếng Trung",VGU,Trường Đại Học Việt Đức,12ngành
D25,"Toán, Hóa học, Tiếng Trung",DTV,Trường Đại Học Lương Thế Vinh,7ngành
D25,"Toán, Hóa học, Tiếng Trung",BVU,Trường Đại Học Bà Rịa – Vũng Tàu,2ngành
D25,"Toán, Hóa học, Tiếng Trung",SKN,Trường Đại Học Sư Phạm Kỹ Thuật Nam Định,16ngành
D25,"Toán, Hóa học, Tiếng Trung",UMT,Trường Đại học Quản lý và công nghệ TPHCM,3ngành
D25,"Toán, Hóa học, Tiếng Trung",TBD,Trường Đại Học Thái Bình Dương,8ngành
D25,"Toán, Hóa học, Tiếng Trung",DSG,Trường Đại Học Công Nghệ Sài Gòn,23ngành
D25,"Toán, Hóa học, Tiếng Trung",BMU,Trường Đại học Y Dược Buôn Ma Thuột,7ngành
V01,"Toán, Ngữ văn, Vẽ Hình họa mỹ thuật",GHA,Trường Đại Học Giao Thông Vận Tải,1ngành
V01,"Toán, Ngữ văn, Vẽ Hình họa mỹ thuật",HHK,Học Viện Hàng không Việt Nam,33ngành
V01,"Toán, Ngữ văn, Vẽ Hình họa mỹ thuật",TDM,Trường Đại học Thủ Dầu Một,2ngành
V01,"Toán, Ngữ văn, Vẽ Hình họa mỹ thuật",DTT,Trường Đại Học Tôn Đức Thắng,7ngành
V01,"Toán, Ngữ văn, Vẽ Hình họa mỹ thuật",TCT,Đại Học Cần Thơ,1ngành
V01,"Toán, Ngữ văn, Vẽ Hình họa mỹ thuật",SGD,Trường Đại Học Sài Gòn,28ngành
V01,"Toán, Ngữ văn, Vẽ Hình họa mỹ thuật",GSA,Trường Đại Học Giao Thông Vận Tải (Cơ sở 2),1ngành
V01,"Toán, Ngữ văn, Vẽ Hình họa mỹ thuật",THP,Trường Đại Học Hải Phòng,1ngành
V01,"Toán, Ngữ văn, Vẽ Hình họa mỹ thuật",TDV,Trường Đại Học Vinh,1ngành
V01,"Toán, Ngữ văn, Vẽ Hình họa mỹ thuật",XDA,Trường Đại Học Xây Dựng Hà Nội,1ngành
V01,"Toán, Ngữ văn, Vẽ Hình họa mỹ thuật",KTD,Trường Đại Học Kiến Trúc Đà Nẵng,1ngành
V01,"Toán, Ngữ văn, Vẽ Hình họa mỹ thuật",DQK,Trường Đại Học Kinh Doanh và Công Nghệ Hà Nội,1ngành
V01,"Toán, Ngữ văn, Vẽ Hình họa mỹ thuật",CMC,Trường Đại Học CMC,18ngành
V01,"Toán, Ngữ văn, Vẽ Hình họa mỹ thuật",NTT,Trường Đại Học Nguyễn Tất Thành,3ngành
V01,"Toán, Ngữ văn, Vẽ Hình họa mỹ thuật",DTC,Trường Đại học Công Nghệ Thông Tin và Truyền Thông Thái Nguyên,26ngành
V01,"Toán, Ngữ văn, Vẽ Hình họa mỹ thuật",DDT,Đại Học Duy Tân,7ngành
V01,"Toán, Ngữ văn, Vẽ Hình họa mỹ thuật",DNC,Trường Đại học Nam Cần Thơ,1ngành
V01,"Toán, Ngữ văn, Vẽ Hình họa mỹ thuật",HIU,Trường Đại Học Quốc Tế Hồng Bàng,2ngành
V01,"Toán, Ngữ văn, Vẽ Hình họa mỹ thuật",ETU,Trường Đại Học Hòa Bình,2ngành
V01,"Toán, Ngữ văn, Vẽ Hình họa mỹ thuật",DDN,Trường Đại Học Đại Nam,47ngành
V01,"Toán, Ngữ văn, Vẽ Hình họa mỹ thuật",DAD,Trường Đại Học Đông Á,8ngành
V01,"Toán, Ngữ văn, Vẽ Hình họa mỹ thuật",DKC,Trường Đại học Công Nghệ TPHCM,6ngành
V01,"Toán, Ngữ văn, Vẽ Hình họa mỹ thuật",LNH,Trường Đại Học Lâm nghiệp,1ngành
V01,"Toán, Ngữ văn, Vẽ Hình họa mỹ thuật",LNS,Phân hiệu Đại Học Lâm nghiệp tại Đồng Nai,1ngành
V01,"Toán, Ngữ văn, Vẽ Hình họa mỹ thuật",DCA,Trường Đại học Intracom,1ngành
V01,"Toán, Ngữ văn, Vẽ Hình họa mỹ thuật",DSG,Trường Đại Học Công Nghệ Sài Gòn,23ngành
A07,"Toán, Lịch sử, Địa lí",HHK,Học Viện Hàng không Việt Nam,33ngành
A07,"Toán, Lịch sử, Địa lí",PKA,Đại Học Phenikaa,17ngành
A07,"Toán, Lịch sử, Địa lí",HVN,Học Viện Nông Nghiệp Việt Nam,5ngành
A07,"Toán, Lịch sử, Địa lí",HBT,Học viện Báo chí và Tuyên truyền,1ngành
A07,"Toán, Lịch sử, Địa lí",QHT,Trường Đại Học Khoa Học Tự Nhiên Hà Nội,6ngành
A07,"Toán, Lịch sử, Địa lí",TCT,Đại Học Cần Thơ,1ngành
A07,"Toán, Lịch sử, Địa lí",QHL,Trường Đại học Luật – ĐHQG Hà Nội,3ngành
A07,"Toán, Lịch sử, Địa lí",SGD,Trường Đại Học Sài Gòn,22ngành
A07,"Toán, Lịch sử, Địa lí",SP2,Trường Đại Học Sư Phạm Hà Nội 2,2ngành
A07,"Toán, Lịch sử, Địa lí",QHS,Trường Đại Học Giáo Dục - ĐHQG Hà Nội,2ngành
A07,"Toán, Lịch sử, Địa lí",VHS,Trường Đại Học Văn Hóa TPHCM,9ngành
A07,"Toán, Lịch sử, Địa lí",DMS,Trường Đại Học Tài Chính Marketing,21ngành
A07,"Toán, Lịch sử, Địa lí",HCH,Học Viện Hành Chính và Quản trị công,1ngành
A07,"Toán, Lịch sử, Địa lí",SPD,Trường Đại Học Đồng Tháp,3ngành
A07,"Toán, Lịch sử, Địa lí",DQN,Trường Đại Học Quy Nhơn,1ngành
A07,"Toán, Lịch sử, Địa lí",DKT,Trường Đại Học Hải Dương,1ngành
A07,"Toán, Lịch sử, Địa lí",DMT,Trường Đại học Tài Nguyên và Môi Trường Hà Nội,2ngành
A07,"Toán, Lịch sử, Địa lí",NHS,Trường Đại Học Ngân Hàng TPHCM,2ngành
A07,"Toán, Lịch sử, Địa lí",HVC,Học viện cán bộ TPHCM,5ngành
A07,"Toán, Lịch sử, Địa lí",DQK,Trường Đại Học Kinh Doanh và Công Nghệ Hà Nội,1ngành
A07,"Toán, Lịch sử, Địa lí",UKH,Trường Đại học Khánh Hòa,1ngành
A07,"Toán, Lịch sử, Địa lí",CMC,Trường Đại Học CMC,18ngành
A07,"Toán, Lịch sử, Địa lí",NTT,Trường Đại Học Nguyễn Tất Thành,1ngành
A07,"Toán, Lịch sử, Địa lí",DTC,Trường Đại học Công Nghệ Thông Tin và Truyền Thông Thái Nguyên,26ngành
A07,"Toán, Lịch sử, Địa lí",DDT,Đại Học Duy Tân,20ngành
A07,"Toán, Lịch sử, Địa lí",DCL,Trường Đại Học Cửu Long,1ngành
A07,"Toán, Lịch sử, Địa lí",DDN,Trường Đại Học Đại Nam,47ngành
A07,"Toán, Lịch sử, Địa lí",DAD,Trường Đại Học Đông Á,27ngành
A07,"Toán, Lịch sử, Địa lí",SDU,Trường Đại học Sao Đỏ,16ngành
A07,"Toán, Lịch sử, Địa lí",DTD,Trường Đại Học Tây Đô,4ngành
A07,"Toán, Lịch sử, Địa lí",DDB,Trường Đại Học Thành Đông,4ngành
A07,"Toán, Lịch sử, Địa lí",DYD,Trường Đại Học Yersin Đà Lạt,1ngành
A07,"Toán, Lịch sử, Địa lí",DTV,Trường Đại Học Lương Thế Vinh,10ngành
A07,"Toán, Lịch sử, Địa lí",MIT,Trường Đại học Công nghệ Miền Đông,14ngành
A07,"Toán, Lịch sử, Địa lí",TTG,Trường Đại Học Tiền Giang,1ngành
A07,"Toán, Lịch sử, Địa lí",LNH,Trường Đại Học Lâm nghiệp,4ngành
A07,"Toán, Lịch sử, Địa lí",DVP,Trường Đại Học Trưng Vương,6ngành
A07,"Toán, Lịch sử, Địa lí",DCD,Trường Đại Học Công Nghệ Đồng Nai,8ngành
A07,"Toán, Lịch sử, Địa lí",EIU,Trường Đại Học Quốc Tế Miền Đông,2ngành
A07,"Toán, Lịch sử, Địa lí",DTZ,Trường Đại Học Khoa Học Thái Nguyên,20ngành
A07,"Toán, Lịch sử, Địa lí",LNS,Phân hiệu Đại Học Lâm nghiệp tại Đồng Nai,5ngành
A07,"Toán, Lịch sử, Địa lí",NTU,Trường Đại Học Nguyễn Trãi,2ngành
A07,"Toán, Lịch sử, Địa lí",DHL,Trường Đại Học Nông Lâm Huế,2ngành
A07,"Toán, Lịch sử, Địa lí",SIU,Trường Đại học Quốc Tế Sài Gòn,5ngành
A07,"Toán, Lịch sử, Địa lí",DTN,Trường Đại Học Nông Lâm Thái Nguyên,9ngành
A07,"Toán, Lịch sử, Địa lí",TBD,Trường Đại Học Thái Bình Dương,5ngành
A07,"Toán, Lịch sử, Địa lí",MTU,Trường Đại Học Xây Dựng Miền Tây,2ngành
A07,"Toán, Lịch sử, Địa lí",VHD,Trường Đại Học Công Nghiệp Việt - Hung,21ngành
A07,"Toán, Lịch sử, Địa lí",DDM,Trường Đại Học Công Nghiệp Quảng Ninh,12ngành
A07,"Toán, Lịch sử, Địa lí",DSG,Trường Đại Học Công Nghệ Sài Gòn,23ngành
A07,"Toán, Lịch sử, Địa lí",DBG,Trường Đại học Nông Lâm Bắc Giang,10ngành
A07,"Toán, Lịch sử, Địa lí",TTB,Trường Đại Học Tây Bắc,2ngành
A07,"Toán, Lịch sử, Địa lí",TKG,Trường Đại học Kiên Giang,1ngành
A07,"Toán, Lịch sử, Địa lí",DDA,Trường Đại Học Công Nghệ Đông Á,18ngành
AH1,"Toán, Địa lí, Tiếng Hàn",HHK,Học Viện Hàng không Việt Nam,34ngành
AH1,"Toán, Địa lí, Tiếng Hàn",PKA,Đại Học Phenikaa,1ngành
AH1,"Toán, Địa lí, Tiếng Hàn",SGD,Trường Đại Học Sài Gòn,22ngành
AH1,"Toán, Địa lí, Tiếng Hàn",HLU,Trường Đại Học Hạ Long,1ngành
AH1,"Toán, Địa lí, Tiếng Hàn",CMC,Trường Đại Học CMC,18ngành
AH1,"Toán, Địa lí, Tiếng Hàn",DTC,Trường Đại học Công Nghệ Thông Tin và Truyền Thông Thái Nguyên,26ngành
AH1,"Toán, Địa lí, Tiếng Hàn",DDN,Trường Đại Học Đại Nam,47ngành
AH1,"Toán, Địa lí, Tiếng Hàn",BVU,Trường Đại Học Bà Rịa – Vũng Tàu,15ngành
AH1,"Toán, Địa lí, Tiếng Hàn",DTZ,Trường Đại Học Khoa Học Thái Nguyên,2ngành
AH1,"Toán, Địa lí, Tiếng Hàn",DSG,Trường Đại Học Công Nghệ Sài Gòn,23ngành
V02,"Toán, Tiếng Anh, Vẽ mỹ thuật",HHK,Học Viện Hàng không Việt Nam,33ngành
V02,"Toán, Tiếng Anh, Vẽ mỹ thuật",TDM,Trường Đại học Thủ Dầu Một,2ngành
V02,"Toán, Tiếng Anh, Vẽ mỹ thuật",DTT,Trường Đại Học Tôn Đức Thắng,1ngành
V02,"Toán, Tiếng Anh, Vẽ mỹ thuật",TCT,Đại Học Cần Thơ,1ngành
V02,"Toán, Tiếng Anh, Vẽ mỹ thuật",SGD,Trường Đại Học Sài Gòn,20ngành
V02,"Toán, Tiếng Anh, Vẽ mỹ thuật",XDA,Trường Đại Học Xây Dựng Hà Nội,5ngành
V02,"Toán, Tiếng Anh, Vẽ mỹ thuật",KTD,Trường Đại Học Kiến Trúc Đà Nẵng,1ngành
V02,"Toán, Tiếng Anh, Vẽ mỹ thuật",DQK,Trường Đại Học Kinh Doanh và Công Nghệ Hà Nội,1ngành
V02,"Toán, Tiếng Anh, Vẽ mỹ thuật",CMC,Trường Đại Học CMC,18ngành
V02,"Toán, Tiếng Anh, Vẽ mỹ thuật",DTC,Trường Đại học Công Nghệ Thông Tin và Truyền Thông Thái Nguyên,26ngành
V02,"Toán, Tiếng Anh, Vẽ mỹ thuật",DDT,Đại Học Duy Tân,4ngành
V02,"Toán, Tiếng Anh, Vẽ mỹ thuật",DDN,Trường Đại Học Đại Nam,47ngành
V02,"Toán, Tiếng Anh, Vẽ mỹ thuật",DAD,Trường Đại Học Đông Á,8ngành
V02,"Toán, Tiếng Anh, Vẽ mỹ thuật",DYD,Trường Đại Học Yersin Đà Lạt,2ngành
V02,"Toán, Tiếng Anh, Vẽ mỹ thuật",LNS,Phân hiệu Đại Học Lâm nghiệp tại Đồng Nai,1ngành
V02,"Toán, Tiếng Anh, Vẽ mỹ thuật",DCA,Trường Đại học Intracom,1ngành
V02,"Toán, Tiếng Anh, Vẽ mỹ thuật",DSG,Trường Đại Học Công Nghệ Sài Gòn,23ngành
H01,"Toán, Ngữ văn, Vẽ Mỹ thuật",HHK,Học Viện Hàng không Việt Nam,33ngành
H01,"Toán, Ngữ văn, Vẽ Mỹ thuật",DTT,Trường Đại Học Tôn Đức Thắng,10ngành
H01,"Toán, Ngữ văn, Vẽ Mỹ thuật",SGD,Trường Đại Học Sài Gòn,28ngành
H01,"Toán, Ngữ văn, Vẽ Mỹ thuật",DQK,Trường Đại Học Kinh Doanh và Công Nghệ Hà Nội,2ngành
H01,"Toán, Ngữ văn, Vẽ Mỹ thuật",CMC,Trường Đại Học CMC,18ngành
H01,"Toán, Ngữ văn, Vẽ Mỹ thuật",NTT,Trường Đại Học Nguyễn Tất Thành,3ngành
H01,"Toán, Ngữ văn, Vẽ Mỹ thuật",DTC,Trường Đại học Công Nghệ Thông Tin và Truyền Thông Thái Nguyên,26ngành
H01,"Toán, Ngữ văn, Vẽ Mỹ thuật",HIU,Trường Đại Học Quốc Tế Hồng Bàng,2ngành
H01,"Toán, Ngữ văn, Vẽ Mỹ thuật",ETU,Trường Đại Học Hòa Bình,2ngành
H01,"Toán, Ngữ văn, Vẽ Mỹ thuật",DDN,Trường Đại Học Đại Nam,48ngành
H01,"Toán, Ngữ văn, Vẽ Mỹ thuật",DYD,Trường Đại Học Yersin Đà Lạt,2ngành
H01,"Toán, Ngữ văn, Vẽ Mỹ thuật",DVH,Trường Đại Học Văn Hiến,1ngành
H01,"Toán, Ngữ văn, Vẽ Mỹ thuật",LNS,Phân hiệu Đại Học Lâm nghiệp tại Đồng Nai,1ngành
H01,"Toán, Ngữ văn, Vẽ Mỹ thuật",UMT,Trường Đại học Quản lý và công nghệ TPHCM,2ngành
H01,"Toán, Ngữ văn, Vẽ Mỹ thuật",TBD,Trường Đại Học Thái Bình Dương,1ngành
H01,"Toán, Ngữ văn, Vẽ Mỹ thuật",DSG,Trường Đại Học Công Nghệ Sài Gòn,23ngành
T00,"Toán, Sinh học, Năng khiếu TDTT",HNM,Trường Đại học Thủ Đô Hà Nội,2ngành
T00,"Toán, Sinh học, Năng khiếu TDTT",HHK,Học Viện Hàng không Việt Nam,33ngành
T00,"Toán, Sinh học, Năng khiếu TDTT",DTT,Trường Đại Học Tôn Đức Thắng,4ngành
T00,"Toán, Sinh học, Năng khiếu TDTT",TCT,Đại Học Cần Thơ,1ngành
T00,"Toán, Sinh học, Năng khiếu TDTT",SGD,Trường Đại Học Sài Gòn,22ngành
T00,"Toán, Sinh học, Năng khiếu TDTT",SP2,Trường Đại Học Sư Phạm Hà Nội 2,2ngành
T00,"Toán, Sinh học, Năng khiếu TDTT",THP,Trường Đại Học Hải Phòng,1ngành
T00,"Toán, Sinh học, Năng khiếu TDTT",SPD,Trường Đại Học Đồng Tháp,2ngành
T00,"Toán, Sinh học, Năng khiếu TDTT",DHC,Khoa Giáo Dục Thể Chất Huế,1ngành
T00,"Toán, Sinh học, Năng khiếu TDTT",DKT,Trường Đại Học Hải Dương,1ngành
T00,"Toán, Sinh học, Năng khiếu TDTT",DQB,Trường Đại Học Quảng Bình,1ngành
T00,"Toán, Sinh học, Năng khiếu TDTT",TDS,Trường Đại Học Thể Dục Thể Thao TPHCM,4ngành
T00,"Toán, Sinh học, Năng khiếu TDTT",STS,Trường Đại Học Sư Phạm Thể Dục Thể Thao TPHCM,3ngành
T00,"Toán, Sinh học, Năng khiếu TDTT",CMC,Trường Đại Học CMC,18ngành
T00,"Toán, Sinh học, Năng khiếu TDTT",DTC,Trường Đại học Công Nghệ Thông Tin và Truyền Thông Thái Nguyên,26ngành
T00,"Toán, Sinh học, Năng khiếu TDTT",DDN,Trường Đại Học Đại Nam,47ngành
T00,"Toán, Sinh học, Năng khiếu TDTT",TDB,Trường Đại Học Thể Dục Thể Thao Bắc Ninh,4ngành
T00,"Toán, Sinh học, Năng khiếu TDTT",DSG,Trường Đại Học Công Nghệ Sài Gòn,23ngành
T00,"Toán, Sinh học, Năng khiếu TDTT",TTB,Trường Đại Học Tây Bắc,1ngành
T00,"Toán, Sinh học, Năng khiếu TDTT",TQU,Trường Đại học Tân Trào,1ngành
B03,"Toán, Ngữ văn, Sinh học",BKA,Đại Học Bách Khoa Hà Nội,68ngành
B03,"Toán, Ngữ văn, Sinh học",HNM,Trường Đại học Thủ Đô Hà Nội,1ngành
B03,"Toán, Ngữ văn, Sinh học",DCN,Đại Học Công Nghiệp Hà Nội,1ngành
B03,"Toán, Ngữ văn, Sinh học",HYD,Học Viện Y Dược Học Cổ Truyền Việt Nam,2ngành
B03,"Toán, Ngữ văn, Sinh học",HHK,Học Viện Hàng không Việt Nam,33ngành
B03,"Toán, Ngữ văn, Sinh học",PKA,Đại Học Phenikaa,12ngành
B03,"Toán, Ngữ văn, Sinh học",YTC,Trường Đại Học Y Tế Công Cộng,3ngành
B03,"Toán, Ngữ văn, Sinh học",TDM,Trường Đại học Thủ Dầu Một,3ngành
B03,"Toán, Ngữ văn, Sinh học",TYS,Trường Đại Học Y Khoa Phạm Ngọc Thạch,5ngành
B03,"Toán, Ngữ văn, Sinh học",DTL,Trường Đại Học Thăng Long,1ngành
B03,"Toán, Ngữ văn, Sinh học",TLA,Trường Đại Học Thủy Lợi,1ngành
B03,"Toán, Ngữ văn, Sinh học",DTT,Trường Đại Học Tôn Đức Thắng,17ngành
B03,"Toán, Ngữ văn, Sinh học",HVN,Học Viện Nông Nghiệp Việt Nam,2ngành
B03,"Toán, Ngữ văn, Sinh học",QHT,Trường Đại Học Khoa Học Tự Nhiên Hà Nội,12ngành
B03,"Toán, Ngữ văn, Sinh học",DTS,Đại Học Sư Phạm Thái Nguyên,3ngành
B03,"Toán, Ngữ văn, Sinh học",TCT,Đại Học Cần Thơ,2ngành
B03,"Toán, Ngữ văn, Sinh học",DHS,Trường Đại Học Sư Phạm Huế,3ngành
B03,"Toán, Ngữ văn, Sinh học",SGD,Trường Đại Học Sài Gòn,33ngành
B03,"Toán, Ngữ văn, Sinh học",DDS,Trường Đại Học Sư Phạm - Đại Học Đà Nẵng,7ngành
B03,"Toán, Ngữ văn, Sinh học",SP2,Trường Đại Học Sư Phạm Hà Nội 2,4ngành
B03,"Toán, Ngữ văn, Sinh học",QHS,Trường Đại Học Giáo Dục - ĐHQG Hà Nội,2ngành
B03,"Toán, Ngữ văn, Sinh học",TSN,Trường Đại Học Nha Trang,12ngành
B03,"Toán, Ngữ văn, Sinh học",DDY,Trường Y Dược Đà Nẵng,1ngành
B03,"Toán, Ngữ văn, Sinh học",THV,Trường Đại Học Hùng Vương,1ngành
B03,"Toán, Ngữ văn, Sinh học",TDV,Trường Đại Học Vinh,6ngành
B03,"Toán, Ngữ văn, Sinh học",SPD,Trường Đại Học Đồng Tháp,11ngành
B03,"Toán, Ngữ văn, Sinh học",TTN,Trường Đại Học Tây Nguyên,11ngành
B03,"Toán, Ngữ văn, Sinh học",DQN,Trường Đại Học Quy Nhơn,2ngành
B03,"Toán, Ngữ văn, Sinh học",HLU,Trường Đại Học Hạ Long,1ngành
B03,"Toán, Ngữ văn, Sinh học",DKT,Trường Đại Học Hải Dương,2ngành
B03,"Toán, Ngữ văn, Sinh học",DPQ,Trường Đại Học Phạm Văn Đồng,1ngành
B03,"Toán, Ngữ văn, Sinh học",HHT,Trường Đại Học Hà Tĩnh,9ngành
B03,"Toán, Ngữ văn, Sinh học",DMT,Trường Đại học Tài Nguyên và Môi Trường Hà Nội,20ngành
B03,"Toán, Ngữ văn, Sinh học",DBL,Trường Đại Học Bạc Liêu,11ngành
B03,"Toán, Ngữ văn, Sinh học",DQU,Trường Đại Học Quảng Nam,1ngành
B03,"Toán, Ngữ văn, Sinh học",DPY,Trường Đại Học Phú Yên,1ngành
B03,"Toán, Ngữ văn, Sinh học",KCC,Trường Đại học Kỹ Thuật Công Nghệ Cần Thơ,2ngành
B03,"Toán, Ngữ văn, Sinh học",DVT,Đại Học Trà Vinh,1ngành
B03,"Toán, Ngữ văn, Sinh học",NLS,Trường Đại Học Nông Lâm TPHCM,14ngành
B03,"Toán, Ngữ văn, Sinh học",SKH,Trường Đại Học Sư Phạm Kỹ Thuật Hưng Yên,23ngành
B03,"Toán, Ngữ văn, Sinh học",MBS,Trường Đại Học Mở TPHCM,24ngành
B03,"Toán, Ngữ văn, Sinh học",MDA,Trường Đại Học Mỏ Địa Chất,6ngành
B03,"Toán, Ngữ văn, Sinh học",VLU,Trường Đại học Công nghệ kỹ thuật Vĩnh Long,8ngành
B03,"Toán, Ngữ văn, Sinh học",DQK,Trường Đại Học Kinh Doanh và Công Nghệ Hà Nội,2ngành
B03,"Toán, Ngữ văn, Sinh học",DTK,Trường Đại Học Kỹ Thuật Công Nghiệp Thái Nguyên,1ngành
B03,"Toán, Ngữ văn, Sinh học",UKH,Trường Đại học Khánh Hòa,2ngành
B03,"Toán, Ngữ văn, Sinh học",CMC,Trường Đại Học CMC,18ngành
B03,"Toán, Ngữ văn, Sinh học",NTT,Trường Đại Học Nguyễn Tất Thành,2ngành
B03,"Toán, Ngữ văn, Sinh học",DTC,Trường Đại học Công Nghệ Thông Tin và Truyền Thông Thái Nguyên,26ngành
B03,"Toán, Ngữ văn, Sinh học",DDT,Đại Học Duy Tân,12ngành
B03,"Toán, Ngữ văn, Sinh học",DNC,Trường Đại học Nam Cần Thơ,1ngành
B03,"Toán, Ngữ văn, Sinh học",HIU,Trường Đại Học Quốc Tế Hồng Bàng,9ngành
B03,"Toán, Ngữ văn, Sinh học",TTU,Trường Đại học Tân Tạo,1ngành
B03,"Toán, Ngữ văn, Sinh học",TTD,Trường Đại Học Thể Dục Thể Thao Đà Nẵng,1ngành
B03,"Toán, Ngữ văn, Sinh học",DCL,Trường Đại Học Cửu Long,13ngành
B03,"Toán, Ngữ văn, Sinh học",DVL,Trường Đại Học Văn Lang,9ngành
B03,"Toán, Ngữ văn, Sinh học",DPC,Trường Đại Học Phan Châu Trinh,1ngành
B03,"Toán, Ngữ văn, Sinh học",ETU,Trường Đại Học Hòa Bình,4ngành
B03,"Toán, Ngữ văn, Sinh học",DDN,Trường Đại Học Đại Nam,51ngành
B03,"Toán, Ngữ văn, Sinh học",DAD,Trường Đại Học Đông Á,24ngành
B03,"Toán, Ngữ văn, Sinh học",VGU,Trường Đại Học Việt Đức,6ngành
B03,"Toán, Ngữ văn, Sinh học",NLN,Phân hiệu Đại học Nông Lâm TPHCM tại Ninh Thuận,2ngành
B03,"Toán, Ngữ văn, Sinh học",DTD,Trường Đại Học Tây Đô,1ngành
B03,"Toán, Ngữ văn, Sinh học",DKC,Trường Đại học Công Nghệ TPHCM,10ngành
B03,"Toán, Ngữ văn, Sinh học",DDU,Trường Đại Học Đông Đô,4ngành
B03,"Toán, Ngữ văn, Sinh học",DLH,Trường Đại Học Lạc Hồng,2ngành
B03,"Toán, Ngữ văn, Sinh học",DYD,Trường Đại Học Yersin Đà Lạt,3ngành
B03,"Toán, Ngữ văn, Sinh học",DBD,Trường Đại Học Bình Dương,3ngành
B03,"Toán, Ngữ văn, Sinh học",DTV,Trường Đại Học Lương Thế Vinh,10ngành
B03,"Toán, Ngữ văn, Sinh học",BVU,Trường Đại Học Bà Rịa – Vũng Tàu,15ngành
B03,"Toán, Ngữ văn, Sinh học",MIT,Trường Đại học Công nghệ Miền Đông,2ngành
B03,"Toán, Ngữ văn, Sinh học",DKB,Trường Đại Học Kinh Tế Kỹ Thuật Bình Dương,1ngành
B03,"Toán, Ngữ văn, Sinh học",TTG,Trường Đại Học Tiền Giang,7ngành
B03,"Toán, Ngữ văn, Sinh học",LNH,Trường Đại Học Lâm nghiệp,4ngành
B03,"Toán, Ngữ văn, Sinh học",DVH,Trường Đại Học Văn Hiến,2ngành
B03,"Toán, Ngữ văn, Sinh học",DQT,Trường Đại Học Quang Trung,3ngành
B03,"Toán, Ngữ văn, Sinh học",HSU,Trường Đại Học Hoa Sen,33ngành
B03,"Toán, Ngữ văn, Sinh học",DVP,Trường Đại Học Trưng Vương,2ngành
B03,"Toán, Ngữ văn, Sinh học",YDD,Trường Đại Học Điều Dưỡng Nam Định,3ngành
B03,"Toán, Ngữ văn, Sinh học",THU,Trường Đại học Y khoa Tokyo Việt Nam,1ngành
B03,"Toán, Ngữ văn, Sinh học",EIU,Trường Đại Học Quốc Tế Miền Đông,1ngành
B03,"Toán, Ngữ văn, Sinh học",DDV,Viện nghiên cứu và đào tạo Việt Anh - Đại học Đà Nẵng,2ngành
B03,"Toán, Ngữ văn, Sinh học",DHT,Trường Đại Học Khoa Học Huế,1ngành
B03,"Toán, Ngữ văn, Sinh học",DTZ,Trường Đại Học Khoa Học Thái Nguyên,10ngành
B03,"Toán, Ngữ văn, Sinh học",HDT,Trường Đại Học Hồng Đức,13ngành
B03,"Toán, Ngữ văn, Sinh học",DNU,Trường Đại Học Đồng Nai,2ngành
B03,"Toán, Ngữ văn, Sinh học",DTM,Trường Đại học Tài Nguyên và Môi Trường TPHCM,20ngành
B03,"Toán, Ngữ văn, Sinh học",DHL,Trường Đại Học Nông Lâm Huế,6ngành
B03,"Toán, Ngữ văn, Sinh học",DCA,Trường Đại học Intracom,2ngành
B03,"Toán, Ngữ văn, Sinh học",DLA,Trường Đại Học Kinh Tế Công Nghiệp Long An,2ngành
B03,"Toán, Ngữ văn, Sinh học",TBD,Trường Đại Học Thái Bình Dương,2ngành
B03,"Toán, Ngữ văn, Sinh học",DHV,Trường Đại học Hùng Vương TPHCM,1ngành
B03,"Toán, Ngữ văn, Sinh học",LNA,Phân hiệu Đại học Lâm nghiệp tỉnh Gia Lai,1ngành
B03,"Toán, Ngữ văn, Sinh học",GDU,Trường Đại Học Gia Định,3ngành
B03,"Toán, Ngữ văn, Sinh học",DSG,Trường Đại Học Công Nghệ Sài Gòn,23ngành
B03,"Toán, Ngữ văn, Sinh học",TTB,Trường Đại Học Tây Bắc,8ngành
B03,"Toán, Ngữ văn, Sinh học",TDL,Trường Đại Học Đà Lạt,5ngành
B03,"Toán, Ngữ văn, Sinh học",DTP,Phân Hiệu Đại Học Thái Nguyên Tại Lào Cai,6ngành
B03,"Toán, Ngữ văn, Sinh học",TQU,Trường Đại học Tân Trào,3ngành
B03,"Toán, Ngữ văn, Sinh học",TKG,Trường Đại học Kiên Giang,6ngành
B03,"Toán, Ngữ văn, Sinh học",DVD,"Trường Đại Học Văn Hóa, Thể Thao Và Du Lịch Thanh Hóa",8ngành
B03,"Toán, Ngữ văn, Sinh học",DNB,Trường Đại Học Hoa Lư,1ngành
B03,"Toán, Ngữ văn, Sinh học",DDA,Trường Đại Học Công Nghệ Đông Á,2ngành
C08,"Ngữ văn, Hóa học, Sinh học",HHK,Học Viện Hàng không Việt Nam,18ngành
C08,"Ngữ văn, Hóa học, Sinh học",SGD,Trường Đại Học Sài Gòn,6ngành
C08,"Ngữ văn, Hóa học, Sinh học",DBL,Trường Đại Học Bạc Liêu,2ngành
C08,"Ngữ văn, Hóa học, Sinh học",DQU,Trường Đại Học Quảng Nam,1ngành
C08,"Ngữ văn, Hóa học, Sinh học",KCC,Trường Đại học Kỹ Thuật Công Nghệ Cần Thơ,2ngành
C08,"Ngữ văn, Hóa học, Sinh học",DVT,Đại Học Trà Vinh,2ngành
C08,"Ngữ văn, Hóa học, Sinh học",VLU,Trường Đại học Công nghệ kỹ thuật Vĩnh Long,4ngành
C08,"Ngữ văn, Hóa học, Sinh học",CMC,Trường Đại Học CMC,13ngành
C08,"Ngữ văn, Hóa học, Sinh học",NTT,Trường Đại Học Nguyễn Tất Thành,2ngành
C08,"Ngữ văn, Hóa học, Sinh học",DNC,Trường Đại học Nam Cần Thơ,5ngành
C08,"Ngữ văn, Hóa học, Sinh học",DCL,Trường Đại Học Cửu Long,9ngành
C08,"Ngữ văn, Hóa học, Sinh học",DDN,Trường Đại Học Đại Nam,43ngành
C08,"Ngữ văn, Hóa học, Sinh học",DDU,Trường Đại Học Đông Đô,3ngành
C08,"Ngữ văn, Hóa học, Sinh học",DYD,Trường Đại Học Yersin Đà Lạt,2ngành
C08,"Ngữ văn, Hóa học, Sinh học",DBD,Trường Đại Học Bình Dương,2ngành
C08,"Ngữ văn, Hóa học, Sinh học",BVU,Trường Đại Học Bà Rịa – Vũng Tàu,2ngành
C08,"Ngữ văn, Hóa học, Sinh học",MIT,Trường Đại học Công nghệ Miền Đông,2ngành
C08,"Ngữ văn, Hóa học, Sinh học",DQT,Trường Đại Học Quang Trung,4ngành
C08,"Ngữ văn, Hóa học, Sinh học",DVP,Trường Đại Học Trưng Vương,1ngành
C08,"Ngữ văn, Hóa học, Sinh học",THU,Trường Đại học Y khoa Tokyo Việt Nam,1ngành
C08,"Ngữ văn, Hóa học, Sinh học",DTZ,Trường Đại Học Khoa Học Thái Nguyên,7ngành
C08,"Ngữ văn, Hóa học, Sinh học",DLA,Trường Đại Học Kinh Tế Công Nghiệp Long An,1ngành
C08,"Ngữ văn, Hóa học, Sinh học",DSG,Trường Đại Học Công Nghệ Sài Gòn,9ngành
C08,"Ngữ văn, Hóa học, Sinh học",TQU,Trường Đại học Tân Trào,4ngành
C08,"Ngữ văn, Hóa học, Sinh học",TKG,Trường Đại học Kiên Giang,2ngành
X25,"Toán, Tiếng Anh, GDKTPL",TMU,Trường Đại Học Thương Mại,22ngành
X25,"Toán, Tiếng Anh, GDKTPL",DCN,Đại Học Công Nghiệp Hà Nội,14ngành
X25,"Toán, Tiếng Anh, GDKTPL",DKK,Trường Đại Học Kinh Tế Kỹ Thuật Công Nghiệp,19ngành
X25,"Toán, Tiếng Anh, GDKTPL",HHK,Học Viện Hàng không Việt Nam,33ngành
X25,"Toán, Tiếng Anh, GDKTPL",PKA,Đại Học Phenikaa,36ngành
X25,"Toán, Tiếng Anh, GDKTPL",DTL,Trường Đại Học Thăng Long,9ngành
X25,"Toán, Tiếng Anh, GDKTPL",HVN,Học Viện Nông Nghiệp Việt Nam,1ngành
X25,"Toán, Tiếng Anh, GDKTPL",QHT,Trường Đại Học Khoa Học Tự Nhiên Hà Nội,6ngành
X25,"Toán, Tiếng Anh, GDKTPL",TCT,Đại Học Cần Thơ,2ngành
X25,"Toán, Tiếng Anh, GDKTPL",SGD,Trường Đại Học Sài Gòn,20ngành
X25,"Toán, Tiếng Anh, GDKTPL",VHS,Trường Đại Học Văn Hóa TPHCM,13ngành
X25,"Toán, Tiếng Anh, GDKTPL",LPS,Trường Đại Học Luật TPHCM,11ngành
X25,"Toán, Tiếng Anh, GDKTPL",DMS,Trường Đại Học Tài Chính Marketing,21ngành
X25,"Toán, Tiếng Anh, GDKTPL",THV,Trường Đại Học Hùng Vương,6ngành
X25,"Toán, Tiếng Anh, GDKTPL",HCP,Học Viện Chính Sách và Phát Triển,18ngành
X25,"Toán, Tiếng Anh, GDKTPL",LDA,Trường Đại Học Công Đoàn,12ngành
X25,"Toán, Tiếng Anh, GDKTPL",QHK,Trường Khoa học liên ngành và Nghệ thuật Hà Nội,2ngành
X25,"Toán, Tiếng Anh, GDKTPL",TTN,Trường Đại Học Tây Nguyên,8ngành
X25,"Toán, Tiếng Anh, GDKTPL",DQN,Trường Đại Học Quy Nhơn,10ngành
X25,"Toán, Tiếng Anh, GDKTPL",DDQ,Trường Đại Học Kinh Tế – Đại Học Đà Nẵng,19ngành
X25,"Toán, Tiếng Anh, GDKTPL",HLU,Trường Đại Học Hạ Long,3ngành
X25,"Toán, Tiếng Anh, GDKTPL",DKT,Trường Đại Học Hải Dương,1ngành
X25,"Toán, Tiếng Anh, GDKTPL",DQB,Trường Đại Học Quảng Bình,1ngành
X25,"Toán, Tiếng Anh, GDKTPL",DPQ,Trường Đại Học Phạm Văn Đồng,1ngành
X25,"Toán, Tiếng Anh, GDKTPL",DMT,Trường Đại học Tài Nguyên và Môi Trường Hà Nội,1ngành
X25,"Toán, Tiếng Anh, GDKTPL",DLX,Trường Đại Học Lao Động – Xã Hội,23ngành
X25,"Toán, Tiếng Anh, GDKTPL",DQU,Trường Đại Học Quảng Nam,1ngành
X25,"Toán, Tiếng Anh, GDKTPL",DLS,Trường Đại Học Lao Động – Xã Hội (Cơ sở II),11ngành
X25,"Toán, Tiếng Anh, GDKTPL",DPY,Trường Đại Học Phú Yên,1ngành
X25,"Toán, Tiếng Anh, GDKTPL",KCC,Trường Đại học Kỹ Thuật Công Nghệ Cần Thơ,10ngành
X25,"Toán, Tiếng Anh, GDKTPL",DVT,Đại Học Trà Vinh,5ngành
X25,"Toán, Tiếng Anh, GDKTPL",NLS,Trường Đại Học Nông Lâm TPHCM,10ngành
X25,"Toán, Tiếng Anh, GDKTPL",SKH,Trường Đại Học Sư Phạm Kỹ Thuật Hưng Yên,5ngành
X25,"Toán, Tiếng Anh, GDKTPL",MBS,Trường Đại Học Mở TPHCM,15ngành
X25,"Toán, Tiếng Anh, GDKTPL",FBU,Trường Đại Học Tài Chính Ngân Hàng Hà Nội,4ngành
X25,"Toán, Tiếng Anh, GDKTPL",GTA,Trường Đại học Công nghệ Giao thông vận tải,21ngành
X25,"Toán, Tiếng Anh, GDKTPL",MDA,Trường Đại Học Mỏ Địa Chất,2ngành
X25,"Toán, Tiếng Anh, GDKTPL",DDL,Trường Đại Học Điện Lực,2ngành
X25,"Toán, Tiếng Anh, GDKTPL",DPD,Trường Đại Học Phương Đông,8ngành
X25,"Toán, Tiếng Anh, GDKTPL",VLU,Trường Đại học Công nghệ kỹ thuật Vĩnh Long,11ngành
X25,"Toán, Tiếng Anh, GDKTPL",DQK,Trường Đại Học Kinh Doanh và Công Nghệ Hà Nội,9ngành
X25,"Toán, Tiếng Anh, GDKTPL",DTK,Trường Đại Học Kỹ Thuật Công Nghiệp Thái Nguyên,2ngành
X25,"Toán, Tiếng Anh, GDKTPL",UKH,Trường Đại học Khánh Hòa,2ngành
X25,"Toán, Tiếng Anh, GDKTPL",CMC,Trường Đại Học CMC,18ngành
X25,"Toán, Tiếng Anh, GDKTPL",NTT,Trường Đại Học Nguyễn Tất Thành,1ngành
X25,"Toán, Tiếng Anh, GDKTPL",DHD,Trường Du Lịch - Đại Học Huế,2ngành
X25,"Toán, Tiếng Anh, GDKTPL",DTC,Trường Đại học Công Nghệ Thông Tin và Truyền Thông Thái Nguyên,28ngành
X25,"Toán, Tiếng Anh, GDKTPL",TTU,Trường Đại học Tân Tạo,6ngành
X25,"Toán, Tiếng Anh, GDKTPL",DVL,Trường Đại Học Văn Lang,12ngành
X25,"Toán, Tiếng Anh, GDKTPL",DDN,Trường Đại Học Đại Nam,47ngành
X25,"Toán, Tiếng Anh, GDKTPL",DAD,Trường Đại Học Đông Á,14ngành
X25,"Toán, Tiếng Anh, GDKTPL",QHD,Trường Quản Trị và Kinh Doanh - ĐHQG Hà Nội,6ngành
X25,"Toán, Tiếng Anh, GDKTPL",VGU,Trường Đại Học Việt Đức,6ngành
X25,"Toán, Tiếng Anh, GDKTPL",NLN,Phân hiệu Đại học Nông Lâm TPHCM tại Ninh Thuận,2ngành
X25,"Toán, Tiếng Anh, GDKTPL",DTD,Trường Đại Học Tây Đô,4ngành
X25,"Toán, Tiếng Anh, GDKTPL",DKC,Trường Đại học Công Nghệ TPHCM,10ngành
X25,"Toán, Tiếng Anh, GDKTPL",DYD,Trường Đại Học Yersin Đà Lạt,1ngành
X25,"Toán, Tiếng Anh, GDKTPL",DNT,Trường Đại Học Ngoại Ngữ Tin Học TPHCM,12ngành
X25,"Toán, Tiếng Anh, GDKTPL",DVH,Trường Đại Học Văn Hiến,8ngành
X25,"Toán, Tiếng Anh, GDKTPL",DPT,Trường Đại Học Phan Thiết,5ngành
X25,"Toán, Tiếng Anh, GDKTPL",EIU,Trường Đại Học Quốc Tế Miền Đông,10ngành
X25,"Toán, Tiếng Anh, GDKTPL",DDV,Viện nghiên cứu và đào tạo Việt Anh - Đại học Đà Nẵng,2ngành
X25,"Toán, Tiếng Anh, GDKTPL",DTB,Trường Đại Học Thái Bình,5ngành
X25,"Toán, Tiếng Anh, GDKTPL",DHT,Trường Đại Học Khoa Học Huế,2ngành
X25,"Toán, Tiếng Anh, GDKTPL",DTZ,Trường Đại Học Khoa Học Thái Nguyên,28ngành
X25,"Toán, Tiếng Anh, GDKTPL",HDT,Trường Đại Học Hồng Đức,1ngành
X25,"Toán, Tiếng Anh, GDKTPL",NTU,Trường Đại Học Nguyễn Trãi,1ngành
X25,"Toán, Tiếng Anh, GDKTPL",DLA,Trường Đại Học Kinh Tế Công Nghiệp Long An,2ngành
X25,"Toán, Tiếng Anh, GDKTPL",DCQ,Trường Đại Học Công Nghệ và Quản Lý Hữu Nghị,11ngành
X25,"Toán, Tiếng Anh, GDKTPL",DVB,Trường Đại Học Kinh tế công nghệ Thái Nguyên,10ngành
X25,"Toán, Tiếng Anh, GDKTPL",DPX,Trường Đại Học Phú Xuân,6ngành
X25,"Toán, Tiếng Anh, GDKTPL",HPU,Trường Đại học Quản lý và Công nghệ Hải Phòng,2ngành
X25,"Toán, Tiếng Anh, GDKTPL",DSG,Trường Đại Học Công Nghệ Sài Gòn,23ngành
X25,"Toán, Tiếng Anh, GDKTPL",DBG,Trường Đại học Nông Lâm Bắc Giang,4ngành
X25,"Toán, Tiếng Anh, GDKTPL",TTB,Trường Đại Học Tây Bắc,2ngành
X25,"Toán, Tiếng Anh, GDKTPL",TDL,Trường Đại Học Đà Lạt,5ngành
X25,"Toán, Tiếng Anh, GDKTPL",TQU,Trường Đại học Tân Trào,5ngành
X13,"Toán, Sinh học, GDKTPL",HHK,Học Viện Hàng không Việt Nam,33ngành
X13,"Toán, Sinh học, GDKTPL",PKA,Đại Học Phenikaa,4ngành
X13,"Toán, Sinh học, GDKTPL",SGD,Trường Đại Học Sài Gòn,22ngành
X13,"Toán, Sinh học, GDKTPL",DQN,Trường Đại Học Quy Nhơn,1ngành
X13,"Toán, Sinh học, GDKTPL",DMT,Trường Đại học Tài Nguyên và Môi Trường Hà Nội,1ngành
X13,"Toán, Sinh học, GDKTPL",KCC,Trường Đại học Kỹ Thuật Công Nghệ Cần Thơ,1ngành
X13,"Toán, Sinh học, GDKTPL",VLU,Trường Đại học Công nghệ kỹ thuật Vĩnh Long,6ngành
X13,"Toán, Sinh học, GDKTPL",DQK,Trường Đại Học Kinh Doanh và Công Nghệ Hà Nội,4ngành
X13,"Toán, Sinh học, GDKTPL",CMC,Trường Đại Học CMC,18ngành
X13,"Toán, Sinh học, GDKTPL",DTC,Trường Đại học Công Nghệ Thông Tin và Truyền Thông Thái Nguyên,26ngành
X13,"Toán, Sinh học, GDKTPL",DDN,Trường Đại Học Đại Nam,50ngành
X13,"Toán, Sinh học, GDKTPL",DAD,Trường Đại Học Đông Á,13ngành
X13,"Toán, Sinh học, GDKTPL",VGU,Trường Đại Học Việt Đức,2ngành
X13,"Toán, Sinh học, GDKTPL",DKC,Trường Đại học Công Nghệ TPHCM,5ngành
X13,"Toán, Sinh học, GDKTPL",DDU,Trường Đại Học Đông Đô,3ngành
X13,"Toán, Sinh học, GDKTPL",DVH,Trường Đại Học Văn Hiến,1ngành
X13,"Toán, Sinh học, GDKTPL",DCD,Trường Đại Học Công Nghệ Đồng Nai,2ngành
X13,"Toán, Sinh học, GDKTPL",DTZ,Trường Đại Học Khoa Học Thái Nguyên,10ngành
X13,"Toán, Sinh học, GDKTPL",HDT,Trường Đại Học Hồng Đức,1ngành
X13,"Toán, Sinh học, GDKTPL",DSG,Trường Đại Học Công Nghệ Sài Gòn,23ngành
X13,"Toán, Sinh học, GDKTPL",TTB,Trường Đại Học Tây Bắc,8ngành
X13,"Toán, Sinh học, GDKTPL",TDL,Trường Đại Học Đà Lạt,2ngành
X13,"Toán, Sinh học, GDKTPL",TKG,Trường Đại học Kiên Giang,2ngành
A04,"Toán, Vật lí, Địa lí",DKK,Trường Đại Học Kinh Tế Kỹ Thuật Công Nghiệp,17ngành
A04,"Toán, Vật lí, Địa lí",HHK,Học Viện Hàng không Việt Nam,33ngành
A04,"Toán, Vật lí, Địa lí",PKA,Đại Học Phenikaa,32ngành
A04,"Toán, Vật lí, Địa lí",TDM,Trường Đại học Thủ Dầu Một,5ngành
A04,"Toán, Vật lí, Địa lí",QHT,Trường Đại Học Khoa Học Tự Nhiên Hà Nội,6ngành
A04,"Toán, Vật lí, Địa lí",SGD,Trường Đại Học Sài Gòn,24ngành
A04,"Toán, Vật lí, Địa lí",HTN,Học Viện Thanh Thiếu Niên Việt Nam,2ngành
A04,"Toán, Vật lí, Địa lí",DMS,Trường Đại Học Tài Chính Marketing,21ngành
A04,"Toán, Vật lí, Địa lí",QHK,Trường Khoa học liên ngành và Nghệ thuật Hà Nội,1ngành
A04,"Toán, Vật lí, Địa lí",TTN,Trường Đại Học Tây Nguyên,2ngành
A04,"Toán, Vật lí, Địa lí",DQN,Trường Đại Học Quy Nhơn,2ngành
A04,"Toán, Vật lí, Địa lí",HLU,Trường Đại Học Hạ Long,1ngành
A04,"Toán, Vật lí, Địa lí",NHS,Trường Đại Học Ngân Hàng TPHCM,2ngành
A04,"Toán, Vật lí, Địa lí",DPY,Trường Đại Học Phú Yên,1ngành
A04,"Toán, Vật lí, Địa lí",KCC,Trường Đại học Kỹ Thuật Công Nghệ Cần Thơ,2ngành
A04,"Toán, Vật lí, Địa lí",DVT,Đại Học Trà Vinh,2ngành
A04,"Toán, Vật lí, Địa lí",NLS,Trường Đại Học Nông Lâm TPHCM,1ngành
A04,"Toán, Vật lí, Địa lí",MDA,Trường Đại Học Mỏ Địa Chất,25ngành
A04,"Toán, Vật lí, Địa lí",VLU,Trường Đại học Công nghệ kỹ thuật Vĩnh Long,27ngành
A04,"Toán, Vật lí, Địa lí",DQK,Trường Đại Học Kinh Doanh và Công Nghệ Hà Nội,1ngành
A04,"Toán, Vật lí, Địa lí",CMC,Trường Đại Học CMC,18ngành
A04,"Toán, Vật lí, Địa lí",NTT,Trường Đại Học Nguyễn Tất Thành,6ngành
A04,"Toán, Vật lí, Địa lí",DTC,Trường Đại học Công Nghệ Thông Tin và Truyền Thông Thái Nguyên,27ngành
A04,"Toán, Vật lí, Địa lí",HIU,Trường Đại Học Quốc Tế Hồng Bàng,1ngành
A04,"Toán, Vật lí, Địa lí",DDN,Trường Đại Học Đại Nam,52ngành
A04,"Toán, Vật lí, Địa lí",DAD,Trường Đại Học Đông Á,13ngành
A04,"Toán, Vật lí, Địa lí",VGU,Trường Đại Học Việt Đức,12ngành
A04,"Toán, Vật lí, Địa lí",DLH,Trường Đại Học Lạc Hồng,9ngành
A04,"Toán, Vật lí, Địa lí",DDB,Trường Đại Học Thành Đông,1ngành
A04,"Toán, Vật lí, Địa lí",DTV,Trường Đại Học Lương Thế Vinh,10ngành
A04,"Toán, Vật lí, Địa lí",MIT,Trường Đại học Công nghệ Miền Đông,14ngành
A04,"Toán, Vật lí, Địa lí",DQT,Trường Đại Học Quang Trung,1ngành
A04,"Toán, Vật lí, Địa lí",DPT,Trường Đại Học Phan Thiết,5ngành
A04,"Toán, Vật lí, Địa lí",DCD,Trường Đại Học Công Nghệ Đồng Nai,6ngành
A04,"Toán, Vật lí, Địa lí",DHT,Trường Đại Học Khoa Học Huế,1ngành
A04,"Toán, Vật lí, Địa lí",DTZ,Trường Đại Học Khoa Học Thái Nguyên,11ngành
A04,"Toán, Vật lí, Địa lí",HDT,Trường Đại Học Hồng Đức,2ngành
A04,"Toán, Vật lí, Địa lí",DNU,Trường Đại Học Đồng Nai,1ngành
A04,"Toán, Vật lí, Địa lí",DCA,Trường Đại học Intracom,1ngành
A04,"Toán, Vật lí, Địa lí",UMT,Trường Đại học Quản lý và công nghệ TPHCM,3ngành
A04,"Toán, Vật lí, Địa lí",DHQ,Phân Hiệu Đại Học Huế tại Quảng Trị,1ngành
A04,"Toán, Vật lí, Địa lí",MTU,Trường Đại Học Xây Dựng Miền Tây,5ngành
A04,"Toán, Vật lí, Địa lí",VHD,Trường Đại Học Công Nghiệp Việt - Hung,13ngành
A04,"Toán, Vật lí, Địa lí",DSG,Trường Đại Học Công Nghệ Sài Gòn,23ngành
A04,"Toán, Vật lí, Địa lí",TTB,Trường Đại Học Tây Bắc,3ngành
A04,"Toán, Vật lí, Địa lí",DVD,"Trường Đại Học Văn Hóa, Thể Thao Và Du Lịch Thanh Hóa",1ngành
T05,"Ngữ văn, GDKTPL, Năng khiếu thể dục thể thao",HHK,Học Viện Hàng không Việt Nam,18ngành
T05,"Ngữ văn, GDKTPL, Năng khiếu thể dục thể thao",SGD,Trường Đại Học Sài Gòn,6ngành
T05,"Ngữ văn, GDKTPL, Năng khiếu thể dục thể thao",SP2,Trường Đại Học Sư Phạm Hà Nội 2,2ngành
T05,"Ngữ văn, GDKTPL, Năng khiếu thể dục thể thao",DHC,Khoa Giáo Dục Thể Chất Huế,1ngành
T05,"Ngữ văn, GDKTPL, Năng khiếu thể dục thể thao",DKT,Trường Đại Học Hải Dương,1ngành
T05,"Ngữ văn, GDKTPL, Năng khiếu thể dục thể thao",DQB,Trường Đại Học Quảng Bình,1ngành
T05,"Ngữ văn, GDKTPL, Năng khiếu thể dục thể thao",STS,Trường Đại Học Sư Phạm Thể Dục Thể Thao TPHCM,3ngành
T05,"Ngữ văn, GDKTPL, Năng khiếu thể dục thể thao",CMC,Trường Đại Học CMC,13ngành
T05,"Ngữ văn, GDKTPL, Năng khiếu thể dục thể thao",DDN,Trường Đại Học Đại Nam,43ngành
T05,"Ngữ văn, GDKTPL, Năng khiếu thể dục thể thao",TDB,Trường Đại Học Thể Dục Thể Thao Bắc Ninh,4ngành
T05,"Ngữ văn, GDKTPL, Năng khiếu thể dục thể thao",DSG,Trường Đại Học Công Nghệ Sài Gòn,9ngành
T05,"Ngữ văn, GDKTPL, Năng khiếu thể dục thể thao",TTB,Trường Đại Học Tây Bắc,1ngành
T05,"Ngữ văn, GDKTPL, Năng khiếu thể dục thể thao",TQU,Trường Đại học Tân Trào,1ngành
X05,"Toán, Vật lí, GDKTPL",DCN,Đại Học Công Nghiệp Hà Nội,2ngành
X05,"Toán, Vật lí, GDKTPL",DKK,Trường Đại Học Kinh Tế Kỹ Thuật Công Nghiệp,43ngành
X05,"Toán, Vật lí, GDKTPL",HHK,Học Viện Hàng không Việt Nam,33ngành
X05,"Toán, Vật lí, GDKTPL",PKA,Đại Học Phenikaa,20ngành
X05,"Toán, Vật lí, GDKTPL",TDM,Trường Đại học Thủ Dầu Một,10ngành
X05,"Toán, Vật lí, GDKTPL",SGD,Trường Đại Học Sài Gòn,22ngành
X05,"Toán, Vật lí, GDKTPL",DMS,Trường Đại Học Tài Chính Marketing,21ngành
X05,"Toán, Vật lí, GDKTPL",LDA,Trường Đại Học Công Đoàn,4ngành
X05,"Toán, Vật lí, GDKTPL",DKT,Trường Đại Học Hải Dương,1ngành
X05,"Toán, Vật lí, GDKTPL",DPQ,Trường Đại Học Phạm Văn Đồng,6ngành
X05,"Toán, Vật lí, GDKTPL",DLX,Trường Đại Học Lao Động – Xã Hội,4ngành
X05,"Toán, Vật lí, GDKTPL",DLS,Trường Đại Học Lao Động – Xã Hội (Cơ sở II),4ngành
X05,"Toán, Vật lí, GDKTPL",KCC,Trường Đại học Kỹ Thuật Công Nghệ Cần Thơ,15ngành
X05,"Toán, Vật lí, GDKTPL",DVT,Đại Học Trà Vinh,7ngành
X05,"Toán, Vật lí, GDKTPL",XDA,Trường Đại Học Xây Dựng Hà Nội,9ngành
X05,"Toán, Vật lí, GDKTPL",MDA,Trường Đại Học Mỏ Địa Chất,8ngành
X05,"Toán, Vật lí, GDKTPL",VLU,Trường Đại học Công nghệ kỹ thuật Vĩnh Long,7ngành
X05,"Toán, Vật lí, GDKTPL",DQK,Trường Đại Học Kinh Doanh và Công Nghệ Hà Nội,10ngành
X05,"Toán, Vật lí, GDKTPL",DTK,Trường Đại Học Kỹ Thuật Công Nghiệp Thái Nguyên,2ngành
X05,"Toán, Vật lí, GDKTPL",CMC,Trường Đại Học CMC,18ngành
X05,"Toán, Vật lí, GDKTPL",NTT,Trường Đại Học Nguyễn Tất Thành,2ngành
X05,"Toán, Vật lí, GDKTPL",DTC,Trường Đại học Công Nghệ Thông Tin và Truyền Thông Thái Nguyên,27ngành
X05,"Toán, Vật lí, GDKTPL",DNC,Trường Đại học Nam Cần Thơ,5ngành
X05,"Toán, Vật lí, GDKTPL",HIU,Trường Đại Học Quốc Tế Hồng Bàng,1ngành
X05,"Toán, Vật lí, GDKTPL",DCL,Trường Đại Học Cửu Long,4ngành
X05,"Toán, Vật lí, GDKTPL",DDN,Trường Đại Học Đại Nam,53ngành
X05,"Toán, Vật lí, GDKTPL",DAD,Trường Đại Học Đông Á,13ngành
X05,"Toán, Vật lí, GDKTPL",VGU,Trường Đại Học Việt Đức,10ngành
X05,"Toán, Vật lí, GDKTPL",DDU,Trường Đại Học Đông Đô,8ngành
X05,"Toán, Vật lí, GDKTPL",BVU,Trường Đại Học Bà Rịa – Vũng Tàu,15ngành
X05,"Toán, Vật lí, GDKTPL",DVH,Trường Đại Học Văn Hiến,11ngành
X05,"Toán, Vật lí, GDKTPL",DQT,Trường Đại Học Quang Trung,2ngành
X05,"Toán, Vật lí, GDKTPL",DCD,Trường Đại Học Công Nghệ Đồng Nai,6ngành
X05,"Toán, Vật lí, GDKTPL",EIU,Trường Đại Học Quốc Tế Miền Đông,9ngành
X05,"Toán, Vật lí, GDKTPL",DTZ,Trường Đại Học Khoa Học Thái Nguyên,10ngành
X05,"Toán, Vật lí, GDKTPL",DNU,Trường Đại Học Đồng Nai,2ngành
X05,"Toán, Vật lí, GDKTPL",DVB,Trường Đại Học Kinh tế công nghệ Thái Nguyên,10ngành
X05,"Toán, Vật lí, GDKTPL",MTU,Trường Đại Học Xây Dựng Miền Tây,8ngành
X05,"Toán, Vật lí, GDKTPL",XDT,Trường Đại Học Xây Dựng Miền Trung,30ngành
X05,"Toán, Vật lí, GDKTPL",DSG,Trường Đại Học Công Nghệ Sài Gòn,23ngành
X05,"Toán, Vật lí, GDKTPL",TTB,Trường Đại Học Tây Bắc,2ngành
X05,"Toán, Vật lí, GDKTPL",TDL,Trường Đại Học Đà Lạt,3ngành
M01,"Ngữ văn, Lịch sử, Năng khiếu",HHK,Học Viện Hàng không Việt Nam,18ngành
M01,"Ngữ văn, Lịch sử, Năng khiếu",TDM,Trường Đại học Thủ Dầu Một,1ngành
M01,"Ngữ văn, Lịch sử, Năng khiếu",TCT,Đại Học Cần Thơ,1ngành
M01,"Ngữ văn, Lịch sử, Năng khiếu",SGD,Trường Đại Học Sài Gòn,10ngành
M01,"Ngữ văn, Lịch sử, Năng khiếu",DDS,Trường Đại Học Sư Phạm - Đại Học Đà Nẵng,1ngành
M01,"Ngữ văn, Lịch sử, Năng khiếu",SP2,Trường Đại Học Sư Phạm Hà Nội 2,1ngành
M01,"Ngữ văn, Lịch sử, Năng khiếu",THP,Trường Đại Học Hải Phòng,1ngành
M01,"Ngữ văn, Lịch sử, Năng khiếu",HHT,Trường Đại Học Hà Tĩnh,1ngành
M01,"Ngữ văn, Lịch sử, Năng khiếu",DQU,Trường Đại Học Quảng Nam,1ngành
M01,"Ngữ văn, Lịch sử, Năng khiếu",CMC,Trường Đại Học CMC,13ngành
M01,"Ngữ văn, Lịch sử, Năng khiếu",DDN,Trường Đại Học Đại Nam,43ngành
M01,"Ngữ văn, Lịch sử, Năng khiếu",TTG,Trường Đại Học Tiền Giang,1ngành
M01,"Ngữ văn, Lịch sử, Năng khiếu",CEA,Trường Đại học Nghệ An,1ngành
M01,"Ngữ văn, Lịch sử, Năng khiếu",DSG,Trường Đại Học Công Nghệ Sài Gòn,9ngành
H06,"Ngữ văn, Tiếng Anh,Vẽ mỹ thuật",HHK,Học Viện Hàng không Việt Nam,21ngành
H06,"Ngữ văn, Tiếng Anh,Vẽ mỹ thuật",DTT,Trường Đại Học Tôn Đức Thắng,10ngành
H06,"Ngữ văn, Tiếng Anh,Vẽ mỹ thuật",SGD,Trường Đại Học Sài Gòn,9ngành
H06,"Ngữ văn, Tiếng Anh,Vẽ mỹ thuật",DQK,Trường Đại Học Kinh Doanh và Công Nghệ Hà Nội,3ngành
H06,"Ngữ văn, Tiếng Anh,Vẽ mỹ thuật",CMC,Trường Đại Học CMC,13ngành
H06,"Ngữ văn, Tiếng Anh,Vẽ mỹ thuật",NTT,Trường Đại Học Nguyễn Tất Thành,1ngành
H06,"Ngữ văn, Tiếng Anh,Vẽ mỹ thuật",DDN,Trường Đại Học Đại Nam,43ngành
H06,"Ngữ văn, Tiếng Anh,Vẽ mỹ thuật",DAD,Trường Đại Học Đông Á,1ngành
H06,"Ngữ văn, Tiếng Anh,Vẽ mỹ thuật",UMT,Trường Đại học Quản lý và công nghệ TPHCM,1ngành
H06,"Ngữ văn, Tiếng Anh,Vẽ mỹ thuật",DSG,Trường Đại Học Công Nghệ Sài Gòn,9ngành
"X26, K01","Toán, Tiếng Anh, Tin học",HTC,Học Viện Tài chính,50ngành
"X26, K01","Toán, Tiếng Anh, Tin học",BVH,Học Viện Công Nghệ Bưu Chính Viễn Thông,39ngành
"X26, K01","Toán, Tiếng Anh, Tin học",TMU,Trường Đại Học Thương Mại,22ngành
"X26, K01","Toán, Tiếng Anh, Tin học",SPS,Trường Đại Học Sư Phạm TPHCM,3ngành
"X26, K01","Toán, Tiếng Anh, Tin học",KMA,Học Viện Kỹ Thuật Mật Mã,3ngành
"X26, K01","Toán, Tiếng Anh, Tin học",HPN,Học Viện Phụ Nữ Việt Nam,5ngành
"X26, K01","Toán, Tiếng Anh, Tin học",ANH,Học Viện An Ninh Nhân Dân,7ngành
"X26, K01","Toán, Tiếng Anh, Tin học",DKK,Trường Đại Học Kinh Tế Kỹ Thuật Công Nghiệp,45ngành
"X26, K01","Toán, Tiếng Anh, Tin học",DCT,Trường Đại Học Công Thương TPHCM,9ngành
"X26, K01","Toán, Tiếng Anh, Tin học",HHK,Học Viện Hàng không Việt Nam,33ngành
"X26, K01","Toán, Tiếng Anh, Tin học",PKA,Đại Học Phenikaa,43ngành
"X26, K01","Toán, Tiếng Anh, Tin học",NHF,Trường Đại Học Hà Nội,2ngành
"X26, K01","Toán, Tiếng Anh, Tin học",YTC,Trường Đại Học Y Tế Công Cộng,1ngành
"X26, K01","Toán, Tiếng Anh, Tin học",TDM,Trường Đại học Thủ Dầu Một,4ngành
"X26, K01","Toán, Tiếng Anh, Tin học",DTL,Trường Đại Học Thăng Long,4ngành
"X26, K01","Toán, Tiếng Anh, Tin học",TLA,Trường Đại Học Thủy Lợi,28ngành
"X26, K01","Toán, Tiếng Anh, Tin học",DTT,Trường Đại Học Tôn Đức Thắng,47ngành
"X26, K01","Toán, Tiếng Anh, Tin học",QHT,Trường Đại Học Khoa Học Tự Nhiên Hà Nội,7ngành
"X26, K01","Toán, Tiếng Anh, Tin học",TCT,Đại Học Cần Thơ,22ngành
"X26, K01","Toán, Tiếng Anh, Tin học",SGD,Trường Đại Học Sài Gòn,20ngành
"X26, K01","Toán, Tiếng Anh, Tin học",SP2,Trường Đại Học Sư Phạm Hà Nội 2,2ngành
"X26, K01","Toán, Tiếng Anh, Tin học",LPS,Trường Đại Học Luật TPHCM,7ngành
"X26, K01","Toán, Tiếng Anh, Tin học",DDK,Trường Đại Học Bách Khoa Đà Nẵng,11ngành
"X26, K01","Toán, Tiếng Anh, Tin học",BVS,Học Viện Công Nghệ Bưu Chính Viễn Thông (Cơ sở TP.HCM),18ngành
"X26, K01","Toán, Tiếng Anh, Tin học",THV,Trường Đại Học Hùng Vương,1ngành
"X26, K01","Toán, Tiếng Anh, Tin học",THP,Trường Đại Học Hải Phòng,3ngành
"X26, K01","Toán, Tiếng Anh, Tin học",HCP,Học Viện Chính Sách và Phát Triển,6ngành
"X26, K01","Toán, Tiếng Anh, Tin học",MHN,Trường Đại Học Mở Hà Nội,7ngành
"X26, K01","Toán, Tiếng Anh, Tin học",LDA,Trường Đại Học Công Đoàn,12ngành
"X26, K01","Toán, Tiếng Anh, Tin học",TDV,Trường Đại Học Vinh,1ngành
"X26, K01","Toán, Tiếng Anh, Tin học",HCH,Học Viện Hành Chính và Quản trị công,2ngành
"X26, K01","Toán, Tiếng Anh, Tin học",SPD,Trường Đại Học Đồng Tháp,1ngành
"X26, K01","Toán, Tiếng Anh, Tin học",QHK,Trường Khoa học liên ngành và Nghệ thuật Hà Nội,1ngành
"X26, K01","Toán, Tiếng Anh, Tin học",DQN,Trường Đại Học Quy Nhơn,15ngành
"X26, K01","Toán, Tiếng Anh, Tin học",DDQ,Trường Đại Học Kinh Tế – Đại Học Đà Nẵng,19ngành
"X26, K01","Toán, Tiếng Anh, Tin học",DQB,Trường Đại Học Quảng Bình,2ngành
"X26, K01","Toán, Tiếng Anh, Tin học",HHT,Trường Đại Học Hà Tĩnh,3ngành
"X26, K01","Toán, Tiếng Anh, Tin học",DMT,Trường Đại học Tài Nguyên và Môi Trường Hà Nội,2ngành
"X26, K01","Toán, Tiếng Anh, Tin học",NHS,Trường Đại Học Ngân Hàng TPHCM,27ngành
"X26, K01","Toán, Tiếng Anh, Tin học",DQU,Trường Đại Học Quảng Nam,2ngành
"X26, K01","Toán, Tiếng Anh, Tin học",DDP,Phân Hiệu Đại Học Đà Nẵng tại Kon Tum,4ngành
"X26, K01","Toán, Tiếng Anh, Tin học",QHQ,Trường Quốc Tế  - ĐHQG Hà Nội,7ngành
"X26, K01","Toán, Tiếng Anh, Tin học",KCN,Trường Đại Học Khoa Học Và Công Nghệ Hà Nội,6ngành
"X26, K01","Toán, Tiếng Anh, Tin học",DVT,Đại Học Trà Vinh,7ngành
"X26, K01","Toán, Tiếng Anh, Tin học",NLS,Trường Đại Học Nông Lâm TPHCM,1ngành
"X26, K01","Toán, Tiếng Anh, Tin học",XDA,Trường Đại Học Xây Dựng Hà Nội,16ngành
"X26, K01","Toán, Tiếng Anh, Tin học",SKH,Trường Đại Học Sư Phạm Kỹ Thuật Hưng Yên,28ngành
"X26, K01","Toán, Tiếng Anh, Tin học",MBS,Trường Đại Học Mở TPHCM,46ngành
"X26, K01","Toán, Tiếng Anh, Tin học",GTA,Trường Đại học Công nghệ Giao thông vận tải,74ngành
"X26, K01","Toán, Tiếng Anh, Tin học",MDA,Trường Đại Học Mỏ Địa Chất,2ngành
"X26, K01","Toán, Tiếng Anh, Tin học",DPD,Trường Đại Học Phương Đông,4ngành
"X26, K01","Toán, Tiếng Anh, Tin học",VLU,Trường Đại học Công nghệ kỹ thuật Vĩnh Long,7ngành
"X26, K01","Toán, Tiếng Anh, Tin học",KTD,Trường Đại Học Kiến Trúc Đà Nẵng,15ngành
"X26, K01","Toán, Tiếng Anh, Tin học",DQK,Trường Đại Học Kinh Doanh và Công Nghệ Hà Nội,1ngành
"X26, K01","Toán, Tiếng Anh, Tin học",UKH,Trường Đại học Khánh Hòa,4ngành
"X26, K01","Toán, Tiếng Anh, Tin học",CMC,Trường Đại Học CMC,18ngành
"X26, K01","Toán, Tiếng Anh, Tin học",DHK,Trường Đại Học Kinh Tế - Đại Học Huế,22ngành
"X26, K01","Toán, Tiếng Anh, Tin học",DHD,Trường Du Lịch - Đại Học Huế,2ngành
"X26, K01","Toán, Tiếng Anh, Tin học",DTC,Trường Đại học Công Nghệ Thông Tin và Truyền Thông Thái Nguyên,28ngành
"X26, K01","Toán, Tiếng Anh, Tin học",DDT,Đại Học Duy Tân,22ngành
"X26, K01","Toán, Tiếng Anh, Tin học",DNC,Trường Đại học Nam Cần Thơ,11ngành
"X26, K01","Toán, Tiếng Anh, Tin học",HIU,Trường Đại Học Quốc Tế Hồng Bàng,15ngành
"X26, K01","Toán, Tiếng Anh, Tin học",TTU,Trường Đại học Tân Tạo,6ngành
"X26, K01","Toán, Tiếng Anh, Tin học",DCL,Trường Đại Học Cửu Long,6ngành
"X26, K01","Toán, Tiếng Anh, Tin học",DVL,Trường Đại Học Văn Lang,20ngành
"X26, K01","Toán, Tiếng Anh, Tin học",DDN,Trường Đại Học Đại Nam,54ngành
"X26, K01","Toán, Tiếng Anh, Tin học",DAD,Trường Đại Học Đông Á,27ngành
"X26, K01","Toán, Tiếng Anh, Tin học",HCB,Học viện Kỹ thuật và Công nghệ an ninh (Phía Bắc),6ngành
"X26, K01","Toán, Tiếng Anh, Tin học",HCN,Học viện Kỹ thuật và Công nghệ an ninh (Phía Nam),6ngành
"X26, K01","Toán, Tiếng Anh, Tin học",QHD,Trường Quản Trị và Kinh Doanh - ĐHQG Hà Nội,6ngành
"X26, K01","Toán, Tiếng Anh, Tin học",VGU,Trường Đại Học Việt Đức,4ngành
"X26, K01","Toán, Tiếng Anh, Tin học",TLS,Trường Đại Học Thủy Lợi (Cơ sở 2),8ngành
"X26, K01","Toán, Tiếng Anh, Tin học",DTD,Trường Đại Học Tây Đô,7ngành
"X26, K01","Toán, Tiếng Anh, Tin học",DDU,Trường Đại Học Đông Đô,8ngành
"X26, K01","Toán, Tiếng Anh, Tin học",DYD,Trường Đại Học Yersin Đà Lạt,4ngành
"X26, K01","Toán, Tiếng Anh, Tin học",DTV,Trường Đại Học Lương Thế Vinh,2ngành
"X26, K01","Toán, Tiếng Anh, Tin học",BVU,Trường Đại Học Bà Rịa – Vũng Tàu,15ngành
"X26, K01","Toán, Tiếng Anh, Tin học",MIT,Trường Đại học Công nghệ Miền Đông,14ngành
"X26, K01","Toán, Tiếng Anh, Tin học",DKB,Trường Đại Học Kinh Tế Kỹ Thuật Bình Dương,11ngành
"X26, K01","Toán, Tiếng Anh, Tin học",DFA,Trường Đại học Tài chính Quản trị kinh doanh,7ngành
"X26, K01","Toán, Tiếng Anh, Tin học",DNT,Trường Đại Học Ngoại Ngữ Tin Học TPHCM,13ngành
"X26, K01","Toán, Tiếng Anh, Tin học",LNH,Trường Đại Học Lâm nghiệp,16ngành
"X26, K01","Toán, Tiếng Anh, Tin học",DVH,Trường Đại Học Văn Hiến,8ngành
"X26, K01","Toán, Tiếng Anh, Tin học",DQT,Trường Đại Học Quang Trung,1ngành
"X26, K01","Toán, Tiếng Anh, Tin học",DVP,Trường Đại Học Trưng Vương,1ngành
"X26, K01","Toán, Tiếng Anh, Tin học",THU,Trường Đại học Y khoa Tokyo Việt Nam,2ngành
"X26, K01","Toán, Tiếng Anh, Tin học",EIU,Trường Đại Học Quốc Tế Miền Đông,9ngành
"X26, K01","Toán, Tiếng Anh, Tin học",DDV,Viện nghiên cứu và đào tạo Việt Anh - Đại học Đà Nẵng,3ngành
"X26, K01","Toán, Tiếng Anh, Tin học",DHE,Khoa Kỹ thuật và Công nghệ - Đại học Huế,2ngành
"X26, K01","Toán, Tiếng Anh, Tin học",DTB,Trường Đại Học Thái Bình,11ngành
"X26, K01","Toán, Tiếng Anh, Tin học",DHT,Trường Đại Học Khoa Học Huế,3ngành
"X26, K01","Toán, Tiếng Anh, Tin học",DTZ,Trường Đại Học Khoa Học Thái Nguyên,28ngành
"X26, K01","Toán, Tiếng Anh, Tin học",DNU,Trường Đại Học Đồng Nai,1ngành
"X26, K01","Toán, Tiếng Anh, Tin học",NTU,Trường Đại Học Nguyễn Trãi,4ngành
"X26, K01","Toán, Tiếng Anh, Tin học",VUI,Trường Đại Học Công Nghiệp Việt Trì,3ngành
"X26, K01","Toán, Tiếng Anh, Tin học",DCA,Trường Đại học Intracom,4ngành
"X26, K01","Toán, Tiếng Anh, Tin học",DCQ,Trường Đại Học Công Nghệ và Quản Lý Hữu Nghị,2ngành
"X26, K01","Toán, Tiếng Anh, Tin học",TBD,Trường Đại Học Thái Bình Dương,7ngành
"X26, K01","Toán, Tiếng Anh, Tin học",DVB,Trường Đại Học Kinh tế công nghệ Thái Nguyên,3ngành
"X26, K01","Toán, Tiếng Anh, Tin học",DPX,Trường Đại Học Phú Xuân,4ngành
"X26, K01","Toán, Tiếng Anh, Tin học",HPU,Trường Đại học Quản lý và Công nghệ Hải Phòng,2ngành
"X26, K01","Toán, Tiếng Anh, Tin học",MTU,Trường Đại Học Xây Dựng Miền Tây,2ngành
"X26, K01","Toán, Tiếng Anh, Tin học",LNA,Phân hiệu Đại học Lâm nghiệp tỉnh Gia Lai,3ngành
"X26, K01","Toán, Tiếng Anh, Tin học",GDU,Trường Đại Học Gia Định,22ngành
"X26, K01","Toán, Tiếng Anh, Tin học",XDT,Trường Đại Học Xây Dựng Miền Trung,30ngành
"X26, K01","Toán, Tiếng Anh, Tin học",DSG,Trường Đại Học Công Nghệ Sài Gòn,23ngành
"X26, K01","Toán, Tiếng Anh, Tin học",XDN,Phân hiệu Đại học Xây dựng miền Trung tại Đà Nẵng,12ngành
"X26, K01","Toán, Tiếng Anh, Tin học",TTB,Trường Đại Học Tây Bắc,7ngành
"X26, K01","Toán, Tiếng Anh, Tin học",TDL,Trường Đại Học Đà Lạt,10ngành
"X26, K01","Toán, Tiếng Anh, Tin học",DTP,Phân Hiệu Đại Học Thái Nguyên Tại Lào Cai,1ngành
"X26, K01","Toán, Tiếng Anh, Tin học",TQU,Trường Đại học Tân Trào,5ngành
"X26, K01","Toán, Tiếng Anh, Tin học",DNB,Trường Đại Học Hoa Lư,1ngành
D11,"Ngữ văn, Vật lí, Tiếng Anh",DKK,Trường Đại Học Kinh Tế Kỹ Thuật Công Nghiệp,6ngành
D11,"Ngữ văn, Vật lí, Tiếng Anh",HHK,Học Viện Hàng không Việt Nam,21ngành
D11,"Ngữ văn, Vật lí, Tiếng Anh",PKA,Đại Học Phenikaa,25ngành
D11,"Ngữ văn, Vật lí, Tiếng Anh",TDM,Trường Đại học Thủ Dầu Một,3ngành
D11,"Ngữ văn, Vật lí, Tiếng Anh",DTT,Trường Đại Học Tôn Đức Thắng,8ngành
D11,"Ngữ văn, Vật lí, Tiếng Anh",HVN,Học Viện Nông Nghiệp Việt Nam,2ngành
D11,"Ngữ văn, Vật lí, Tiếng Anh",QHX,Trường Đại Học Khoa Học Xã Hội và Nhân Văn Hà Nội,29ngành
D11,"Ngữ văn, Vật lí, Tiếng Anh",QHF,Trường Đại Học Ngoại Ngữ - ĐH Quốc gia Hà Nội,1ngành
D11,"Ngữ văn, Vật lí, Tiếng Anh",SGD,Trường Đại Học Sài Gòn,9ngành
D11,"Ngữ văn, Vật lí, Tiếng Anh",SP2,Trường Đại Học Sư Phạm Hà Nội 2,2ngành
D11,"Ngữ văn, Vật lí, Tiếng Anh",LPS,Trường Đại Học Luật TPHCM,3ngành
D11,"Ngữ văn, Vật lí, Tiếng Anh",LDA,Trường Đại Học Công Đoàn,4ngành
D11,"Ngữ văn, Vật lí, Tiếng Anh",TTN,Trường Đại Học Tây Nguyên,2ngành
D11,"Ngữ văn, Vật lí, Tiếng Anh",DQN,Trường Đại Học Quy Nhơn,3ngành
D11,"Ngữ văn, Vật lí, Tiếng Anh",HLU,Trường Đại Học Hạ Long,1ngành
D11,"Ngữ văn, Vật lí, Tiếng Anh",DKT,Trường Đại Học Hải Dương,2ngành
D11,"Ngữ văn, Vật lí, Tiếng Anh",DBL,Trường Đại Học Bạc Liêu,1ngành
D11,"Ngữ văn, Vật lí, Tiếng Anh",DQU,Trường Đại Học Quảng Nam,1ngành
D11,"Ngữ văn, Vật lí, Tiếng Anh",KCC,Trường Đại học Kỹ Thuật Công Nghệ Cần Thơ,1ngành
D11,"Ngữ văn, Vật lí, Tiếng Anh",MBS,Trường Đại Học Mở TPHCM,10ngành
D11,"Ngữ văn, Vật lí, Tiếng Anh",VLU,Trường Đại học Công nghệ kỹ thuật Vĩnh Long,1ngành
D11,"Ngữ văn, Vật lí, Tiếng Anh",UKH,Trường Đại học Khánh Hòa,4ngành
D11,"Ngữ văn, Vật lí, Tiếng Anh",CMC,Trường Đại Học CMC,13ngành
D11,"Ngữ văn, Vật lí, Tiếng Anh",DDN,Trường Đại Học Đại Nam,43ngành
D11,"Ngữ văn, Vật lí, Tiếng Anh",SDU,Trường Đại học Sao Đỏ,1ngành
D11,"Ngữ văn, Vật lí, Tiếng Anh",DKC,Trường Đại học Công Nghệ TPHCM,4ngành
D11,"Ngữ văn, Vật lí, Tiếng Anh",DYD,Trường Đại Học Yersin Đà Lạt,1ngành
D11,"Ngữ văn, Vật lí, Tiếng Anh",DTV,Trường Đại Học Lương Thế Vinh,9ngành
D11,"Ngữ văn, Vật lí, Tiếng Anh",VJU,Trường Đại học Việt Nhật - ĐHQG Hà Nội,2ngành
D11,"Ngữ văn, Vật lí, Tiếng Anh",BVU,Trường Đại Học Bà Rịa – Vũng Tàu,9ngành
D11,"Ngữ văn, Vật lí, Tiếng Anh",UEF,Trường Đại Học Kinh Tế Tài Chính TPHCM,5ngành
D11,"Ngữ văn, Vật lí, Tiếng Anh",DNT,Trường Đại Học Ngoại Ngữ Tin Học TPHCM,10ngành
D11,"Ngữ văn, Vật lí, Tiếng Anh",CEA,Trường Đại học Nghệ An,2ngành
D11,"Ngữ văn, Vật lí, Tiếng Anh",DQT,Trường Đại Học Quang Trung,2ngành
D11,"Ngữ văn, Vật lí, Tiếng Anh",DVP,Trường Đại Học Trưng Vương,1ngành
D11,"Ngữ văn, Vật lí, Tiếng Anh",DCD,Trường Đại Học Công Nghệ Đồng Nai,3ngành
D11,"Ngữ văn, Vật lí, Tiếng Anh",DTZ,Trường Đại Học Khoa Học Thái Nguyên,18ngành
D11,"Ngữ văn, Vật lí, Tiếng Anh",HDT,Trường Đại Học Hồng Đức,1ngành
D11,"Ngữ văn, Vật lí, Tiếng Anh",DNU,Trường Đại Học Đồng Nai,2ngành
D11,"Ngữ văn, Vật lí, Tiếng Anh",HPU,Trường Đại học Quản lý và Công nghệ Hải Phòng,2ngành
D11,"Ngữ văn, Vật lí, Tiếng Anh",DSG,Trường Đại Học Công Nghệ Sài Gòn,9ngành
D11,"Ngữ văn, Vật lí, Tiếng Anh",DTP,Phân Hiệu Đại Học Thái Nguyên Tại Lào Cai,2ngành
D11,"Ngữ văn, Vật lí, Tiếng Anh",TKG,Trường Đại học Kiên Giang,2ngành
D11,"Ngữ văn, Vật lí, Tiếng Anh",DVD,"Trường Đại Học Văn Hóa, Thể Thao Và Du Lịch Thanh Hóa",1ngành
N00,"Ngữ văn, Năng khiếu Âm nhạc 1, Năng khiếu Âm nhạc 2",HHK,Học Viện Hàng không Việt Nam,18ngành
N00,"Ngữ văn, Năng khiếu Âm nhạc 1, Năng khiếu Âm nhạc 2",SGD,Trường Đại Học Sài Gòn,6ngành
N00,"Ngữ văn, Năng khiếu Âm nhạc 1, Năng khiếu Âm nhạc 2",DDS,Trường Đại Học Sư Phạm - Đại Học Đà Nẵng,1ngành
N00,"Ngữ văn, Năng khiếu Âm nhạc 1, Năng khiếu Âm nhạc 2",SPD,Trường Đại Học Đồng Tháp,1ngành
N00,"Ngữ văn, Năng khiếu Âm nhạc 1, Năng khiếu Âm nhạc 2",DVT,Đại Học Trà Vinh,2ngành
N00,"Ngữ văn, Năng khiếu Âm nhạc 1, Năng khiếu Âm nhạc 2",CMC,Trường Đại Học CMC,13ngành
N00,"Ngữ văn, Năng khiếu Âm nhạc 1, Năng khiếu Âm nhạc 2",NTT,Trường Đại Học Nguyễn Tất Thành,1ngành
N00,"Ngữ văn, Năng khiếu Âm nhạc 1, Năng khiếu Âm nhạc 2",DDN,Trường Đại Học Đại Nam,43ngành
N00,"Ngữ văn, Năng khiếu Âm nhạc 1, Năng khiếu Âm nhạc 2",DVH,Trường Đại Học Văn Hiến,2ngành
N00,"Ngữ văn, Năng khiếu Âm nhạc 1, Năng khiếu Âm nhạc 2",DSG,Trường Đại Học Công Nghệ Sài Gòn,9ngành
N00,"Ngữ văn, Năng khiếu Âm nhạc 1, Năng khiếu Âm nhạc 2",DVD,"Trường Đại Học Văn Hóa, Thể Thao Và Du Lịch Thanh Hóa",2ngành
M00,"Ngữ văn, Toán, Đọc diễn cảm, Hát",SPH,Trường Đại Học Sư Phạm Hà Nội,1ngành
M00,"Ngữ văn, Toán, Đọc diễn cảm, Hát",HHK,Học Viện Hàng không Việt Nam,33ngành
M00,"Ngữ văn, Toán, Đọc diễn cảm, Hát",TDM,Trường Đại học Thủ Dầu Một,1ngành
M00,"Ngữ văn, Toán, Đọc diễn cảm, Hát",SGD,Trường Đại Học Sài Gòn,28ngành
M00,"Ngữ văn, Toán, Đọc diễn cảm, Hát",THP,Trường Đại Học Hải Phòng,1ngành
M00,"Ngữ văn, Toán, Đọc diễn cảm, Hát",SPD,Trường Đại Học Đồng Tháp,2ngành
M00,"Ngữ văn, Toán, Đọc diễn cảm, Hát",HHT,Trường Đại Học Hà Tĩnh,1ngành
M00,"Ngữ văn, Toán, Đọc diễn cảm, Hát",DQU,Trường Đại Học Quảng Nam,1ngành
M00,"Ngữ văn, Toán, Đọc diễn cảm, Hát",NLS,Trường Đại Học Nông Lâm TPHCM,2ngành
M00,"Ngữ văn, Toán, Đọc diễn cảm, Hát",CMC,Trường Đại Học CMC,18ngành
M00,"Ngữ văn, Toán, Đọc diễn cảm, Hát",DTC,Trường Đại học Công Nghệ Thông Tin và Truyền Thông Thái Nguyên,26ngành
M00,"Ngữ văn, Toán, Đọc diễn cảm, Hát",DDN,Trường Đại Học Đại Nam,47ngành
M00,"Ngữ văn, Toán, Đọc diễn cảm, Hát",NLN,Phân hiệu Đại học Nông Lâm TPHCM tại Ninh Thuận,2ngành
M00,"Ngữ văn, Toán, Đọc diễn cảm, Hát",CEA,Trường Đại học Nghệ An,1ngành
M00,"Ngữ văn, Toán, Đọc diễn cảm, Hát",HDT,Trường Đại Học Hồng Đức,2ngành
M00,"Ngữ văn, Toán, Đọc diễn cảm, Hát",DSG,Trường Đại Học Công Nghệ Sài Gòn,23ngành
M00,"Ngữ văn, Toán, Đọc diễn cảm, Hát",DVD,"Trường Đại Học Văn Hóa, Thể Thao Và Du Lịch Thanh Hóa",2ngành
T02,"Ngữ văn, Sinh, Năng khiếu TDTT",HHK,Học Viện Hàng không Việt Nam,18ngành
T02,"Ngữ văn, Sinh, Năng khiếu TDTT",SGD,Trường Đại Học Sài Gòn,6ngành
T02,"Ngữ văn, Sinh, Năng khiếu TDTT",THP,Trường Đại Học Hải Phòng,1ngành
T02,"Ngữ văn, Sinh, Năng khiếu TDTT",SPD,Trường Đại Học Đồng Tháp,2ngành
T02,"Ngữ văn, Sinh, Năng khiếu TDTT",DHC,Khoa Giáo Dục Thể Chất Huế,1ngành
T02,"Ngữ văn, Sinh, Năng khiếu TDTT",DKT,Trường Đại Học Hải Dương,1ngành
T02,"Ngữ văn, Sinh, Năng khiếu TDTT",STS,Trường Đại Học Sư Phạm Thể Dục Thể Thao TPHCM,3ngành
T02,"Ngữ văn, Sinh, Năng khiếu TDTT",CMC,Trường Đại Học CMC,13ngành
T02,"Ngữ văn, Sinh, Năng khiếu TDTT",DDN,Trường Đại Học Đại Nam,43ngành
T02,"Ngữ văn, Sinh, Năng khiếu TDTT",TDB,Trường Đại Học Thể Dục Thể Thao Bắc Ninh,4ngành
T02,"Ngữ văn, Sinh, Năng khiếu TDTT",HDT,Trường Đại Học Hồng Đức,2ngành
T02,"Ngữ văn, Sinh, Năng khiếu TDTT",DSG,Trường Đại Học Công Nghệ Sài Gòn,9ngành
T02,"Ngữ văn, Sinh, Năng khiếu TDTT",TTB,Trường Đại Học Tây Bắc,1ngành
T02,"Ngữ văn, Sinh, Năng khiếu TDTT",TQU,Trường Đại học Tân Trào,1ngành
T02,"Ngữ văn, Sinh, Năng khiếu TDTT",DVD,"Trường Đại Học Văn Hóa, Thể Thao Và Du Lịch Thanh Hóa",3ngành
T01,"Toán, Ngữ văn, Năng khiếu TDTT",HNM,Trường Đại học Thủ Đô Hà Nội,2ngành
T01,"Toán, Ngữ văn, Năng khiếu TDTT",HHK,Học Viện Hàng không Việt Nam,33ngành
T01,"Toán, Ngữ văn, Năng khiếu TDTT",DTT,Trường Đại Học Tôn Đức Thắng,4ngành
T01,"Toán, Ngữ văn, Năng khiếu TDTT",TCT,Đại Học Cần Thơ,1ngành
T01,"Toán, Ngữ văn, Năng khiếu TDTT",SGD,Trường Đại Học Sài Gòn,28ngành
T01,"Toán, Ngữ văn, Năng khiếu TDTT",DDS,Trường Đại Học Sư Phạm - Đại Học Đà Nẵng,1ngành
T01,"Toán, Ngữ văn, Năng khiếu TDTT",SP2,Trường Đại Học Sư Phạm Hà Nội 2,2ngành
T01,"Toán, Ngữ văn, Năng khiếu TDTT",THP,Trường Đại Học Hải Phòng,1ngành
T01,"Toán, Ngữ văn, Năng khiếu TDTT",SPD,Trường Đại Học Đồng Tháp,2ngành
T01,"Toán, Ngữ văn, Năng khiếu TDTT",DKT,Trường Đại Học Hải Dương,1ngành
T01,"Toán, Ngữ văn, Năng khiếu TDTT",DQB,Trường Đại Học Quảng Bình,1ngành
T01,"Toán, Ngữ văn, Năng khiếu TDTT",TDS,Trường Đại Học Thể Dục Thể Thao TPHCM,4ngành
T01,"Toán, Ngữ văn, Năng khiếu TDTT",STS,Trường Đại Học Sư Phạm Thể Dục Thể Thao TPHCM,3ngành
T01,"Toán, Ngữ văn, Năng khiếu TDTT",CMC,Trường Đại Học CMC,18ngành
T01,"Toán, Ngữ văn, Năng khiếu TDTT",DTC,Trường Đại học Công Nghệ Thông Tin và Truyền Thông Thái Nguyên,26ngành
T01,"Toán, Ngữ văn, Năng khiếu TDTT",DDN,Trường Đại Học Đại Nam,47ngành
T01,"Toán, Ngữ văn, Năng khiếu TDTT",DSG,Trường Đại Học Công Nghệ Sài Gòn,23ngành
T01,"Toán, Ngữ văn, Năng khiếu TDTT",TQU,Trường Đại học Tân Trào,1ngành
D13,"Ngữ văn, Sinh học, Tiếng Anh",HHK,Học Viện Hàng không Việt Nam,21ngành
D13,"Ngữ văn, Sinh học, Tiếng Anh",PKA,Đại Học Phenikaa,8ngành
D13,"Ngữ văn, Sinh học, Tiếng Anh",YTC,Trường Đại Học Y Tế Công Cộng,1ngành
D13,"Ngữ văn, Sinh học, Tiếng Anh",TDM,Trường Đại học Thủ Dầu Một,3ngành
D13,"Ngữ văn, Sinh học, Tiếng Anh",DTT,Trường Đại Học Tôn Đức Thắng,8ngành
D13,"Ngữ văn, Sinh học, Tiếng Anh",HVN,Học Viện Nông Nghiệp Việt Nam,1ngành
D13,"Ngữ văn, Sinh học, Tiếng Anh",QHF,Trường Đại Học Ngoại Ngữ - ĐH Quốc gia Hà Nội,1ngành
D13,"Ngữ văn, Sinh học, Tiếng Anh",SGD,Trường Đại Học Sài Gòn,9ngành
D13,"Ngữ văn, Sinh học, Tiếng Anh",SPD,Trường Đại Học Đồng Tháp,2ngành
D13,"Ngữ văn, Sinh học, Tiếng Anh",DQN,Trường Đại Học Quy Nhơn,1ngành
D13,"Ngữ văn, Sinh học, Tiếng Anh",DBL,Trường Đại Học Bạc Liêu,1ngành
D13,"Ngữ văn, Sinh học, Tiếng Anh",DQU,Trường Đại Học Quảng Nam,1ngành
D13,"Ngữ văn, Sinh học, Tiếng Anh",KCC,Trường Đại học Kỹ Thuật Công Nghệ Cần Thơ,1ngành
D13,"Ngữ văn, Sinh học, Tiếng Anh",MBS,Trường Đại Học Mở TPHCM,9ngành
D13,"Ngữ văn, Sinh học, Tiếng Anh",UKH,Trường Đại học Khánh Hòa,4ngành
D13,"Ngữ văn, Sinh học, Tiếng Anh",CMC,Trường Đại Học CMC,13ngành
D13,"Ngữ văn, Sinh học, Tiếng Anh",DDN,Trường Đại Học Đại Nam,43ngành
D13,"Ngữ văn, Sinh học, Tiếng Anh",DTV,Trường Đại Học Lương Thế Vinh,9ngành
D13,"Ngữ văn, Sinh học, Tiếng Anh",BVU,Trường Đại Học Bà Rịa – Vũng Tàu,9ngành
D13,"Ngữ văn, Sinh học, Tiếng Anh",DVH,Trường Đại Học Văn Hiến,1ngành
D13,"Ngữ văn, Sinh học, Tiếng Anh",DQT,Trường Đại Học Quang Trung,3ngành
D13,"Ngữ văn, Sinh học, Tiếng Anh",DTZ,Trường Đại Học Khoa Học Thái Nguyên,18ngành
D13,"Ngữ văn, Sinh học, Tiếng Anh",DLA,Trường Đại Học Kinh Tế Công Nghiệp Long An,2ngành
D13,"Ngữ văn, Sinh học, Tiếng Anh",HPU,Trường Đại học Quản lý và Công nghệ Hải Phòng,2ngành
D13,"Ngữ văn, Sinh học, Tiếng Anh",VHD,Trường Đại Học Công Nghiệp Việt - Hung,8ngành
D13,"Ngữ văn, Sinh học, Tiếng Anh",DSG,Trường Đại Học Công Nghệ Sài Gòn,9ngành
D13,"Ngữ văn, Sinh học, Tiếng Anh",DTP,Phân Hiệu Đại Học Thái Nguyên Tại Lào Cai,2ngành
H02,"Toán, Vẽ Hình họa mỹ thuật, Vẽ trang trí màu",HHK,Học Viện Hàng không Việt Nam,33ngành
H02,"Toán, Vẽ Hình họa mỹ thuật, Vẽ trang trí màu",DTT,Trường Đại Học Tôn Đức Thắng,6ngành
H02,"Toán, Vẽ Hình họa mỹ thuật, Vẽ trang trí màu",SGD,Trường Đại Học Sài Gòn,20ngành
H02,"Toán, Vẽ Hình họa mỹ thuật, Vẽ trang trí màu",CMC,Trường Đại Học CMC,18ngành
H02,"Toán, Vẽ Hình họa mỹ thuật, Vẽ trang trí màu",DTC,Trường Đại học Công Nghệ Thông Tin và Truyền Thông Thái Nguyên,26ngành
H02,"Toán, Vẽ Hình họa mỹ thuật, Vẽ trang trí màu",DDN,Trường Đại Học Đại Nam,47ngành
H02,"Toán, Vẽ Hình họa mỹ thuật, Vẽ trang trí màu",DSG,Trường Đại Học Công Nghệ Sài Gòn,23ngành
H04,"Toán, Tiếng Anh, Vẽ Năng khiếu",HHK,Học Viện Hàng không Việt Nam,33ngành
H04,"Toán, Tiếng Anh, Vẽ Năng khiếu",SGD,Trường Đại Học Sài Gòn,20ngành
H04,"Toán, Tiếng Anh, Vẽ Năng khiếu",CMC,Trường Đại Học CMC,18ngành
H04,"Toán, Tiếng Anh, Vẽ Năng khiếu",DTC,Trường Đại học Công Nghệ Thông Tin và Truyền Thông Thái Nguyên,26ngành
H04,"Toán, Tiếng Anh, Vẽ Năng khiếu",DDN,Trường Đại Học Đại Nam,47ngành
H04,"Toán, Tiếng Anh, Vẽ Năng khiếu",LNS,Phân hiệu Đại Học Lâm nghiệp tại Đồng Nai,1ngành
H04,"Toán, Tiếng Anh, Vẽ Năng khiếu",UMT,Trường Đại học Quản lý và công nghệ TPHCM,1ngành
H04,"Toán, Tiếng Anh, Vẽ Năng khiếu",DSG,Trường Đại Học Công Nghệ Sài Gòn,23ngành
A05,"Toán, Hóa học, Lịch sử",HHK,Học Viện Hàng không Việt Nam,33ngành
A05,"Toán, Hóa học, Lịch sử",PKA,Đại Học Phenikaa,23ngành
A05,"Toán, Hóa học, Lịch sử",TDM,Trường Đại học Thủ Dầu Một,1ngành
A05,"Toán, Hóa học, Lịch sử",QHT,Trường Đại Học Khoa Học Tự Nhiên Hà Nội,3ngành
A05,"Toán, Hóa học, Lịch sử",SGD,Trường Đại Học Sài Gòn,22ngành
A05,"Toán, Hóa học, Lịch sử",DMS,Trường Đại Học Tài Chính Marketing,21ngành
A05,"Toán, Hóa học, Lịch sử",DQN,Trường Đại Học Quy Nhơn,3ngành
A05,"Toán, Hóa học, Lịch sử",MDA,Trường Đại Học Mỏ Địa Chất,1ngành
A05,"Toán, Hóa học, Lịch sử",CMC,Trường Đại Học CMC,19ngành
A05,"Toán, Hóa học, Lịch sử",DTC,Trường Đại học Công Nghệ Thông Tin và Truyền Thông Thái Nguyên,27ngành
A05,"Toán, Hóa học, Lịch sử",DDN,Trường Đại Học Đại Nam,52ngành
A05,"Toán, Hóa học, Lịch sử",VGU,Trường Đại Học Việt Đức,7ngành
A05,"Toán, Hóa học, Lịch sử",DDU,Trường Đại Học Đông Đô,4ngành
A05,"Toán, Hóa học, Lịch sử",DTV,Trường Đại Học Lương Thế Vinh,10ngành
A05,"Toán, Hóa học, Lịch sử",DVP,Trường Đại Học Trưng Vương,1ngành
A05,"Toán, Hóa học, Lịch sử",DTZ,Trường Đại Học Khoa Học Thái Nguyên,13ngành
A05,"Toán, Hóa học, Lịch sử",DNU,Trường Đại Học Đồng Nai,1ngành
A05,"Toán, Hóa học, Lịch sử",MTU,Trường Đại Học Xây Dựng Miền Tây,5ngành
A05,"Toán, Hóa học, Lịch sử",DSG,Trường Đại Học Công Nghệ Sài Gòn,23ngành
A05,"Toán, Hóa học, Lịch sử",TQU,Trường Đại học Tân Trào,1ngành
A05,"Toán, Hóa học, Lịch sử",DDA,Trường Đại Học Công Nghệ Đông Á,18ngành
T03,"Ngữ văn, Địa, Năng khiếu TDTT",HHK,Học Viện Hàng không Việt Nam,18ngành
T03,"Ngữ văn, Địa, Năng khiếu TDTT",SGD,Trường Đại Học Sài Gòn,7ngành
T03,"Ngữ văn, Địa, Năng khiếu TDTT",SPD,Trường Đại Học Đồng Tháp,2ngành
T03,"Ngữ văn, Địa, Năng khiếu TDTT",DKT,Trường Đại Học Hải Dương,1ngành
T03,"Ngữ văn, Địa, Năng khiếu TDTT",DQB,Trường Đại Học Quảng Bình,1ngành
T03,"Ngữ văn, Địa, Năng khiếu TDTT",CMC,Trường Đại Học CMC,13ngành
T03,"Ngữ văn, Địa, Năng khiếu TDTT",DDN,Trường Đại Học Đại Nam,43ngành
T03,"Ngữ văn, Địa, Năng khiếu TDTT",TDB,Trường Đại Học Thể Dục Thể Thao Bắc Ninh,4ngành
T03,"Ngữ văn, Địa, Năng khiếu TDTT",DSG,Trường Đại Học Công Nghệ Sài Gòn,9ngành
T03,"Ngữ văn, Địa, Năng khiếu TDTT",TTB,Trường Đại Học Tây Bắc,1ngành
A06,"Toán, Hóa học, Địa lí",HHK,Học Viện Hàng không Việt Nam,33ngành
A06,"Toán, Hóa học, Địa lí",PKA,Đại Học Phenikaa,21ngành
A06,"Toán, Hóa học, Địa lí",TDM,Trường Đại học Thủ Dầu Một,1ngành
A06,"Toán, Hóa học, Địa lí",QHT,Trường Đại Học Khoa Học Tự Nhiên Hà Nội,7ngành
A06,"Toán, Hóa học, Địa lí",SGD,Trường Đại Học Sài Gòn,24ngành
A06,"Toán, Hóa học, Địa lí",VHS,Trường Đại Học Văn Hóa TPHCM,2ngành
A06,"Toán, Hóa học, Địa lí",DMS,Trường Đại Học Tài Chính Marketing,21ngành
A06,"Toán, Hóa học, Địa lí",DQN,Trường Đại Học Quy Nhơn,5ngành
A06,"Toán, Hóa học, Địa lí",NHS,Trường Đại Học Ngân Hàng TPHCM,2ngành
A06,"Toán, Hóa học, Địa lí",MDA,Trường Đại Học Mỏ Địa Chất,2ngành
A06,"Toán, Hóa học, Địa lí",VLU,Trường Đại học Công nghệ kỹ thuật Vĩnh Long,4ngành
A06,"Toán, Hóa học, Địa lí",DQK,Trường Đại Học Kinh Doanh và Công Nghệ Hà Nội,2ngành
A06,"Toán, Hóa học, Địa lí",UKH,Trường Đại học Khánh Hòa,1ngành
A06,"Toán, Hóa học, Địa lí",CMC,Trường Đại Học CMC,19ngành
A06,"Toán, Hóa học, Địa lí",DTC,Trường Đại học Công Nghệ Thông Tin và Truyền Thông Thái Nguyên,27ngành
A06,"Toán, Hóa học, Địa lí",DDN,Trường Đại Học Đại Nam,52ngành
A06,"Toán, Hóa học, Địa lí",VGU,Trường Đại Học Việt Đức,7ngành
A06,"Toán, Hóa học, Địa lí",DTD,Trường Đại Học Tây Đô,1ngành
A06,"Toán, Hóa học, Địa lí",DDU,Trường Đại Học Đông Đô,3ngành
A06,"Toán, Hóa học, Địa lí",DTV,Trường Đại Học Lương Thế Vinh,10ngành
A06,"Toán, Hóa học, Địa lí",DTZ,Trường Đại Học Khoa Học Thái Nguyên,14ngành
A06,"Toán, Hóa học, Địa lí",MTU,Trường Đại Học Xây Dựng Miền Tây,7ngành
A06,"Toán, Hóa học, Địa lí",DSG,Trường Đại Học Công Nghệ Sài Gòn,23ngành
A06,"Toán, Hóa học, Địa lí",TDL,Trường Đại Học Đà Lạt,1ngành
A06,"Toán, Hóa học, Địa lí",DDA,Trường Đại Học Công Nghệ Đông Á,18ngành
X17,"Toán, Lịch sử, GDKTPL",HHK,Học Viện Hàng không Việt Nam,33ngành
X17,"Toán, Lịch sử, GDKTPL",PKA,Đại Học Phenikaa,17ngành
X17,"Toán, Lịch sử, GDKTPL",SGD,Trường Đại Học Sài Gòn,20ngành
X17,"Toán, Lịch sử, GDKTPL",VHS,Trường Đại Học Văn Hóa TPHCM,11ngành
X17,"Toán, Lịch sử, GDKTPL",DMS,Trường Đại Học Tài Chính Marketing,21ngành
X17,"Toán, Lịch sử, GDKTPL",DKT,Trường Đại Học Hải Dương,1ngành
X17,"Toán, Lịch sử, GDKTPL",DQB,Trường Đại Học Quảng Bình,2ngành
X17,"Toán, Lịch sử, GDKTPL",DMT,Trường Đại học Tài Nguyên và Môi Trường Hà Nội,1ngành
X17,"Toán, Lịch sử, GDKTPL",DLX,Trường Đại Học Lao Động – Xã Hội,2ngành
X17,"Toán, Lịch sử, GDKTPL",DQU,Trường Đại Học Quảng Nam,1ngành
X17,"Toán, Lịch sử, GDKTPL",VLU,Trường Đại học Công nghệ kỹ thuật Vĩnh Long,9ngành
X17,"Toán, Lịch sử, GDKTPL",DQK,Trường Đại Học Kinh Doanh và Công Nghệ Hà Nội,5ngành
X17,"Toán, Lịch sử, GDKTPL",CMC,Trường Đại Học CMC,18ngành
X17,"Toán, Lịch sử, GDKTPL",DTC,Trường Đại học Công Nghệ Thông Tin và Truyền Thông Thái Nguyên,26ngành
X17,"Toán, Lịch sử, GDKTPL",DCL,Trường Đại Học Cửu Long,7ngành
X17,"Toán, Lịch sử, GDKTPL",DDN,Trường Đại Học Đại Nam,49ngành
X17,"Toán, Lịch sử, GDKTPL",DAD,Trường Đại Học Đông Á,42ngành
X17,"Toán, Lịch sử, GDKTPL",TTG,Trường Đại Học Tiền Giang,6ngành
X17,"Toán, Lịch sử, GDKTPL",DTZ,Trường Đại Học Khoa Học Thái Nguyên,19ngành
X17,"Toán, Lịch sử, GDKTPL",DHL,Trường Đại Học Nông Lâm Huế,3ngành
X17,"Toán, Lịch sử, GDKTPL",SIU,Trường Đại học Quốc Tế Sài Gòn,1ngành
X17,"Toán, Lịch sử, GDKTPL",DLA,Trường Đại Học Kinh Tế Công Nghiệp Long An,1ngành
X17,"Toán, Lịch sử, GDKTPL",DDM,Trường Đại Học Công Nghiệp Quảng Ninh,12ngành
X17,"Toán, Lịch sử, GDKTPL",DSG,Trường Đại Học Công Nghệ Sài Gòn,23ngành
X17,"Toán, Lịch sử, GDKTPL",TTB,Trường Đại Học Tây Bắc,2ngành
X17,"Toán, Lịch sử, GDKTPL",TKG,Trường Đại học Kiên Giang,12ngành
X09,"Toán, Hóa học, GDKTPL",DKK,Trường Đại Học Kinh Tế Kỹ Thuật Công Nghiệp,1ngành
X09,"Toán, Hóa học, GDKTPL",HHK,Học Viện Hàng không Việt Nam,33ngành
X09,"Toán, Hóa học, GDKTPL",PKA,Đại Học Phenikaa,15ngành
X09,"Toán, Hóa học, GDKTPL",TDM,Trường Đại học Thủ Dầu Một,12ngành
X09,"Toán, Hóa học, GDKTPL",TLA,Trường Đại Học Thủy Lợi,1ngành
X09,"Toán, Hóa học, GDKTPL",SGD,Trường Đại Học Sài Gòn,22ngành
X09,"Toán, Hóa học, GDKTPL",DMS,Trường Đại Học Tài Chính Marketing,21ngành
X09,"Toán, Hóa học, GDKTPL",DQN,Trường Đại Học Quy Nhơn,3ngành
X09,"Toán, Hóa học, GDKTPL",DPQ,Trường Đại Học Phạm Văn Đồng,1ngành
X09,"Toán, Hóa học, GDKTPL",DMT,Trường Đại học Tài Nguyên và Môi Trường Hà Nội,1ngành
X09,"Toán, Hóa học, GDKTPL",DVT,Đại Học Trà Vinh,2ngành
X09,"Toán, Hóa học, GDKTPL",VLU,Trường Đại học Công nghệ kỹ thuật Vĩnh Long,1ngành
X09,"Toán, Hóa học, GDKTPL",DQK,Trường Đại Học Kinh Doanh và Công Nghệ Hà Nội,2ngành
X09,"Toán, Hóa học, GDKTPL",CMC,Trường Đại Học CMC,19ngành
X09,"Toán, Hóa học, GDKTPL",DTC,Trường Đại học Công Nghệ Thông Tin và Truyền Thông Thái Nguyên,27ngành
X09,"Toán, Hóa học, GDKTPL",DDN,Trường Đại Học Đại Nam,54ngành
X09,"Toán, Hóa học, GDKTPL",DAD,Trường Đại Học Đông Á,7ngành
X09,"Toán, Hóa học, GDKTPL",VGU,Trường Đại Học Việt Đức,6ngành
X09,"Toán, Hóa học, GDKTPL",BVU,Trường Đại Học Bà Rịa – Vũng Tàu,15ngành
X09,"Toán, Hóa học, GDKTPL",DDV,Viện nghiên cứu và đào tạo Việt Anh - Đại học Đà Nẵng,1ngành
X09,"Toán, Hóa học, GDKTPL",DTZ,Trường Đại Học Khoa Học Thái Nguyên,13ngành
X09,"Toán, Hóa học, GDKTPL",MTU,Trường Đại Học Xây Dựng Miền Tây,7ngành
X09,"Toán, Hóa học, GDKTPL",DSG,Trường Đại Học Công Nghệ Sài Gòn,23ngành
X09,"Toán, Hóa học, GDKTPL",TTB,Trường Đại Học Tây Bắc,5ngành
X09,"Toán, Hóa học, GDKTPL",TDL,Trường Đại Học Đà Lạt,4ngành
B02,"Toán, Sinh học, Địa lí",SPH,Trường Đại Học Sư Phạm Hà Nội,1ngành
B02,"Toán, Sinh học, Địa lí",HHK,Học Viện Hàng không Việt Nam,33ngành
B02,"Toán, Sinh học, Địa lí",PKA,Đại Học Phenikaa,4ngành
B02,"Toán, Sinh học, Địa lí",TDM,Trường Đại học Thủ Dầu Một,2ngành
B02,"Toán, Sinh học, Địa lí",TLA,Trường Đại Học Thủy Lợi,1ngành
B02,"Toán, Sinh học, Địa lí",QHT,Trường Đại Học Khoa Học Tự Nhiên Hà Nội,4ngành
B02,"Toán, Sinh học, Địa lí",SGD,Trường Đại Học Sài Gòn,24ngành
B02,"Toán, Sinh học, Địa lí",TTN,Trường Đại Học Tây Nguyên,5ngành
B02,"Toán, Sinh học, Địa lí",DQN,Trường Đại Học Quy Nhơn,4ngành
B02,"Toán, Sinh học, Địa lí",HLU,Trường Đại Học Hạ Long,2ngành
B02,"Toán, Sinh học, Địa lí",DKT,Trường Đại Học Hải Dương,1ngành
B02,"Toán, Sinh học, Địa lí",DQU,Trường Đại Học Quảng Nam,1ngành
B02,"Toán, Sinh học, Địa lí",DPY,Trường Đại Học Phú Yên,1ngành
B02,"Toán, Sinh học, Địa lí",DVT,Đại Học Trà Vinh,1ngành
B02,"Toán, Sinh học, Địa lí",NLS,Trường Đại Học Nông Lâm TPHCM,2ngành
B02,"Toán, Sinh học, Địa lí",VLU,Trường Đại học Công nghệ kỹ thuật Vĩnh Long,2ngành
B02,"Toán, Sinh học, Địa lí",UKH,Trường Đại học Khánh Hòa,1ngành
B02,"Toán, Sinh học, Địa lí",CMC,Trường Đại Học CMC,18ngành
B02,"Toán, Sinh học, Địa lí",DTC,Trường Đại học Công Nghệ Thông Tin và Truyền Thông Thái Nguyên,26ngành
B02,"Toán, Sinh học, Địa lí",DDN,Trường Đại Học Đại Nam,47ngành
B02,"Toán, Sinh học, Địa lí",DAD,Trường Đại Học Đông Á,11ngành
B02,"Toán, Sinh học, Địa lí",VGU,Trường Đại Học Việt Đức,2ngành
B02,"Toán, Sinh học, Địa lí",DTD,Trường Đại Học Tây Đô,1ngành
B02,"Toán, Sinh học, Địa lí",DKC,Trường Đại học Công Nghệ TPHCM,5ngành
B02,"Toán, Sinh học, Địa lí",DDU,Trường Đại Học Đông Đô,4ngành
B02,"Toán, Sinh học, Địa lí",DTV,Trường Đại Học Lương Thế Vinh,10ngành
B02,"Toán, Sinh học, Địa lí",LNH,Trường Đại Học Lâm nghiệp,1ngành
B02,"Toán, Sinh học, Địa lí",DQT,Trường Đại Học Quang Trung,2ngành
B02,"Toán, Sinh học, Địa lí",DTZ,Trường Đại Học Khoa Học Thái Nguyên,11ngành
B02,"Toán, Sinh học, Địa lí",DNU,Trường Đại Học Đồng Nai,1ngành
B02,"Toán, Sinh học, Địa lí",DTQ,Khoa Quốc Tế - Đại Học Thái Nguyên,2ngành
B02,"Toán, Sinh học, Địa lí",LNA,Phân hiệu Đại học Lâm nghiệp tỉnh Gia Lai,1ngành
B02,"Toán, Sinh học, Địa lí",DSG,Trường Đại Học Công Nghệ Sài Gòn,23ngành
B02,"Toán, Sinh học, Địa lí",TTB,Trường Đại Học Tây Bắc,1ngành
B02,"Toán, Sinh học, Địa lí",TDL,Trường Đại Học Đà Lạt,1ngành
B02,"Toán, Sinh học, Địa lí",TQU,Trường Đại học Tân Trào,3ngành
B02,"Toán, Sinh học, Địa lí",DDA,Trường Đại Học Công Nghệ Đông Á,2ngành
M02,"Toán, Năng khiếu 1, Năng khiếu 2",SPH,Trường Đại Học Sư Phạm Hà Nội,4ngành
M02,"Toán, Năng khiếu 1, Năng khiếu 2",HHK,Học Viện Hàng không Việt Nam,33ngành
M02,"Toán, Năng khiếu 1, Năng khiếu 2",TDM,Trường Đại học Thủ Dầu Một,1ngành
M02,"Toán, Năng khiếu 1, Năng khiếu 2",SGD,Trường Đại Học Sài Gòn,21ngành
M02,"Toán, Năng khiếu 1, Năng khiếu 2",THP,Trường Đại Học Hải Phòng,1ngành
M02,"Toán, Năng khiếu 1, Năng khiếu 2",DQU,Trường Đại Học Quảng Nam,1ngành
M02,"Toán, Năng khiếu 1, Năng khiếu 2",TDH,Trường Đại Học Sư Phạm Thể Dục Thể Thao Hà Nội,3ngành
M02,"Toán, Năng khiếu 1, Năng khiếu 2",CMC,Trường Đại Học CMC,18ngành
M02,"Toán, Năng khiếu 1, Năng khiếu 2",DTC,Trường Đại học Công Nghệ Thông Tin và Truyền Thông Thái Nguyên,26ngành
M02,"Toán, Năng khiếu 1, Năng khiếu 2",DDN,Trường Đại Học Đại Nam,47ngành
M02,"Toán, Năng khiếu 1, Năng khiếu 2",DSG,Trường Đại Học Công Nghệ Sài Gòn,23ngành
C05,"Ngữ văn, Vật lí, Hóa học",HHK,Học Viện Hàng không Việt Nam,18ngành
C05,"Ngữ văn, Vật lí, Hóa học",PKA,Đại Học Phenikaa,3ngành
C05,"Ngữ văn, Vật lí, Hóa học",TLA,Trường Đại Học Thủy Lợi,1ngành
C05,"Ngữ văn, Vật lí, Hóa học",SGD,Trường Đại Học Sài Gòn,6ngành
C05,"Ngữ văn, Vật lí, Hóa học",KCC,Trường Đại học Kỹ Thuật Công Nghệ Cần Thơ,3ngành
C05,"Ngữ văn, Vật lí, Hóa học",UKH,Trường Đại học Khánh Hòa,1ngành
C05,"Ngữ văn, Vật lí, Hóa học",CMC,Trường Đại Học CMC,13ngành
C05,"Ngữ văn, Vật lí, Hóa học",DNC,Trường Đại học Nam Cần Thơ,3ngành
C05,"Ngữ văn, Vật lí, Hóa học",DDN,Trường Đại Học Đại Nam,43ngành
C05,"Ngữ văn, Vật lí, Hóa học",TTG,Trường Đại Học Tiền Giang,3ngành
C05,"Ngữ văn, Vật lí, Hóa học",DQT,Trường Đại Học Quang Trung,2ngành
C05,"Ngữ văn, Vật lí, Hóa học",DTZ,Trường Đại Học Khoa Học Thái Nguyên,5ngành
C05,"Ngữ văn, Vật lí, Hóa học",DLA,Trường Đại Học Kinh Tế Công Nghiệp Long An,1ngành
C05,"Ngữ văn, Vật lí, Hóa học",DSG,Trường Đại Học Công Nghệ Sài Gòn,9ngành
C05,"Ngữ văn, Vật lí, Hóa học",TQU,Trường Đại học Tân Trào,1ngành
D12,"Ngữ văn, Hóa học, Tiếng Anh",HHK,Học Viện Hàng không Việt Nam,21ngành
D12,"Ngữ văn, Hóa học, Tiếng Anh",PKA,Đại Học Phenikaa,19ngành
D12,"Ngữ văn, Hóa học, Tiếng Anh",TDM,Trường Đại học Thủ Dầu Một,3ngành
D12,"Ngữ văn, Hóa học, Tiếng Anh",DTT,Trường Đại Học Tôn Đức Thắng,8ngành
D12,"Ngữ văn, Hóa học, Tiếng Anh",HVN,Học Viện Nông Nghiệp Việt Nam,1ngành
D12,"Ngữ văn, Hóa học, Tiếng Anh",QHF,Trường Đại Học Ngoại Ngữ - ĐH Quốc gia Hà Nội,1ngành
D12,"Ngữ văn, Hóa học, Tiếng Anh",SGD,Trường Đại Học Sài Gòn,9ngành
D12,"Ngữ văn, Hóa học, Tiếng Anh",SP2,Trường Đại Học Sư Phạm Hà Nội 2,2ngành
D12,"Ngữ văn, Hóa học, Tiếng Anh",LPS,Trường Đại Học Luật TPHCM,3ngành
D12,"Ngữ văn, Hóa học, Tiếng Anh",LDA,Trường Đại Học Công Đoàn,4ngành
D12,"Ngữ văn, Hóa học, Tiếng Anh",TTN,Trường Đại Học Tây Nguyên,2ngành
D12,"Ngữ văn, Hóa học, Tiếng Anh",DQN,Trường Đại Học Quy Nhơn,1ngành
D12,"Ngữ văn, Hóa học, Tiếng Anh",DKT,Trường Đại Học Hải Dương,2ngành
D12,"Ngữ văn, Hóa học, Tiếng Anh",DBL,Trường Đại Học Bạc Liêu,1ngành
D12,"Ngữ văn, Hóa học, Tiếng Anh",KCC,Trường Đại học Kỹ Thuật Công Nghệ Cần Thơ,1ngành
D12,"Ngữ văn, Hóa học, Tiếng Anh",MBS,Trường Đại Học Mở TPHCM,10ngành
D12,"Ngữ văn, Hóa học, Tiếng Anh",DQK,Trường Đại Học Kinh Doanh và Công Nghệ Hà Nội,1ngành
D12,"Ngữ văn, Hóa học, Tiếng Anh",UKH,Trường Đại học Khánh Hòa,4ngành
D12,"Ngữ văn, Hóa học, Tiếng Anh",CMC,Trường Đại Học CMC,13ngành
D12,"Ngữ văn, Hóa học, Tiếng Anh",DDN,Trường Đại Học Đại Nam,43ngành
D12,"Ngữ văn, Hóa học, Tiếng Anh",DLH,Trường Đại Học Lạc Hồng,1ngành
D12,"Ngữ văn, Hóa học, Tiếng Anh",DTV,Trường Đại Học Lương Thế Vinh,9ngành
D12,"Ngữ văn, Hóa học, Tiếng Anh",VJU,Trường Đại học Việt Nhật - ĐHQG Hà Nội,1ngành
D12,"Ngữ văn, Hóa học, Tiếng Anh",BVU,Trường Đại Học Bà Rịa – Vũng Tàu,9ngành
D12,"Ngữ văn, Hóa học, Tiếng Anh",DNT,Trường Đại Học Ngoại Ngữ Tin Học TPHCM,1ngành
D12,"Ngữ văn, Hóa học, Tiếng Anh",DVH,Trường Đại Học Văn Hiến,1ngành
D12,"Ngữ văn, Hóa học, Tiếng Anh",DQT,Trường Đại Học Quang Trung,3ngành
D12,"Ngữ văn, Hóa học, Tiếng Anh",DTZ,Trường Đại Học Khoa Học Thái Nguyên,18ngành
D12,"Ngữ văn, Hóa học, Tiếng Anh",DNU,Trường Đại Học Đồng Nai,2ngành
D12,"Ngữ văn, Hóa học, Tiếng Anh",DLA,Trường Đại Học Kinh Tế Công Nghiệp Long An,1ngành
D12,"Ngữ văn, Hóa học, Tiếng Anh",HPU,Trường Đại học Quản lý và Công nghệ Hải Phòng,2ngành
D12,"Ngữ văn, Hóa học, Tiếng Anh",DSG,Trường Đại Học Công Nghệ Sài Gòn,9ngành
D12,"Ngữ văn, Hóa học, Tiếng Anh",DTP,Phân Hiệu Đại Học Thái Nguyên Tại Lào Cai,2ngành
D12,"Ngữ văn, Hóa học, Tiếng Anh",TQU,Trường Đại học Tân Trào,1ngành
M09,"Toán, NK Mầm non 1( kể chuyện, đọc, diễn cảm), NK Mầm non 2 (Hát)",HHK,Học Viện Hàng không Việt Nam,33ngành
M09,"Toán, NK Mầm non 1( kể chuyện, đọc, diễn cảm), NK Mầm non 2 (Hát)",SGD,Trường Đại Học Sài Gòn,20ngành
M09,"Toán, NK Mầm non 1( kể chuyện, đọc, diễn cảm), NK Mầm non 2 (Hát)",DDS,Trường Đại Học Sư Phạm - Đại Học Đà Nẵng,1ngành
M09,"Toán, NK Mầm non 1( kể chuyện, đọc, diễn cảm), NK Mầm non 2 (Hát)",HLU,Trường Đại Học Hạ Long,1ngành
M09,"Toán, NK Mầm non 1( kể chuyện, đọc, diễn cảm), NK Mầm non 2 (Hát)",HHT,Trường Đại Học Hà Tĩnh,1ngành
M09,"Toán, NK Mầm non 1( kể chuyện, đọc, diễn cảm), NK Mầm non 2 (Hát)",DPY,Trường Đại Học Phú Yên,1ngành
M09,"Toán, NK Mầm non 1( kể chuyện, đọc, diễn cảm), NK Mầm non 2 (Hát)",CMC,Trường Đại Học CMC,18ngành
M09,"Toán, NK Mầm non 1( kể chuyện, đọc, diễn cảm), NK Mầm non 2 (Hát)",DTC,Trường Đại học Công Nghệ Thông Tin và Truyền Thông Thái Nguyên,26ngành
M09,"Toán, NK Mầm non 1( kể chuyện, đọc, diễn cảm), NK Mầm non 2 (Hát)",DDN,Trường Đại Học Đại Nam,47ngành
M09,"Toán, NK Mầm non 1( kể chuyện, đọc, diễn cảm), NK Mầm non 2 (Hát)",TTG,Trường Đại Học Tiền Giang,1ngành
M09,"Toán, NK Mầm non 1( kể chuyện, đọc, diễn cảm), NK Mầm non 2 (Hát)",DSG,Trường Đại Học Công Nghệ Sài Gòn,23ngành
D45,"Ngữ văn, Địa lí, Tiếng Trung",HHK,Học Viện Hàng không Việt Nam,19ngành
D45,"Ngữ văn, Địa lí, Tiếng Trung",PKA,Đại Học Phenikaa,6ngành
D45,"Ngữ văn, Địa lí, Tiếng Trung",TLA,Trường Đại Học Thủy Lợi,1ngành
D45,"Ngữ văn, Địa lí, Tiếng Trung",HVN,Học Viện Nông Nghiệp Việt Nam,1ngành
D45,"Ngữ văn, Địa lí, Tiếng Trung",QHF,Trường Đại Học Ngoại Ngữ - ĐH Quốc gia Hà Nội,2ngành
D45,"Ngữ văn, Địa lí, Tiếng Trung",SGD,Trường Đại Học Sài Gòn,7ngành
D45,"Ngữ văn, Địa lí, Tiếng Trung",LPS,Trường Đại Học Luật TPHCM,2ngành
D45,"Ngữ văn, Địa lí, Tiếng Trung",DHF,Trường Đại Học Ngoại Ngữ Huế,2ngành
D45,"Ngữ văn, Địa lí, Tiếng Trung",THP,Trường Đại Học Hải Phòng,1ngành
D45,"Ngữ văn, Địa lí, Tiếng Trung",SPD,Trường Đại Học Đồng Tháp,1ngành
D45,"Ngữ văn, Địa lí, Tiếng Trung",QHK,Trường Khoa học liên ngành và Nghệ thuật Hà Nội,3ngành
D45,"Ngữ văn, Địa lí, Tiếng Trung",DTF,Trường Ngoại Ngữ Thái Nguyên,3ngành
D45,"Ngữ văn, Địa lí, Tiếng Trung",HLU,Trường Đại Học Hạ Long,3ngành
D45,"Ngữ văn, Địa lí, Tiếng Trung",DQB,Trường Đại Học Quảng Bình,1ngành
D45,"Ngữ văn, Địa lí, Tiếng Trung",SKH,Trường Đại Học Sư Phạm Kỹ Thuật Hưng Yên,1ngành
D45,"Ngữ văn, Địa lí, Tiếng Trung",MBS,Trường Đại Học Mở TPHCM,6ngành
D45,"Ngữ văn, Địa lí, Tiếng Trung",UKH,Trường Đại học Khánh Hòa,1ngành
D45,"Ngữ văn, Địa lí, Tiếng Trung",CMC,Trường Đại Học CMC,13ngành
D45,"Ngữ văn, Địa lí, Tiếng Trung",DDN,Trường Đại Học Đại Nam,43ngành
D45,"Ngữ văn, Địa lí, Tiếng Trung",SDU,Trường Đại học Sao Đỏ,1ngành
D45,"Ngữ văn, Địa lí, Tiếng Trung",DKC,Trường Đại học Công Nghệ TPHCM,4ngành
D45,"Ngữ văn, Địa lí, Tiếng Trung",DTV,Trường Đại Học Lương Thế Vinh,1ngành
D45,"Ngữ văn, Địa lí, Tiếng Trung",BVU,Trường Đại Học Bà Rịa – Vũng Tàu,15ngành
D45,"Ngữ văn, Địa lí, Tiếng Trung",MIT,Trường Đại học Công nghệ Miền Đông,1ngành
D45,"Ngữ văn, Địa lí, Tiếng Trung",DVP,Trường Đại Học Trưng Vương,1ngành
D45,"Ngữ văn, Địa lí, Tiếng Trung",DTZ,Trường Đại Học Khoa Học Thái Nguyên,3ngành
D45,"Ngữ văn, Địa lí, Tiếng Trung",DPX,Trường Đại Học Phú Xuân,4ngành
D45,"Ngữ văn, Địa lí, Tiếng Trung",DSG,Trường Đại Học Công Nghệ Sài Gòn,9ngành
D45,"Ngữ văn, Địa lí, Tiếng Trung",DTG,Phân hiệu Đại học Thái Nguyên tại Hà Giang,1ngành
M03,"Văn, Năng khiếu 1, Năng khiếu 2",SPH,Trường Đại Học Sư Phạm Hà Nội,4ngành
M03,"Văn, Năng khiếu 1, Năng khiếu 2",HHK,Học Viện Hàng không Việt Nam,18ngành
M03,"Văn, Năng khiếu 1, Năng khiếu 2",TDM,Trường Đại học Thủ Dầu Một,1ngành
M03,"Văn, Năng khiếu 1, Năng khiếu 2",SGD,Trường Đại Học Sài Gòn,6ngành
M03,"Văn, Năng khiếu 1, Năng khiếu 2",THP,Trường Đại Học Hải Phòng,1ngành
M03,"Văn, Năng khiếu 1, Năng khiếu 2",DQU,Trường Đại Học Quảng Nam,1ngành
M03,"Văn, Năng khiếu 1, Năng khiếu 2",DPY,Trường Đại Học Phú Yên,1ngành
M03,"Văn, Năng khiếu 1, Năng khiếu 2",TDH,Trường Đại Học Sư Phạm Thể Dục Thể Thao Hà Nội,3ngành
M03,"Văn, Năng khiếu 1, Năng khiếu 2",CMC,Trường Đại Học CMC,13ngành
M03,"Văn, Năng khiếu 1, Năng khiếu 2",DDN,Trường Đại Học Đại Nam,43ngành
M03,"Văn, Năng khiếu 1, Năng khiếu 2",DSG,Trường Đại Học Công Nghệ Sài Gòn,9ngành
N01,"Ngữ văn, xướng âm, biểu diễn nghệ thuật",HHK,Học Viện Hàng không Việt Nam,18ngành
N01,"Ngữ văn, xướng âm, biểu diễn nghệ thuật",TDM,Trường Đại học Thủ Dầu Một,1ngành
N01,"Ngữ văn, xướng âm, biểu diễn nghệ thuật",SGD,Trường Đại Học Sài Gòn,7ngành
N01,"Ngữ văn, xướng âm, biểu diễn nghệ thuật",DDS,Trường Đại Học Sư Phạm - Đại Học Đà Nẵng,1ngành
N01,"Ngữ văn, xướng âm, biểu diễn nghệ thuật",SPD,Trường Đại Học Đồng Tháp,1ngành
N01,"Ngữ văn, xướng âm, biểu diễn nghệ thuật",CMC,Trường Đại Học CMC,13ngành
N01,"Ngữ văn, xướng âm, biểu diễn nghệ thuật",NTT,Trường Đại Học Nguyễn Tất Thành,1ngành
N01,"Ngữ văn, xướng âm, biểu diễn nghệ thuật",DDN,Trường Đại Học Đại Nam,43ngành
N01,"Ngữ văn, xướng âm, biểu diễn nghệ thuật",DSG,Trường Đại Học Công Nghệ Sài Gòn,9ngành
A03,"Toán, Vật lí, Lịch sử",DKK,Trường Đại Học Kinh Tế Kỹ Thuật Công Nghiệp,43ngành
A03,"Toán, Vật lí, Lịch sử",HHK,Học Viện Hàng không Việt Nam,33ngành
A03,"Toán, Vật lí, Lịch sử",PKA,Đại Học Phenikaa,28ngành
A03,"Toán, Vật lí, Lịch sử",TDM,Trường Đại học Thủ Dầu Một,5ngành
A03,"Toán, Vật lí, Lịch sử",HVN,Học Viện Nông Nghiệp Việt Nam,4ngành
A03,"Toán, Vật lí, Lịch sử",SGD,Trường Đại Học Sài Gòn,22ngành
A03,"Toán, Vật lí, Lịch sử",DMS,Trường Đại Học Tài Chính Marketing,21ngành
A03,"Toán, Vật lí, Lịch sử",LDA,Trường Đại Học Công Đoàn,4ngành
A03,"Toán, Vật lí, Lịch sử",TTN,Trường Đại Học Tây Nguyên,1ngành
A03,"Toán, Vật lí, Lịch sử",DQB,Trường Đại Học Quảng Bình,1ngành
A03,"Toán, Vật lí, Lịch sử",NHS,Trường Đại Học Ngân Hàng TPHCM,4ngành
A03,"Toán, Vật lí, Lịch sử",KCC,Trường Đại học Kỹ Thuật Công Nghệ Cần Thơ,2ngành
A03,"Toán, Vật lí, Lịch sử",DVT,Đại Học Trà Vinh,7ngành
A03,"Toán, Vật lí, Lịch sử",MDA,Trường Đại Học Mỏ Địa Chất,24ngành
A03,"Toán, Vật lí, Lịch sử",VLU,Trường Đại học Công nghệ kỹ thuật Vĩnh Long,20ngành
A03,"Toán, Vật lí, Lịch sử",CMC,Trường Đại Học CMC,18ngành
A03,"Toán, Vật lí, Lịch sử",NTT,Trường Đại Học Nguyễn Tất Thành,6ngành
A03,"Toán, Vật lí, Lịch sử",DTC,Trường Đại học Công Nghệ Thông Tin và Truyền Thông Thái Nguyên,27ngành
A03,"Toán, Vật lí, Lịch sử",HIU,Trường Đại Học Quốc Tế Hồng Bàng,1ngành
A03,"Toán, Vật lí, Lịch sử",DCL,Trường Đại Học Cửu Long,19ngành
A03,"Toán, Vật lí, Lịch sử",DDN,Trường Đại Học Đại Nam,52ngành
A03,"Toán, Vật lí, Lịch sử",VGU,Trường Đại Học Việt Đức,10ngành
A03,"Toán, Vật lí, Lịch sử",DDU,Trường Đại Học Đông Đô,8ngành
A03,"Toán, Vật lí, Lịch sử",DLH,Trường Đại Học Lạc Hồng,9ngành
A03,"Toán, Vật lí, Lịch sử",TDD,Trường Đại học Thành Đô,2ngành
A03,"Toán, Vật lí, Lịch sử",DTV,Trường Đại Học Lương Thế Vinh,10ngành
A03,"Toán, Vật lí, Lịch sử",MIT,Trường Đại học Công nghệ Miền Đông,14ngành
A03,"Toán, Vật lí, Lịch sử",DKB,Trường Đại Học Kinh Tế Kỹ Thuật Bình Dương,2ngành
A03,"Toán, Vật lí, Lịch sử",DTZ,Trường Đại Học Khoa Học Thái Nguyên,10ngành
A03,"Toán, Vật lí, Lịch sử",UMT,Trường Đại học Quản lý và công nghệ TPHCM,3ngành
A03,"Toán, Vật lí, Lịch sử",MTU,Trường Đại Học Xây Dựng Miền Tây,9ngành
A03,"Toán, Vật lí, Lịch sử",VHD,Trường Đại Học Công Nghiệp Việt - Hung,13ngành
A03,"Toán, Vật lí, Lịch sử",DSG,Trường Đại Học Công Nghệ Sài Gòn,23ngành
A03,"Toán, Vật lí, Lịch sử",DDA,Trường Đại Học Công Nghệ Đông Á,20ngành
D44,"Ngữ văn, Địa lí, Tiếng Pháp",HHK,Học Viện Hàng không Việt Nam,19ngành
D44,"Ngữ văn, Địa lí, Tiếng Pháp",QHF,Trường Đại Học Ngoại Ngữ - ĐH Quốc gia Hà Nội,1ngành
D44,"Ngữ văn, Địa lí, Tiếng Pháp",SGD,Trường Đại Học Sài Gòn,7ngành
D44,"Ngữ văn, Địa lí, Tiếng Pháp",LPS,Trường Đại Học Luật TPHCM,1ngành
D44,"Ngữ văn, Địa lí, Tiếng Pháp",DHF,Trường Đại Học Ngoại Ngữ Huế,2ngành
D44,"Ngữ văn, Địa lí, Tiếng Pháp",QHK,Trường Khoa học liên ngành và Nghệ thuật Hà Nội,3ngành
D44,"Ngữ văn, Địa lí, Tiếng Pháp",MBS,Trường Đại Học Mở TPHCM,4ngành
D44,"Ngữ văn, Địa lí, Tiếng Pháp",CMC,Trường Đại Học CMC,13ngành
D44,"Ngữ văn, Địa lí, Tiếng Pháp",DDN,Trường Đại Học Đại Nam,43ngành
D44,"Ngữ văn, Địa lí, Tiếng Pháp",DKC,Trường Đại học Công Nghệ TPHCM,4ngành
D44,"Ngữ văn, Địa lí, Tiếng Pháp",DTV,Trường Đại Học Lương Thế Vinh,1ngành
D44,"Ngữ văn, Địa lí, Tiếng Pháp",DSG,Trường Đại Học Công Nghệ Sài Gòn,9ngành
D63,"Ngữ văn, Lịch sử, Tiếng Nhật",HHK,Học Viện Hàng không Việt Nam,18ngành
D63,"Ngữ văn, Lịch sử, Tiếng Nhật",PKA,Đại Học Phenikaa,6ngành
D63,"Ngữ văn, Lịch sử, Tiếng Nhật",QHF,Trường Đại Học Ngoại Ngữ - ĐH Quốc gia Hà Nội,2ngành
D63,"Ngữ văn, Lịch sử, Tiếng Nhật",SGD,Trường Đại Học Sài Gòn,9ngành
D63,"Ngữ văn, Lịch sử, Tiếng Nhật",LPS,Trường Đại Học Luật TPHCM,1ngành
D63,"Ngữ văn, Lịch sử, Tiếng Nhật",MBS,Trường Đại Học Mở TPHCM,6ngành
D63,"Ngữ văn, Lịch sử, Tiếng Nhật",CMC,Trường Đại Học CMC,13ngành
D63,"Ngữ văn, Lịch sử, Tiếng Nhật",DDN,Trường Đại Học Đại Nam,43ngành
D63,"Ngữ văn, Lịch sử, Tiếng Nhật",DKC,Trường Đại học Công Nghệ TPHCM,4ngành
D63,"Ngữ văn, Lịch sử, Tiếng Nhật",DTV,Trường Đại Học Lương Thế Vinh,1ngành
D63,"Ngữ văn, Lịch sử, Tiếng Nhật",VJU,Trường Đại học Việt Nhật - ĐHQG Hà Nội,1ngành
D63,"Ngữ văn, Lịch sử, Tiếng Nhật",BVU,Trường Đại Học Bà Rịa – Vũng Tàu,15ngành
D63,"Ngữ văn, Lịch sử, Tiếng Nhật",NTU,Trường Đại Học Nguyễn Trãi,3ngành
D63,"Ngữ văn, Lịch sử, Tiếng Nhật",UMT,Trường Đại học Quản lý và công nghệ TPHCM,3ngành
D63,"Ngữ văn, Lịch sử, Tiếng Nhật",DSG,Trường Đại Học Công Nghệ Sài Gòn,9ngành
D64,"Ngữ văn, Lịch sử, Tiếng Pháp",HHK,Học Viện Hàng không Việt Nam,18ngành
D64,"Ngữ văn, Lịch sử, Tiếng Pháp",QHF,Trường Đại Học Ngoại Ngữ - ĐH Quốc gia Hà Nội,1ngành
D64,"Ngữ văn, Lịch sử, Tiếng Pháp",TCT,Đại Học Cần Thơ,2ngành
D64,"Ngữ văn, Lịch sử, Tiếng Pháp",SGD,Trường Đại Học Sài Gòn,9ngành
D64,"Ngữ văn, Lịch sử, Tiếng Pháp",LPS,Trường Đại Học Luật TPHCM,1ngành
D64,"Ngữ văn, Lịch sử, Tiếng Pháp",DHF,Trường Đại Học Ngoại Ngữ Huế,1ngành
D64,"Ngữ văn, Lịch sử, Tiếng Pháp",QHK,Trường Khoa học liên ngành và Nghệ thuật Hà Nội,3ngành
D64,"Ngữ văn, Lịch sử, Tiếng Pháp",MBS,Trường Đại Học Mở TPHCM,4ngành
D64,"Ngữ văn, Lịch sử, Tiếng Pháp",CMC,Trường Đại Học CMC,13ngành
D64,"Ngữ văn, Lịch sử, Tiếng Pháp",DDN,Trường Đại Học Đại Nam,43ngành
D64,"Ngữ văn, Lịch sử, Tiếng Pháp",DKC,Trường Đại học Công Nghệ TPHCM,4ngành
D64,"Ngữ văn, Lịch sử, Tiếng Pháp",UMT,Trường Đại học Quản lý và công nghệ TPHCM,3ngành
D64,"Ngữ văn, Lịch sử, Tiếng Pháp",DSG,Trường Đại Học Công Nghệ Sài Gòn,9ngành
M13,"Toán, Sinh học, Năng khiếu",HHK,Học Viện Hàng không Việt Nam,33ngành
M13,"Toán, Sinh học, Năng khiếu",SGD,Trường Đại Học Sài Gòn,22ngành
M13,"Toán, Sinh học, Năng khiếu",CMC,Trường Đại Học CMC,18ngành
M13,"Toán, Sinh học, Năng khiếu",DTC,Trường Đại học Công Nghệ Thông Tin và Truyền Thông Thái Nguyên,26ngành
M13,"Toán, Sinh học, Năng khiếu",DDN,Trường Đại Học Đại Nam,47ngành
M13,"Toán, Sinh học, Năng khiếu",CEA,Trường Đại học Nghệ An,1ngành
M13,"Toán, Sinh học, Năng khiếu",DSG,Trường Đại Học Công Nghệ Sài Gòn,23ngành
V03,"Vẽ mỹ thuật, Toán, Hóa",HHK,Học Viện Hàng không Việt Nam,33ngành
V03,"Vẽ mỹ thuật, Toán, Hóa",TDM,Trường Đại học Thủ Dầu Một,1ngành
V03,"Vẽ mỹ thuật, Toán, Hóa",TCT,Đại Học Cần Thơ,1ngành
V03,"Vẽ mỹ thuật, Toán, Hóa",SGD,Trường Đại Học Sài Gòn,21ngành
V03,"Vẽ mỹ thuật, Toán, Hóa",KTD,Trường Đại Học Kiến Trúc Đà Nẵng,1ngành
V03,"Vẽ mỹ thuật, Toán, Hóa",CMC,Trường Đại Học CMC,19ngành
V03,"Vẽ mỹ thuật, Toán, Hóa",DTC,Trường Đại học Công Nghệ Thông Tin và Truyền Thông Thái Nguyên,27ngành
V03,"Vẽ mỹ thuật, Toán, Hóa",DDN,Trường Đại Học Đại Nam,52ngành
V03,"Vẽ mỹ thuật, Toán, Hóa",DAD,Trường Đại Học Đông Á,1ngành
V03,"Vẽ mỹ thuật, Toán, Hóa",DCA,Trường Đại học Intracom,1ngành
V03,"Vẽ mỹ thuật, Toán, Hóa",UMT,Trường Đại học Quản lý và công nghệ TPHCM,1ngành
V03,"Vẽ mỹ thuật, Toán, Hóa",DSG,Trường Đại Học Công Nghệ Sài Gòn,23ngành
H08,"Ngữ văn, Lịch sử, Vẽ mỹ thuật",HHK,Học Viện Hàng không Việt Nam,18ngành
H08,"Ngữ văn, Lịch sử, Vẽ mỹ thuật",SGD,Trường Đại Học Sài Gòn,9ngành
H08,"Ngữ văn, Lịch sử, Vẽ mỹ thuật",DQK,Trường Đại Học Kinh Doanh và Công Nghệ Hà Nội,2ngành
H08,"Ngữ văn, Lịch sử, Vẽ mỹ thuật",CMC,Trường Đại Học CMC,13ngành
H08,"Ngữ văn, Lịch sử, Vẽ mỹ thuật",HIU,Trường Đại Học Quốc Tế Hồng Bàng,1ngành
H08,"Ngữ văn, Lịch sử, Vẽ mỹ thuật",DDN,Trường Đại Học Đại Nam,43ngành
H08,"Ngữ văn, Lịch sử, Vẽ mỹ thuật",LNH,Trường Đại Học Lâm nghiệp,2ngành
H08,"Ngữ văn, Lịch sử, Vẽ mỹ thuật",UMT,Trường Đại học Quản lý và công nghệ TPHCM,1ngành
H08,"Ngữ văn, Lịch sử, Vẽ mỹ thuật",DSG,Trường Đại Học Công Nghệ Sài Gòn,9ngành
T04,"Toán, Lý, Năng khiếu TDTT",HNM,Trường Đại học Thủ Đô Hà Nội,2ngành
T04,"Toán, Lý, Năng khiếu TDTT",HHK,Học Viện Hàng không Việt Nam,33ngành
T04,"Toán, Lý, Năng khiếu TDTT",SGD,Trường Đại Học Sài Gòn,20ngành
T04,"Toán, Lý, Năng khiếu TDTT",DQB,Trường Đại Học Quảng Bình,1ngành
T04,"Toán, Lý, Năng khiếu TDTT",TDS,Trường Đại Học Thể Dục Thể Thao TPHCM,4ngành
T04,"Toán, Lý, Năng khiếu TDTT",CMC,Trường Đại Học CMC,18ngành
T04,"Toán, Lý, Năng khiếu TDTT",DTC,Trường Đại học Công Nghệ Thông Tin và Truyền Thông Thái Nguyên,27ngành
T04,"Toán, Lý, Năng khiếu TDTT",DDN,Trường Đại Học Đại Nam,52ngành
T04,"Toán, Lý, Năng khiếu TDTT",DSG,Trường Đại Học Công Nghệ Sài Gòn,23ngành
T04,"Toán, Lý, Năng khiếu TDTT",TTB,Trường Đại Học Tây Bắc,1ngành
V06,"Toán, Địa lí, Vẽ mỹ thuật",HHK,Học Viện Hàng không Việt Nam,33ngành
V06,"Toán, Địa lí, Vẽ mỹ thuật",TDM,Trường Đại học Thủ Dầu Một,1ngành
V06,"Toán, Địa lí, Vẽ mỹ thuật",SGD,Trường Đại Học Sài Gòn,22ngành
V06,"Toán, Địa lí, Vẽ mỹ thuật",XDA,Trường Đại Học Xây Dựng Hà Nội,1ngành
V06,"Toán, Địa lí, Vẽ mỹ thuật",DQK,Trường Đại Học Kinh Doanh và Công Nghệ Hà Nội,1ngành
V06,"Toán, Địa lí, Vẽ mỹ thuật",CMC,Trường Đại Học CMC,18ngành
V06,"Toán, Địa lí, Vẽ mỹ thuật",DTC,Trường Đại học Công Nghệ Thông Tin và Truyền Thông Thái Nguyên,26ngành
V06,"Toán, Địa lí, Vẽ mỹ thuật",DDT,Đại Học Duy Tân,4ngành
V06,"Toán, Địa lí, Vẽ mỹ thuật",DDN,Trường Đại Học Đại Nam,47ngành
V06,"Toán, Địa lí, Vẽ mỹ thuật",LNH,Trường Đại Học Lâm nghiệp,1ngành
V06,"Toán, Địa lí, Vẽ mỹ thuật",LNS,Phân hiệu Đại Học Lâm nghiệp tại Đồng Nai,1ngành
V06,"Toán, Địa lí, Vẽ mỹ thuật",UMT,Trường Đại học Quản lý và công nghệ TPHCM,1ngành
V06,"Toán, Địa lí, Vẽ mỹ thuật",DSG,Trường Đại Học Công Nghệ Sài Gòn,23ngành
C13,"Ngữ văn, Sinh học, Địa lí",HHK,Học Viện Hàng không Việt Nam,18ngành
C13,"Ngữ văn, Sinh học, Địa lí",SGD,Trường Đại Học Sài Gòn,9ngành
C13,"Ngữ văn, Sinh học, Địa lí",DQN,Trường Đại Học Quy Nhơn,2ngành
C13,"Ngữ văn, Sinh học, Địa lí",VLU,Trường Đại học Công nghệ kỹ thuật Vĩnh Long,4ngành
C13,"Ngữ văn, Sinh học, Địa lí",CMC,Trường Đại Học CMC,13ngành
C13,"Ngữ văn, Sinh học, Địa lí",DDN,Trường Đại Học Đại Nam,43ngành
C13,"Ngữ văn, Sinh học, Địa lí",DTZ,Trường Đại Học Khoa Học Thái Nguyên,17ngành
C13,"Ngữ văn, Sinh học, Địa lí",HDT,Trường Đại Học Hồng Đức,1ngành
C13,"Ngữ văn, Sinh học, Địa lí",DSG,Trường Đại Học Công Nghệ Sài Gòn,9ngành
C13,"Ngữ văn, Sinh học, Địa lí",TKG,Trường Đại học Kiên Giang,3ngành
S00,"Ngữ văn, Năng khiếu SKĐA 1, Năng khiếu SKĐA 2",HHK,Học Viện Hàng không Việt Nam,18ngành
S00,"Ngữ văn, Năng khiếu SKĐA 1, Năng khiếu SKĐA 2",SGD,Trường Đại Học Sài Gòn,6ngành
S00,"Ngữ văn, Năng khiếu SKĐA 1, Năng khiếu SKĐA 2",CMC,Trường Đại Học CMC,13ngành
S00,"Ngữ văn, Năng khiếu SKĐA 1, Năng khiếu SKĐA 2",DDN,Trường Đại Học Đại Nam,43ngành
S00,"Ngữ văn, Năng khiếu SKĐA 1, Năng khiếu SKĐA 2",DSG,Trường Đại Học Công Nghệ Sài Gòn,9ngành
D20,"Toán, Địa lí, Tiếng Trung",HHK,Học Viện Hàng không Việt Nam,34ngành
D20,"Toán, Địa lí, Tiếng Trung",PKA,Đại Học Phenikaa,1ngành
D20,"Toán, Địa lí, Tiếng Trung",QHT,Trường Đại Học Khoa Học Tự Nhiên Hà Nội,4ngành
D20,"Toán, Địa lí, Tiếng Trung",SGD,Trường Đại Học Sài Gòn,22ngành
D20,"Toán, Địa lí, Tiếng Trung",LPS,Trường Đại Học Luật TPHCM,2ngành
D20,"Toán, Địa lí, Tiếng Trung",SKH,Trường Đại Học Sư Phạm Kỹ Thuật Hưng Yên,1ngành
D20,"Toán, Địa lí, Tiếng Trung",CMC,Trường Đại Học CMC,18ngành
D20,"Toán, Địa lí, Tiếng Trung",DTC,Trường Đại học Công Nghệ Thông Tin và Truyền Thông Thái Nguyên,27ngành
D20,"Toán, Địa lí, Tiếng Trung",DDN,Trường Đại Học Đại Nam,47ngành
D20,"Toán, Địa lí, Tiếng Trung",DTV,Trường Đại Học Lương Thế Vinh,7ngành
D20,"Toán, Địa lí, Tiếng Trung",DTZ,Trường Đại Học Khoa Học Thái Nguyên,3ngành
D20,"Toán, Địa lí, Tiếng Trung",DSG,Trường Đại Học Công Nghệ Sài Gòn,23ngành
D33,"Toán, Sinh học, Tiếng Nhật",HHK,Học Viện Hàng không Việt Nam,33ngành
D33,"Toán, Sinh học, Tiếng Nhật",SGD,Trường Đại Học Sài Gòn,22ngành
D33,"Toán, Sinh học, Tiếng Nhật",CMC,Trường Đại Học CMC,18ngành
D33,"Toán, Sinh học, Tiếng Nhật",DTC,Trường Đại học Công Nghệ Thông Tin và Truyền Thông Thái Nguyên,26ngành
D33,"Toán, Sinh học, Tiếng Nhật",DDN,Trường Đại Học Đại Nam,47ngành
D33,"Toán, Sinh học, Tiếng Nhật",VGU,Trường Đại Học Việt Đức,6ngành
D33,"Toán, Sinh học, Tiếng Nhật",DTV,Trường Đại Học Lương Thế Vinh,7ngành
D33,"Toán, Sinh học, Tiếng Nhật",VJU,Trường Đại học Việt Nhật - ĐHQG Hà Nội,2ngành
D33,"Toán, Sinh học, Tiếng Nhật",BVU,Trường Đại Học Bà Rịa – Vũng Tàu,2ngành
D33,"Toán, Sinh học, Tiếng Nhật",THU,Trường Đại học Y khoa Tokyo Việt Nam,2ngành
D33,"Toán, Sinh học, Tiếng Nhật",UMT,Trường Đại học Quản lý và công nghệ TPHCM,7ngành
D33,"Toán, Sinh học, Tiếng Nhật",DSG,Trường Đại Học Công Nghệ Sài Gòn,23ngành
D33,"Toán, Sinh học, Tiếng Nhật",BMU,Trường Đại học Y Dược Buôn Ma Thuột,7ngành
D42,"Ngữ văn, Địa lí, Tiếng Nga",HHK,Học Viện Hàng không Việt Nam,18ngành
D42,"Ngữ văn, Địa lí, Tiếng Nga",PKA,Đại Học Phenikaa,6ngành
D42,"Ngữ văn, Địa lí, Tiếng Nga",QHF,Trường Đại Học Ngoại Ngữ - ĐH Quốc gia Hà Nội,1ngành
D42,"Ngữ văn, Địa lí, Tiếng Nga",SGD,Trường Đại Học Sài Gòn,7ngành
D42,"Ngữ văn, Địa lí, Tiếng Nga",DHF,Trường Đại Học Ngoại Ngữ Huế,1ngành
D42,"Ngữ văn, Địa lí, Tiếng Nga",MBS,Trường Đại Học Mở TPHCM,4ngành
D42,"Ngữ văn, Địa lí, Tiếng Nga",CMC,Trường Đại Học CMC,13ngành
D42,"Ngữ văn, Địa lí, Tiếng Nga",DDN,Trường Đại Học Đại Nam,43ngành
D42,"Ngữ văn, Địa lí, Tiếng Nga",DTV,Trường Đại Học Lương Thế Vinh,1ngành
D42,"Ngữ văn, Địa lí, Tiếng Nga",DSG,Trường Đại Học Công Nghệ Sài Gòn,9ngành
D32,"Toán, Sinh học, Tiếng Nga",HHK,Học Viện Hàng không Việt Nam,33ngành
D32,"Toán, Sinh học, Tiếng Nga",SGD,Trường Đại Học Sài Gòn,22ngành
D32,"Toán, Sinh học, Tiếng Nga",CMC,Trường Đại Học CMC,18ngành
D32,"Toán, Sinh học, Tiếng Nga",DTC,Trường Đại học Công Nghệ Thông Tin và Truyền Thông Thái Nguyên,26ngành
D32,"Toán, Sinh học, Tiếng Nga",DDN,Trường Đại Học Đại Nam,47ngành
D32,"Toán, Sinh học, Tiếng Nga",VGU,Trường Đại Học Việt Đức,6ngành
D32,"Toán, Sinh học, Tiếng Nga",DTV,Trường Đại Học Lương Thế Vinh,7ngành
D32,"Toán, Sinh học, Tiếng Nga",DSG,Trường Đại Học Công Nghệ Sài Gòn,23ngành
D32,"Toán, Sinh học, Tiếng Nga",BMU,Trường Đại học Y Dược Buôn Ma Thuột,7ngành
D34,"Toán, Sinh học, Tiếng Pháp",HHK,Học Viện Hàng không Việt Nam,33ngành
D34,"Toán, Sinh học, Tiếng Pháp",SGD,Trường Đại Học Sài Gòn,22ngành
D34,"Toán, Sinh học, Tiếng Pháp",CMC,Trường Đại Học CMC,18ngành
D34,"Toán, Sinh học, Tiếng Pháp",DTC,Trường Đại học Công Nghệ Thông Tin và Truyền Thông Thái Nguyên,26ngành
D34,"Toán, Sinh học, Tiếng Pháp",DDN,Trường Đại Học Đại Nam,47ngành
D34,"Toán, Sinh học, Tiếng Pháp",VGU,Trường Đại Học Việt Đức,6ngành
D34,"Toán, Sinh học, Tiếng Pháp",DTV,Trường Đại Học Lương Thế Vinh,7ngành
D34,"Toán, Sinh học, Tiếng Pháp",UMT,Trường Đại học Quản lý và công nghệ TPHCM,7ngành
D34,"Toán, Sinh học, Tiếng Pháp",DSG,Trường Đại Học Công Nghệ Sài Gòn,23ngành
D34,"Toán, Sinh học, Tiếng Pháp",BMU,Trường Đại học Y Dược Buôn Ma Thuột,7ngành
H07,"Toán, Hình họa, Trang trí",HHK,Học Viện Hàng không Việt Nam,33ngành
H07,"Toán, Hình họa, Trang trí",SGD,Trường Đại Học Sài Gòn,20ngành
H07,"Toán, Hình họa, Trang trí",DDS,Trường Đại Học Sư Phạm - Đại Học Đà Nẵng,1ngành
H07,"Toán, Hình họa, Trang trí",SPD,Trường Đại Học Đồng Tháp,1ngành
H07,"Toán, Hình họa, Trang trí",XDA,Trường Đại Học Xây Dựng Hà Nội,4ngành
H07,"Toán, Hình họa, Trang trí",CMC,Trường Đại Học CMC,18ngành
H07,"Toán, Hình họa, Trang trí",DTC,Trường Đại học Công Nghệ Thông Tin và Truyền Thông Thái Nguyên,26ngành
H07,"Toán, Hình họa, Trang trí",ETU,Trường Đại Học Hòa Bình,2ngành
H07,"Toán, Hình họa, Trang trí",DDN,Trường Đại Học Đại Nam,47ngành
H07,"Toán, Hình họa, Trang trí",DSG,Trường Đại Học Công Nghệ Sài Gòn,23ngành
M10,"Toán, Tiếng Anh, NK1",SPH,Trường Đại Học Sư Phạm Hà Nội,1ngành
M10,"Toán, Tiếng Anh, NK1",HHK,Học Viện Hàng không Việt Nam,33ngành
M10,"Toán, Tiếng Anh, NK1",SGD,Trường Đại Học Sài Gòn,20ngành
M10,"Toán, Tiếng Anh, NK1",HHT,Trường Đại Học Hà Tĩnh,1ngành
M10,"Toán, Tiếng Anh, NK1",CMC,Trường Đại Học CMC,18ngành
M10,"Toán, Tiếng Anh, NK1",DTC,Trường Đại học Công Nghệ Thông Tin và Truyền Thông Thái Nguyên,26ngành
M10,"Toán, Tiếng Anh, NK1",DDN,Trường Đại Học Đại Nam,47ngành
M10,"Toán, Tiếng Anh, NK1",CEA,Trường Đại học Nghệ An,1ngành
M10,"Toán, Tiếng Anh, NK1",DSG,Trường Đại Học Công Nghệ Sài Gòn,23ngành
M11,"Ngữ Văn, năng kiếu báo chí, Tiếng Anh",HHK,Học Viện Hàng không Việt Nam,21ngành
M11,"Ngữ Văn, năng kiếu báo chí, Tiếng Anh",TCT,Đại Học Cần Thơ,1ngành
M11,"Ngữ Văn, năng kiếu báo chí, Tiếng Anh",SGD,Trường Đại Học Sài Gòn,9ngành
M11,"Ngữ Văn, năng kiếu báo chí, Tiếng Anh",DQB,Trường Đại Học Quảng Bình,1ngành
M11,"Ngữ Văn, năng kiếu báo chí, Tiếng Anh",CMC,Trường Đại Học CMC,13ngành
M11,"Ngữ Văn, năng kiếu báo chí, Tiếng Anh",DDN,Trường Đại Học Đại Nam,43ngành
M11,"Ngữ Văn, năng kiếu báo chí, Tiếng Anh",HDT,Trường Đại Học Hồng Đức,1ngành
M11,"Ngữ Văn, năng kiếu báo chí, Tiếng Anh",DSG,Trường Đại Học Công Nghệ Sài Gòn,9ngành
M11,"Ngữ Văn, năng kiếu báo chí, Tiếng Anh",DVD,"Trường Đại Học Văn Hóa, Thể Thao Và Du Lịch Thanh Hóa",1ngành
V05,"Văn, Vật lí, Vẽ mỹ thuật",HHK,Học Viện Hàng không Việt Nam,18ngành
V05,"Văn, Vật lí, Vẽ mỹ thuật",TDM,Trường Đại học Thủ Dầu Một,1ngành
V05,"Văn, Vật lí, Vẽ mỹ thuật",SGD,Trường Đại Học Sài Gòn,6ngành
V05,"Văn, Vật lí, Vẽ mỹ thuật",CMC,Trường Đại Học CMC,13ngành
V05,"Văn, Vật lí, Vẽ mỹ thuật",DDN,Trường Đại Học Đại Nam,43ngành
V05,"Văn, Vật lí, Vẽ mỹ thuật",UMT,Trường Đại học Quản lý và công nghệ TPHCM,1ngành
V05,"Văn, Vật lí, Vẽ mỹ thuật",DSG,Trường Đại Học Công Nghệ Sài Gòn,9ngành
N05,"Ngữ Văn, Xây dựng kịch bản sự kiện, Năng khiếu",HHK,Học Viện Hàng không Việt Nam,18ngành
N05,"Ngữ Văn, Xây dựng kịch bản sự kiện, Năng khiếu",TDM,Trường Đại học Thủ Dầu Một,1ngành
N05,"Ngữ Văn, Xây dựng kịch bản sự kiện, Năng khiếu",SGD,Trường Đại Học Sài Gòn,6ngành
N05,"Ngữ Văn, Xây dựng kịch bản sự kiện, Năng khiếu",CMC,Trường Đại Học CMC,13ngành
N05,"Ngữ Văn, Xây dựng kịch bản sự kiện, Năng khiếu",DDN,Trường Đại Học Đại Nam,43ngành
N05,"Ngữ Văn, Xây dựng kịch bản sự kiện, Năng khiếu",DSG,Trường Đại Học Công Nghệ Sài Gòn,9ngành
D16,"Toán, Địa lí, Tiếng Đức",HHK,Học Viện Hàng không Việt Nam,33ngành
D16,"Toán, Địa lí, Tiếng Đức",SGD,Trường Đại Học Sài Gòn,22ngành
D16,"Toán, Địa lí, Tiếng Đức",CMC,Trường Đại Học CMC,18ngành
D16,"Toán, Địa lí, Tiếng Đức",DTC,Trường Đại học Công Nghệ Thông Tin và Truyền Thông Thái Nguyên,26ngành
D16,"Toán, Địa lí, Tiếng Đức",DDN,Trường Đại Học Đại Nam,47ngành
D16,"Toán, Địa lí, Tiếng Đức",DTV,Trường Đại Học Lương Thế Vinh,9ngành
D16,"Toán, Địa lí, Tiếng Đức",DSG,Trường Đại Học Công Nghệ Sài Gòn,23ngành
V10,"Toán, tiếng Pháp, Vẽ mỹ thuật",HHK,Học Viện Hàng không Việt Nam,33ngành
V10,"Toán, tiếng Pháp, Vẽ mỹ thuật",SGD,Trường Đại Học Sài Gòn,20ngành
V10,"Toán, tiếng Pháp, Vẽ mỹ thuật",XDA,Trường Đại Học Xây Dựng Hà Nội,1ngành
V10,"Toán, tiếng Pháp, Vẽ mỹ thuật",CMC,Trường Đại Học CMC,18ngành
V10,"Toán, tiếng Pháp, Vẽ mỹ thuật",DTC,Trường Đại học Công Nghệ Thông Tin và Truyền Thông Thái Nguyên,26ngành
V10,"Toán, tiếng Pháp, Vẽ mỹ thuật",DDN,Trường Đại Học Đại Nam,47ngành
V10,"Toán, tiếng Pháp, Vẽ mỹ thuật",UMT,Trường Đại học Quản lý và công nghệ TPHCM,1ngành
V10,"Toán, tiếng Pháp, Vẽ mỹ thuật",DSG,Trường Đại Học Công Nghệ Sài Gòn,23ngành
V07,"Toán, tiếng Đức, Vẽ mỹ thuật",HHK,Học Viện Hàng không Việt Nam,33ngành
V07,"Toán, tiếng Đức, Vẽ mỹ thuật",TDM,Trường Đại học Thủ Dầu Một,1ngành
V07,"Toán, tiếng Đức, Vẽ mỹ thuật",SGD,Trường Đại Học Sài Gòn,20ngành
V07,"Toán, tiếng Đức, Vẽ mỹ thuật",CMC,Trường Đại Học CMC,18ngành
V07,"Toán, tiếng Đức, Vẽ mỹ thuật",DTC,Trường Đại học Công Nghệ Thông Tin và Truyền Thông Thái Nguyên,26ngành
V07,"Toán, tiếng Đức, Vẽ mỹ thuật",DDN,Trường Đại Học Đại Nam,47ngành
V07,"Toán, tiếng Đức, Vẽ mỹ thuật",DSG,Trường Đại Học Công Nghệ Sài Gòn,23ngành
D35,"Toán, Sinh học, Tiếng Trung",HYD,Học Viện Y Dược Học Cổ Truyền Việt Nam,1ngành
D35,"Toán, Sinh học, Tiếng Trung",HHK,Học Viện Hàng không Việt Nam,34ngành
D35,"Toán, Sinh học, Tiếng Trung",SGD,Trường Đại Học Sài Gòn,22ngành
D35,"Toán, Sinh học, Tiếng Trung",SKH,Trường Đại Học Sư Phạm Kỹ Thuật Hưng Yên,1ngành
D35,"Toán, Sinh học, Tiếng Trung",CMC,Trường Đại Học CMC,18ngành
D35,"Toán, Sinh học, Tiếng Trung",DTC,Trường Đại học Công Nghệ Thông Tin và Truyền Thông Thái Nguyên,27ngành
D35,"Toán, Sinh học, Tiếng Trung",DDN,Trường Đại Học Đại Nam,47ngành
D35,"Toán, Sinh học, Tiếng Trung",VGU,Trường Đại Học Việt Đức,6ngành
D35,"Toán, Sinh học, Tiếng Trung",DTV,Trường Đại Học Lương Thế Vinh,7ngành
D35,"Toán, Sinh học, Tiếng Trung",BVU,Trường Đại Học Bà Rịa – Vũng Tàu,2ngành
D35,"Toán, Sinh học, Tiếng Trung",UMT,Trường Đại học Quản lý và công nghệ TPHCM,7ngành
D35,"Toán, Sinh học, Tiếng Trung",DSG,Trường Đại Học Công Nghệ Sài Gòn,23ngành
D35,"Toán, Sinh học, Tiếng Trung",BMU,Trường Đại học Y Dược Buôn Ma Thuột,7ngành
D31,"Toán, Sinh học, Tiếng Đức",HHK,Học Viện Hàng không Việt Nam,33ngành
D31,"Toán, Sinh học, Tiếng Đức",SGD,Trường Đại Học Sài Gòn,22ngành
D31,"Toán, Sinh học, Tiếng Đức",CMC,Trường Đại Học CMC,18ngành
D31,"Toán, Sinh học, Tiếng Đức",DTC,Trường Đại học Công Nghệ Thông Tin và Truyền Thông Thái Nguyên,26ngành
D31,"Toán, Sinh học, Tiếng Đức",DDN,Trường Đại Học Đại Nam,47ngành
D31,"Toán, Sinh học, Tiếng Đức",VGU,Trường Đại Học Việt Đức,6ngành
D31,"Toán, Sinh học, Tiếng Đức",DTV,Trường Đại Học Lương Thế Vinh,7ngành
D31,"Toán, Sinh học, Tiếng Đức",DSG,Trường Đại Học Công Nghệ Sài Gòn,23ngành
D31,"Toán, Sinh học, Tiếng Đức",BMU,Trường Đại học Y Dược Buôn Ma Thuột,7ngành
D43,"Ngữ văn, Địa lí, Tiếng Nhật",HHK,Học Viện Hàng không Việt Nam,18ngành
D43,"Ngữ văn, Địa lí, Tiếng Nhật",PKA,Đại Học Phenikaa,6ngành
D43,"Ngữ văn, Địa lí, Tiếng Nhật",QHF,Trường Đại Học Ngoại Ngữ - ĐH Quốc gia Hà Nội,2ngành
D43,"Ngữ văn, Địa lí, Tiếng Nhật",SGD,Trường Đại Học Sài Gòn,7ngành
D43,"Ngữ văn, Địa lí, Tiếng Nhật",LPS,Trường Đại Học Luật TPHCM,1ngành
D43,"Ngữ văn, Địa lí, Tiếng Nhật",DHF,Trường Đại Học Ngoại Ngữ Huế,1ngành
D43,"Ngữ văn, Địa lí, Tiếng Nhật",MBS,Trường Đại Học Mở TPHCM,6ngành
D43,"Ngữ văn, Địa lí, Tiếng Nhật",CMC,Trường Đại Học CMC,13ngành
D43,"Ngữ văn, Địa lí, Tiếng Nhật",DDN,Trường Đại Học Đại Nam,43ngành
D43,"Ngữ văn, Địa lí, Tiếng Nhật",DKC,Trường Đại học Công Nghệ TPHCM,4ngành
D43,"Ngữ văn, Địa lí, Tiếng Nhật",DTV,Trường Đại Học Lương Thế Vinh,1ngành
D43,"Ngữ văn, Địa lí, Tiếng Nhật",VJU,Trường Đại học Việt Nhật - ĐHQG Hà Nội,1ngành
D43,"Ngữ văn, Địa lí, Tiếng Nhật",BVU,Trường Đại Học Bà Rịa – Vũng Tàu,15ngành
D43,"Ngữ văn, Địa lí, Tiếng Nhật",DSG,Trường Đại Học Công Nghệ Sài Gòn,9ngành
D55,"Ngữ văn, Vật lí, Tiếng Trung",HHK,Học Viện Hàng không Việt Nam,18ngành
D55,"Ngữ văn, Vật lí, Tiếng Trung",PKA,Đại Học Phenikaa,6ngành
D55,"Ngữ văn, Vật lí, Tiếng Trung",TLA,Trường Đại Học Thủy Lợi,1ngành
D55,"Ngữ văn, Vật lí, Tiếng Trung",DTT,Trường Đại Học Tôn Đức Thắng,3ngành
D55,"Ngữ văn, Vật lí, Tiếng Trung",HVN,Học Viện Nông Nghiệp Việt Nam,1ngành
D55,"Ngữ văn, Vật lí, Tiếng Trung",SGD,Trường Đại Học Sài Gòn,6ngành
D55,"Ngữ văn, Vật lí, Tiếng Trung",LPS,Trường Đại Học Luật TPHCM,1ngành
D55,"Ngữ văn, Vật lí, Tiếng Trung",SKH,Trường Đại Học Sư Phạm Kỹ Thuật Hưng Yên,1ngành
D55,"Ngữ văn, Vật lí, Tiếng Trung",MBS,Trường Đại Học Mở TPHCM,2ngành
D55,"Ngữ văn, Vật lí, Tiếng Trung",CMC,Trường Đại Học CMC,13ngành
D55,"Ngữ văn, Vật lí, Tiếng Trung",DDN,Trường Đại Học Đại Nam,43ngành
D55,"Ngữ văn, Vật lí, Tiếng Trung",DKC,Trường Đại học Công Nghệ TPHCM,4ngành
D55,"Ngữ văn, Vật lí, Tiếng Trung",DTV,Trường Đại Học Lương Thế Vinh,1ngành
D55,"Ngữ văn, Vật lí, Tiếng Trung",DTZ,Trường Đại Học Khoa Học Thái Nguyên,2ngành
D55,"Ngữ văn, Vật lí, Tiếng Trung",DSG,Trường Đại Học Công Nghệ Sài Gòn,9ngành
D65,"Ngữ văn, Lịch sử, Tiếng Trung",HHK,Học Viện Hàng không Việt Nam,19ngành
D65,"Ngữ văn, Lịch sử, Tiếng Trung",PKA,Đại Học Phenikaa,6ngành
D65,"Ngữ văn, Lịch sử, Tiếng Trung",TLA,Trường Đại Học Thủy Lợi,1ngành
D65,"Ngữ văn, Lịch sử, Tiếng Trung",HVN,Học Viện Nông Nghiệp Việt Nam,1ngành
D65,"Ngữ văn, Lịch sử, Tiếng Trung",QHF,Trường Đại Học Ngoại Ngữ - ĐH Quốc gia Hà Nội,2ngành
D65,"Ngữ văn, Lịch sử, Tiếng Trung",SGD,Trường Đại Học Sài Gòn,9ngành
D65,"Ngữ văn, Lịch sử, Tiếng Trung",LPS,Trường Đại Học Luật TPHCM,2ngành
D65,"Ngữ văn, Lịch sử, Tiếng Trung",SPD,Trường Đại Học Đồng Tháp,1ngành
D65,"Ngữ văn, Lịch sử, Tiếng Trung",QHK,Trường Khoa học liên ngành và Nghệ thuật Hà Nội,3ngành
D65,"Ngữ văn, Lịch sử, Tiếng Trung",DQN,Trường Đại Học Quy Nhơn,1ngành
D65,"Ngữ văn, Lịch sử, Tiếng Trung",DTF,Trường Ngoại Ngữ Thái Nguyên,3ngành
D65,"Ngữ văn, Lịch sử, Tiếng Trung",HLU,Trường Đại Học Hạ Long,1ngành
D65,"Ngữ văn, Lịch sử, Tiếng Trung",DQB,Trường Đại Học Quảng Bình,1ngành
D65,"Ngữ văn, Lịch sử, Tiếng Trung",SKH,Trường Đại Học Sư Phạm Kỹ Thuật Hưng Yên,1ngành
D65,"Ngữ văn, Lịch sử, Tiếng Trung",MBS,Trường Đại Học Mở TPHCM,6ngành
D65,"Ngữ văn, Lịch sử, Tiếng Trung",UKH,Trường Đại học Khánh Hòa,5ngành
D65,"Ngữ văn, Lịch sử, Tiếng Trung",CMC,Trường Đại Học CMC,13ngành
D65,"Ngữ văn, Lịch sử, Tiếng Trung",DDN,Trường Đại Học Đại Nam,43ngành
D65,"Ngữ văn, Lịch sử, Tiếng Trung",SDU,Trường Đại học Sao Đỏ,1ngành
D65,"Ngữ văn, Lịch sử, Tiếng Trung",DKC,Trường Đại học Công Nghệ TPHCM,4ngành
D65,"Ngữ văn, Lịch sử, Tiếng Trung",BVU,Trường Đại Học Bà Rịa – Vũng Tàu,15ngành
D65,"Ngữ văn, Lịch sử, Tiếng Trung",DTZ,Trường Đại Học Khoa Học Thái Nguyên,4ngành
D65,"Ngữ văn, Lịch sử, Tiếng Trung",UMT,Trường Đại học Quản lý và công nghệ TPHCM,3ngành
D65,"Ngữ văn, Lịch sử, Tiếng Trung",DPX,Trường Đại Học Phú Xuân,4ngành
D65,"Ngữ văn, Lịch sử, Tiếng Trung",DSG,Trường Đại Học Công Nghệ Sài Gòn,9ngành
D65,"Ngữ văn, Lịch sử, Tiếng Trung",DTG,Phân hiệu Đại học Thái Nguyên tại Hà Giang,1ngành
D68,"Ngữ văn, GDKTPL, Tiếng Nga",HHK,Học Viện Hàng không Việt Nam,18ngành
D68,"Ngữ văn, GDKTPL, Tiếng Nga",SGD,Trường Đại Học Sài Gòn,6ngành
D68,"Ngữ văn, GDKTPL, Tiếng Nga",CMC,Trường Đại Học CMC,13ngành
D68,"Ngữ văn, GDKTPL, Tiếng Nga",DDN,Trường Đại Học Đại Nam,43ngành
D68,"Ngữ văn, GDKTPL, Tiếng Nga",DSG,Trường Đại Học Công Nghệ Sài Gòn,9ngành
M04,"Toán, Đọc kể diễn cảm, Hát - Múa",HHK,Học Viện Hàng không Việt Nam,33ngành
M04,"Toán, Đọc kể diễn cảm, Hát - Múa",TDM,Trường Đại học Thủ Dầu Một,1ngành
M04,"Toán, Đọc kể diễn cảm, Hát - Múa",SGD,Trường Đại Học Sài Gòn,20ngành
M04,"Toán, Đọc kể diễn cảm, Hát - Múa",THP,Trường Đại Học Hải Phòng,1ngành
M04,"Toán, Đọc kể diễn cảm, Hát - Múa",CMC,Trường Đại Học CMC,18ngành
M04,"Toán, Đọc kể diễn cảm, Hát - Múa",DTC,Trường Đại học Công Nghệ Thông Tin và Truyền Thông Thái Nguyên,26ngành
M04,"Toán, Đọc kể diễn cảm, Hát - Múa",DDN,Trường Đại Học Đại Nam,47ngành
M04,"Toán, Đọc kể diễn cảm, Hát - Múa",DSG,Trường Đại Học Công Nghệ Sài Gòn,23ngành
D70,"Ngữ Văn, GDKTPL, Tiếng Pháp",HHK,Học Viện Hàng không Việt Nam,18ngành
D70,"Ngữ Văn, GDKTPL, Tiếng Pháp",SGD,Trường Đại Học Sài Gòn,6ngành
D70,"Ngữ Văn, GDKTPL, Tiếng Pháp",CMC,Trường Đại Học CMC,13ngành
D70,"Ngữ Văn, GDKTPL, Tiếng Pháp",DDN,Trường Đại Học Đại Nam,43ngành
D70,"Ngữ Văn, GDKTPL, Tiếng Pháp",DSG,Trường Đại Học Công Nghệ Sài Gòn,9ngành
V08,"Toán, tiếng Nga, Vẽ mỹ thuật",HHK,Học Viện Hàng không Việt Nam,33ngành
V08,"Toán, tiếng Nga, Vẽ mỹ thuật",TDM,Trường Đại học Thủ Dầu Một,1ngành
V08,"Toán, tiếng Nga, Vẽ mỹ thuật",SGD,Trường Đại Học Sài Gòn,20ngành
V08,"Toán, tiếng Nga, Vẽ mỹ thuật",CMC,Trường Đại Học CMC,18ngành
V08,"Toán, tiếng Nga, Vẽ mỹ thuật",DTC,Trường Đại học Công Nghệ Thông Tin và Truyền Thông Thái Nguyên,26ngành
V08,"Toán, tiếng Nga, Vẽ mỹ thuật",DDN,Trường Đại Học Đại Nam,47ngành
V08,"Toán, tiếng Nga, Vẽ mỹ thuật",DSG,Trường Đại Học Công Nghệ Sài Gòn,23ngành
D71,"Ngữ văn, GDKTPL, Tiếng Trung",HHK,Học Viện Hàng không Việt Nam,19ngành
D71,"Ngữ văn, GDKTPL, Tiếng Trung",SGD,Trường Đại Học Sài Gòn,6ngành
D71,"Ngữ văn, GDKTPL, Tiếng Trung",SKH,Trường Đại Học Sư Phạm Kỹ Thuật Hưng Yên,1ngành
D71,"Ngữ văn, GDKTPL, Tiếng Trung",CMC,Trường Đại Học CMC,13ngành
D71,"Ngữ văn, GDKTPL, Tiếng Trung",DDN,Trường Đại Học Đại Nam,43ngành
D71,"Ngữ văn, GDKTPL, Tiếng Trung",SDU,Trường Đại học Sao Đỏ,3ngành
D71,"Ngữ văn, GDKTPL, Tiếng Trung",DTZ,Trường Đại Học Khoa Học Thái Nguyên,2ngành
D71,"Ngữ văn, GDKTPL, Tiếng Trung",DSG,Trường Đại Học Công Nghệ Sài Gòn,9ngành
V09,"Toán, tiếng Nhật, Vẽ mỹ thuật",HHK,Học Viện Hàng không Việt Nam,33ngành
V09,"Toán, tiếng Nhật, Vẽ mỹ thuật",TDM,Trường Đại học Thủ Dầu Một,1ngành
V09,"Toán, tiếng Nhật, Vẽ mỹ thuật",SGD,Trường Đại Học Sài Gòn,20ngành
V09,"Toán, tiếng Nhật, Vẽ mỹ thuật",CMC,Trường Đại Học CMC,18ngành
V09,"Toán, tiếng Nhật, Vẽ mỹ thuật",DTC,Trường Đại học Công Nghệ Thông Tin và Truyền Thông Thái Nguyên,26ngành
V09,"Toán, tiếng Nhật, Vẽ mỹ thuật",DDN,Trường Đại Học Đại Nam,47ngành
V09,"Toán, tiếng Nhật, Vẽ mỹ thuật",DSG,Trường Đại Học Công Nghệ Sài Gòn,23ngành
M14,"Ngữ văn, Năng khiếu báo chí, Toán",HHK,Học Viện Hàng không Việt Nam,33ngành
M14,"Ngữ văn, Năng khiếu báo chí, Toán",SGD,Trường Đại Học Sài Gòn,28ngành
M14,"Ngữ văn, Năng khiếu báo chí, Toán",DQB,Trường Đại Học Quảng Bình,1ngành
M14,"Ngữ văn, Năng khiếu báo chí, Toán",CMC,Trường Đại Học CMC,18ngành
M14,"Ngữ văn, Năng khiếu báo chí, Toán",DTC,Trường Đại học Công Nghệ Thông Tin và Truyền Thông Thái Nguyên,26ngành
M14,"Ngữ văn, Năng khiếu báo chí, Toán",DDN,Trường Đại Học Đại Nam,47ngành
M14,"Ngữ văn, Năng khiếu báo chí, Toán",DSG,Trường Đại Học Công Nghệ Sài Gòn,23ngành
N02,"Ngữ văn, Ký xướng âm, Hát hoặc biểu diễn nhạc cụ",HHK,Học Viện Hàng không Việt Nam,18ngành
N02,"Ngữ văn, Ký xướng âm, Hát hoặc biểu diễn nhạc cụ",TDM,Trường Đại học Thủ Dầu Một,1ngành
N02,"Ngữ văn, Ký xướng âm, Hát hoặc biểu diễn nhạc cụ",SGD,Trường Đại Học Sài Gòn,6ngành
N02,"Ngữ văn, Ký xướng âm, Hát hoặc biểu diễn nhạc cụ",CMC,Trường Đại Học CMC,13ngành
N02,"Ngữ văn, Ký xướng âm, Hát hoặc biểu diễn nhạc cụ",DDN,Trường Đại Học Đại Nam,43ngành
N02,"Ngữ văn, Ký xướng âm, Hát hoặc biểu diễn nhạc cụ",DSG,Trường Đại Học Công Nghệ Sài Gòn,9ngành
V11,"Toán, Tiếng Trung, Vẽ mỹ thuật",HHK,Học Viện Hàng không Việt Nam,33ngành
V11,"Toán, Tiếng Trung, Vẽ mỹ thuật",SGD,Trường Đại Học Sài Gòn,20ngành
V11,"Toán, Tiếng Trung, Vẽ mỹ thuật",CMC,Trường Đại Học CMC,18ngành
V11,"Toán, Tiếng Trung, Vẽ mỹ thuật",DTC,Trường Đại học Công Nghệ Thông Tin và Truyền Thông Thái Nguyên,26ngành
V11,"Toán, Tiếng Trung, Vẽ mỹ thuật",DDN,Trường Đại Học Đại Nam,47ngành
V11,"Toán, Tiếng Trung, Vẽ mỹ thuật",UMT,Trường Đại học Quản lý và công nghệ TPHCM,1ngành
V11,"Toán, Tiếng Trung, Vẽ mỹ thuật",DSG,Trường Đại Học Công Nghệ Sài Gòn,23ngành
C06,"Ngữ Văn, Vật lí, Sinh học",HHK,Học Viện Hàng không Việt Nam,18ngành
C06,"Ngữ Văn, Vật lí, Sinh học",SGD,Trường Đại Học Sài Gòn,6ngành
C06,"Ngữ Văn, Vật lí, Sinh học",UKH,Trường Đại học Khánh Hòa,1ngành
C06,"Ngữ Văn, Vật lí, Sinh học",CMC,Trường Đại Học CMC,13ngành
C06,"Ngữ Văn, Vật lí, Sinh học",DDN,Trường Đại Học Đại Nam,43ngành
C06,"Ngữ Văn, Vật lí, Sinh học",DQT,Trường Đại Học Quang Trung,2ngành
C06,"Ngữ Văn, Vật lí, Sinh học",DTZ,Trường Đại Học Khoa Học Thái Nguyên,2ngành
C06,"Ngữ Văn, Vật lí, Sinh học",DSG,Trường Đại Học Công Nghệ Sài Gòn,9ngành
C07,"Ngữ văn, Lịch sử, Vật lí",DKK,Trường Đại Học Kinh Tế Kỹ Thuật Công Nghiệp,4ngành
C07,"Ngữ văn, Lịch sử, Vật lí",HHK,Học Viện Hàng không Việt Nam,18ngành
C07,"Ngữ văn, Lịch sử, Vật lí",TDM,Trường Đại học Thủ Dầu Một,10ngành
C07,"Ngữ văn, Lịch sử, Vật lí",SGD,Trường Đại Học Sài Gòn,9ngành
C07,"Ngữ văn, Lịch sử, Vật lí",LDA,Trường Đại Học Công Đoàn,5ngành
C07,"Ngữ văn, Lịch sử, Vật lí",VLU,Trường Đại học Công nghệ kỹ thuật Vĩnh Long,1ngành
C07,"Ngữ văn, Lịch sử, Vật lí",CMC,Trường Đại Học CMC,13ngành
C07,"Ngữ văn, Lịch sử, Vật lí",DCL,Trường Đại Học Cửu Long,3ngành
C07,"Ngữ văn, Lịch sử, Vật lí",DDN,Trường Đại Học Đại Nam,43ngành
C07,"Ngữ văn, Lịch sử, Vật lí",DKB,Trường Đại Học Kinh Tế Kỹ Thuật Bình Dương,2ngành
C07,"Ngữ văn, Lịch sử, Vật lí",DTZ,Trường Đại Học Khoa Học Thái Nguyên,15ngành
C07,"Ngữ văn, Lịch sử, Vật lí",HDT,Trường Đại Học Hồng Đức,2ngành
C07,"Ngữ văn, Lịch sử, Vật lí",DHL,Trường Đại Học Nông Lâm Huế,1ngành
C07,"Ngữ văn, Lịch sử, Vật lí",DSG,Trường Đại Học Công Nghệ Sài Gòn,9ngành
C07,"Ngữ văn, Lịch sử, Vật lí",TTB,Trường Đại Học Tây Bắc,1ngành
C07,"Ngữ văn, Lịch sử, Vật lí",DVD,"Trường Đại Học Văn Hóa, Thể Thao Và Du Lịch Thanh Hóa",1ngành
C10,"Ngữ văn, Lịch sử, Hóa học",HHK,Học Viện Hàng không Việt Nam,18ngành
C10,"Ngữ văn, Lịch sử, Hóa học",TDM,Trường Đại học Thủ Dầu Một,2ngành
C10,"Ngữ văn, Lịch sử, Hóa học",SGD,Trường Đại Học Sài Gòn,9ngành
C10,"Ngữ văn, Lịch sử, Hóa học",CMC,Trường Đại Học CMC,13ngành
C10,"Ngữ văn, Lịch sử, Hóa học",DDN,Trường Đại Học Đại Nam,43ngành
C10,"Ngữ văn, Lịch sử, Hóa học",DTZ,Trường Đại Học Khoa Học Thái Nguyên,15ngành
C10,"Ngữ văn, Lịch sử, Hóa học",DSG,Trường Đại Học Công Nghệ Sài Gòn,9ngành
C09,"Ngữ văn, Địa lí, Vật lí",DKK,Trường Đại Học Kinh Tế Kỹ Thuật Công Nghiệp,4ngành
C09,"Ngữ văn, Địa lí, Vật lí",HHK,Học Viện Hàng không Việt Nam,18ngành
C09,"Ngữ văn, Địa lí, Vật lí",SGD,Trường Đại Học Sài Gòn,7ngành
C09,"Ngữ văn, Địa lí, Vật lí",DKT,Trường Đại Học Hải Dương,2ngành
C09,"Ngữ văn, Địa lí, Vật lí",VLU,Trường Đại học Công nghệ kỹ thuật Vĩnh Long,1ngành
C09,"Ngữ văn, Địa lí, Vật lí",CMC,Trường Đại Học CMC,13ngành
C09,"Ngữ văn, Địa lí, Vật lí",DDN,Trường Đại Học Đại Nam,43ngành
C09,"Ngữ văn, Địa lí, Vật lí",DTZ,Trường Đại Học Khoa Học Thái Nguyên,15ngành
C09,"Ngữ văn, Địa lí, Vật lí",DSG,Trường Đại Học Công Nghệ Sài Gòn,9ngành
X24,"Toán, Địa lí, Công nghệ nông nghiệp",HHK,Học Viện Hàng không Việt Nam,33ngành
X24,"Toán, Địa lí, Công nghệ nông nghiệp",SGD,Trường Đại Học Sài Gòn,22ngành
X24,"Toán, Địa lí, Công nghệ nông nghiệp",VLU,Trường Đại học Công nghệ kỹ thuật Vĩnh Long,2ngành
X24,"Toán, Địa lí, Công nghệ nông nghiệp",CMC,Trường Đại Học CMC,18ngành
X24,"Toán, Địa lí, Công nghệ nông nghiệp",DTC,Trường Đại học Công Nghệ Thông Tin và Truyền Thông Thái Nguyên,26ngành
X24,"Toán, Địa lí, Công nghệ nông nghiệp",DDN,Trường Đại Học Đại Nam,47ngành
X24,"Toán, Địa lí, Công nghệ nông nghiệp",DLH,Trường Đại Học Lạc Hồng,1ngành
X24,"Toán, Địa lí, Công nghệ nông nghiệp",BVU,Trường Đại Học Bà Rịa – Vũng Tàu,34ngành
X24,"Toán, Địa lí, Công nghệ nông nghiệp",DSG,Trường Đại Học Công Nghệ Sài Gòn,23ngành
X23,"Toán, Địa lí, Công nghệ công nghiệp",HHK,Học Viện Hàng không Việt Nam,33ngành
X23,"Toán, Địa lí, Công nghệ công nghiệp",SGD,Trường Đại Học Sài Gòn,22ngành
X23,"Toán, Địa lí, Công nghệ công nghiệp",DVT,Đại Học Trà Vinh,1ngành
X23,"Toán, Địa lí, Công nghệ công nghiệp",VLU,Trường Đại học Công nghệ kỹ thuật Vĩnh Long,19ngành
X23,"Toán, Địa lí, Công nghệ công nghiệp",CMC,Trường Đại Học CMC,18ngành
X23,"Toán, Địa lí, Công nghệ công nghiệp",DTC,Trường Đại học Công Nghệ Thông Tin và Truyền Thông Thái Nguyên,26ngành
X23,"Toán, Địa lí, Công nghệ công nghiệp",DDN,Trường Đại Học Đại Nam,47ngành
X23,"Toán, Địa lí, Công nghệ công nghiệp",DLH,Trường Đại Học Lạc Hồng,1ngành
X23,"Toán, Địa lí, Công nghệ công nghiệp",BVU,Trường Đại Học Bà Rịa – Vũng Tàu,34ngành
X23,"Toán, Địa lí, Công nghệ công nghiệp",CCM,Trường Đại học Công nghiệp và Thương mại Hà Nội,9ngành
X23,"Toán, Địa lí, Công nghệ công nghiệp",DSG,Trường Đại Học Công Nghệ Sài Gòn,23ngành
C12,"Ngữ văn, Lịch sử, Sinh học",HHK,Học Viện Hàng không Việt Nam,18ngành
C12,"Ngữ văn, Lịch sử, Sinh học",TDM,Trường Đại học Thủ Dầu Một,1ngành
C12,"Ngữ văn, Lịch sử, Sinh học",SGD,Trường Đại Học Sài Gòn,9ngành
C12,"Ngữ văn, Lịch sử, Sinh học",VLU,Trường Đại học Công nghệ kỹ thuật Vĩnh Long,4ngành
C12,"Ngữ văn, Lịch sử, Sinh học",CMC,Trường Đại Học CMC,13ngành
C12,"Ngữ văn, Lịch sử, Sinh học",HIU,Trường Đại Học Quốc Tế Hồng Bàng,7ngành
C12,"Ngữ văn, Lịch sử, Sinh học",DDN,Trường Đại Học Đại Nam,43ngành
C12,"Ngữ văn, Lịch sử, Sinh học",DQT,Trường Đại Học Quang Trung,4ngành
C12,"Ngữ văn, Lịch sử, Sinh học",DTZ,Trường Đại Học Khoa Học Thái Nguyên,15ngành
C12,"Ngữ văn, Lịch sử, Sinh học",HDT,Trường Đại Học Hồng Đức,5ngành
C12,"Ngữ văn, Lịch sử, Sinh học",DHL,Trường Đại Học Nông Lâm Huế,2ngành
C12,"Ngữ văn, Lịch sử, Sinh học",DHV,Trường Đại học Hùng Vương TPHCM,1ngành
C12,"Ngữ văn, Lịch sử, Sinh học",DSG,Trường Đại Học Công Nghệ Sài Gòn,9ngành
C12,"Ngữ văn, Lịch sử, Sinh học",DVD,"Trường Đại Học Văn Hóa, Thể Thao Và Du Lịch Thanh Hóa",2ngành
C11,"Ngữ văn, Địa lí, Hóa học",HHK,Học Viện Hàng không Việt Nam,18ngành
C11,"Ngữ văn, Địa lí, Hóa học",SGD,Trường Đại Học Sài Gòn,7ngành
C11,"Ngữ văn, Địa lí, Hóa học",CMC,Trường Đại Học CMC,13ngành
C11,"Ngữ văn, Địa lí, Hóa học",DDN,Trường Đại Học Đại Nam,43ngành
C11,"Ngữ văn, Địa lí, Hóa học",DTZ,Trường Đại Học Khoa Học Thái Nguyên,15ngành
C11,"Ngữ văn, Địa lí, Hóa học",DSG,Trường Đại Học Công Nghệ Sài Gòn,9ngành
B01,"Toán, Lịch sử, Sinh học",HHK,Học Viện Hàng không Việt Nam,33ngành
B01,"Toán, Lịch sử, Sinh học",PKA,Đại Học Phenikaa,4ngành
B01,"Toán, Lịch sử, Sinh học",TLA,Trường Đại Học Thủy Lợi,1ngành
B01,"Toán, Lịch sử, Sinh học",HVN,Học Viện Nông Nghiệp Việt Nam,2ngành
B01,"Toán, Lịch sử, Sinh học",SGD,Trường Đại Học Sài Gòn,22ngành
B01,"Toán, Lịch sử, Sinh học",DQN,Trường Đại Học Quy Nhơn,1ngành
B01,"Toán, Lịch sử, Sinh học",DKT,Trường Đại Học Hải Dương,1ngành
B01,"Toán, Lịch sử, Sinh học",VLU,Trường Đại học Công nghệ kỹ thuật Vĩnh Long,4ngành
B01,"Toán, Lịch sử, Sinh học",CMC,Trường Đại Học CMC,18ngành
B01,"Toán, Lịch sử, Sinh học",DTC,Trường Đại học Công Nghệ Thông Tin và Truyền Thông Thái Nguyên,26ngành
B01,"Toán, Lịch sử, Sinh học",HIU,Trường Đại Học Quốc Tế Hồng Bàng,7ngành
B01,"Toán, Lịch sử, Sinh học",DDN,Trường Đại Học Đại Nam,49ngành
B01,"Toán, Lịch sử, Sinh học",VGU,Trường Đại Học Việt Đức,2ngành
B01,"Toán, Lịch sử, Sinh học",DKC,Trường Đại học Công Nghệ TPHCM,5ngành
B01,"Toán, Lịch sử, Sinh học",DDU,Trường Đại Học Đông Đô,1ngành
B01,"Toán, Lịch sử, Sinh học",DTV,Trường Đại Học Lương Thế Vinh,10ngành
B01,"Toán, Lịch sử, Sinh học",DQT,Trường Đại Học Quang Trung,2ngành
B01,"Toán, Lịch sử, Sinh học",DVP,Trường Đại Học Trưng Vương,1ngành
B01,"Toán, Lịch sử, Sinh học",DTZ,Trường Đại Học Khoa Học Thái Nguyên,10ngành
B01,"Toán, Lịch sử, Sinh học",DTQ,Khoa Quốc Tế - Đại Học Thái Nguyên,2ngành
B01,"Toán, Lịch sử, Sinh học",GDU,Trường Đại Học Gia Định,3ngành
B01,"Toán, Lịch sử, Sinh học",DSG,Trường Đại Học Công Nghệ Sài Gòn,23ngành
B01,"Toán, Lịch sử, Sinh học",TDL,Trường Đại Học Đà Lạt,3ngành
B01,"Toán, Lịch sử, Sinh học",TQU,Trường Đại học Tân Trào,4ngành
B01,"Toán, Lịch sử, Sinh học",TKG,Trường Đại học Kiên Giang,5ngành
B01,"Toán, Lịch sử, Sinh học",DDA,Trường Đại Học Công Nghệ Đông Á,2ngành
D61,"Ngữ văn, Lịch sử, Tiếng Đức",HHK,Học Viện Hàng không Việt Nam,18ngành
D61,"Ngữ văn, Lịch sử, Tiếng Đức",QHF,Trường Đại Học Ngoại Ngữ - ĐH Quốc gia Hà Nội,2ngành
D61,"Ngữ văn, Lịch sử, Tiếng Đức",SGD,Trường Đại Học Sài Gòn,9ngành
D61,"Ngữ văn, Lịch sử, Tiếng Đức",MBS,Trường Đại Học Mở TPHCM,4ngành
D61,"Ngữ văn, Lịch sử, Tiếng Đức",CMC,Trường Đại Học CMC,13ngành
D61,"Ngữ văn, Lịch sử, Tiếng Đức",DDN,Trường Đại Học Đại Nam,43ngành
D61,"Ngữ văn, Lịch sử, Tiếng Đức",DTV,Trường Đại Học Lương Thế Vinh,1ngành
D61,"Ngữ văn, Lịch sử, Tiếng Đức",DSG,Trường Đại Học Công Nghệ Sài Gòn,9ngành
X58,"Ngữ văn, Vật lí, GDKTPL",HHK,Học Viện Hàng không Việt Nam,18ngành
X58,"Ngữ văn, Vật lí, GDKTPL",SGD,Trường Đại Học Sài Gòn,7ngành
X58,"Ngữ văn, Vật lí, GDKTPL",DVT,Đại Học Trà Vinh,1ngành
X58,"Ngữ văn, Vật lí, GDKTPL",CMC,Trường Đại Học CMC,13ngành
X58,"Ngữ văn, Vật lí, GDKTPL",DDN,Trường Đại Học Đại Nam,43ngành
X58,"Ngữ văn, Vật lí, GDKTPL",DTZ,Trường Đại Học Khoa Học Thái Nguyên,14ngành
X58,"Ngữ văn, Vật lí, GDKTPL",DSG,Trường Đại Học Công Nghệ Sài Gòn,9ngành
D54,"Ngữ văn, Vật lí, Tiếng Pháp",HHK,Học Viện Hàng không Việt Nam,18ngành
D54,"Ngữ văn, Vật lí, Tiếng Pháp",SGD,Trường Đại Học Sài Gòn,6ngành
D54,"Ngữ văn, Vật lí, Tiếng Pháp",LPS,Trường Đại Học Luật TPHCM,1ngành
D54,"Ngữ văn, Vật lí, Tiếng Pháp",CMC,Trường Đại Học CMC,13ngành
D54,"Ngữ văn, Vật lí, Tiếng Pháp",DDN,Trường Đại Học Đại Nam,43ngành
D54,"Ngữ văn, Vật lí, Tiếng Pháp",DKC,Trường Đại học Công Nghệ TPHCM,4ngành
D54,"Ngữ văn, Vật lí, Tiếng Pháp",DSG,Trường Đại Học Công Nghệ Sài Gòn,9ngành
D62,"Ngữ văn, Lịch sử, Tiếng Nga",HHK,Học Viện Hàng không Việt Nam,18ngành
D62,"Ngữ văn, Lịch sử, Tiếng Nga",QHF,Trường Đại Học Ngoại Ngữ - ĐH Quốc gia Hà Nội,1ngành
D62,"Ngữ văn, Lịch sử, Tiếng Nga",SGD,Trường Đại Học Sài Gòn,9ngành
D62,"Ngữ văn, Lịch sử, Tiếng Nga",DHF,Trường Đại Học Ngoại Ngữ Huế,1ngành
D62,"Ngữ văn, Lịch sử, Tiếng Nga",MBS,Trường Đại Học Mở TPHCM,4ngành
D62,"Ngữ văn, Lịch sử, Tiếng Nga",CMC,Trường Đại Học CMC,13ngành
D62,"Ngữ văn, Lịch sử, Tiếng Nga",DDN,Trường Đại Học Đại Nam,43ngành
D62,"Ngữ văn, Lịch sử, Tiếng Nga",DTV,Trường Đại Học Lương Thế Vinh,1ngành
D62,"Ngữ văn, Lịch sử, Tiếng Nga",DSG,Trường Đại Học Công Nghệ Sài Gòn,9ngành
X98,"Văn, GDKTPL, Tiếng Nhật",HHK,Học Viện Hàng không Việt Nam,18ngành
X98,"Văn, GDKTPL, Tiếng Nhật",SGD,Trường Đại Học Sài Gòn,6ngành
X98,"Văn, GDKTPL, Tiếng Nhật",LPS,Trường Đại Học Luật TPHCM,1ngành
X98,"Văn, GDKTPL, Tiếng Nhật",MBS,Trường Đại Học Mở TPHCM,6ngành
X98,"Văn, GDKTPL, Tiếng Nhật",CMC,Trường Đại Học CMC,13ngành
X98,"Văn, GDKTPL, Tiếng Nhật",DDN,Trường Đại Học Đại Nam,43ngành
X98,"Văn, GDKTPL, Tiếng Nhật",DKC,Trường Đại học Công Nghệ TPHCM,4ngành
X98,"Văn, GDKTPL, Tiếng Nhật",VJU,Trường Đại học Việt Nhật - ĐHQG Hà Nội,1ngành
X98,"Văn, GDKTPL, Tiếng Nhật",DSG,Trường Đại Học Công Nghệ Sài Gòn,9ngành
X94,"Ngữ Văn, GDKTPL, Tiếng Đức",HHK,Học Viện Hàng không Việt Nam,18ngành
X94,"Ngữ Văn, GDKTPL, Tiếng Đức",SGD,Trường Đại Học Sài Gòn,6ngành
X94,"Ngữ Văn, GDKTPL, Tiếng Đức",MBS,Trường Đại Học Mở TPHCM,4ngành
X94,"Ngữ Văn, GDKTPL, Tiếng Đức",CMC,Trường Đại Học CMC,13ngành
X94,"Ngữ Văn, GDKTPL, Tiếng Đức",DDN,Trường Đại Học Đại Nam,43ngành
X94,"Ngữ Văn, GDKTPL, Tiếng Đức",DSG,Trường Đại Học Công Nghệ Sài Gòn,9ngành
X29,"Toán, GDKTPL, Tiếng Nga",HHK,Học Viện Hàng không Việt Nam,33ngành
X29,"Toán, GDKTPL, Tiếng Nga",SGD,Trường Đại Học Sài Gòn,20ngành
X29,"Toán, GDKTPL, Tiếng Nga",CMC,Trường Đại Học CMC,18ngành
X29,"Toán, GDKTPL, Tiếng Nga",DTC,Trường Đại học Công Nghệ Thông Tin và Truyền Thông Thái Nguyên,26ngành
X29,"Toán, GDKTPL, Tiếng Nga",DDN,Trường Đại Học Đại Nam,47ngành
X29,"Toán, GDKTPL, Tiếng Nga",VGU,Trường Đại Học Việt Đức,4ngành
X29,"Toán, GDKTPL, Tiếng Nga",DSG,Trường Đại Học Công Nghệ Sài Gòn,23ngành
N03,"Ngữ văn, Tiếng Anh, Năng khiếu âm nhạc",HHK,Học Viện Hàng không Việt Nam,18ngành
N03,"Ngữ văn, Tiếng Anh, Năng khiếu âm nhạc",TDM,Trường Đại học Thủ Dầu Một,1ngành
N03,"Ngữ văn, Tiếng Anh, Năng khiếu âm nhạc",SGD,Trường Đại Học Sài Gòn,6ngành
N03,"Ngữ văn, Tiếng Anh, Năng khiếu âm nhạc",CMC,Trường Đại Học CMC,13ngành
N03,"Ngữ văn, Tiếng Anh, Năng khiếu âm nhạc",NTT,Trường Đại Học Nguyễn Tất Thành,1ngành
N03,"Ngữ văn, Tiếng Anh, Năng khiếu âm nhạc",DDN,Trường Đại Học Đại Nam,43ngành
N03,"Ngữ văn, Tiếng Anh, Năng khiếu âm nhạc",DSG,Trường Đại Học Công Nghệ Sài Gòn,9ngành
X41,"Toán, GDKTPL, Tiếng Đức",HHK,Học Viện Hàng không Việt Nam,33ngành
X41,"Toán, GDKTPL, Tiếng Đức",SGD,Trường Đại Học Sài Gòn,20ngành
X41,"Toán, GDKTPL, Tiếng Đức",CMC,Trường Đại Học CMC,18ngành
X41,"Toán, GDKTPL, Tiếng Đức",DTC,Trường Đại học Công Nghệ Thông Tin và Truyền Thông Thái Nguyên,26ngành
X41,"Toán, GDKTPL, Tiếng Đức",DDN,Trường Đại Học Đại Nam,47ngành
X41,"Toán, GDKTPL, Tiếng Đức",VGU,Trường Đại Học Việt Đức,4ngành
X41,"Toán, GDKTPL, Tiếng Đức",DSG,Trường Đại Học Công Nghệ Sài Gòn,23ngành
N04,"Ngữ Văn, Năng khiếu thuyết trình, Năng khiếu",HHK,Học Viện Hàng không Việt Nam,18ngành
N04,"Ngữ Văn, Năng khiếu thuyết trình, Năng khiếu",TDM,Trường Đại học Thủ Dầu Một,1ngành
N04,"Ngữ Văn, Năng khiếu thuyết trình, Năng khiếu",SGD,Trường Đại Học Sài Gòn,6ngành
N04,"Ngữ Văn, Năng khiếu thuyết trình, Năng khiếu",CMC,Trường Đại Học CMC,13ngành
N04,"Ngữ Văn, Năng khiếu thuyết trình, Năng khiếu",DDN,Trường Đại Học Đại Nam,43ngành
N04,"Ngữ Văn, Năng khiếu thuyết trình, Năng khiếu",DSG,Trường Đại Học Công Nghệ Sài Gòn,9ngành
R00,"Ngữ văn, Lịch sử, Năng khiếu báo chí",HHK,Học Viện Hàng không Việt Nam,18ngành
R00,"Ngữ văn, Lịch sử, Năng khiếu báo chí",SGD,Trường Đại Học Sài Gòn,9ngành
R00,"Ngữ văn, Lịch sử, Năng khiếu báo chí",CMC,Trường Đại Học CMC,13ngành
R00,"Ngữ văn, Lịch sử, Năng khiếu báo chí",DDN,Trường Đại Học Đại Nam,43ngành
R00,"Ngữ văn, Lịch sử, Năng khiếu báo chí",DSG,Trường Đại Học Công Nghệ Sài Gòn,9ngành
"X02, K21, TH6, DK, F01, TH3","Toán, Ngữ văn, Tin học",BKA,Đại Học Bách Khoa Hà Nội,68ngành
"X02, K21, TH6, DK, F01, TH3","Toán, Ngữ văn, Tin học",ANH,Học Viện An Ninh Nhân Dân,2ngành
"X02, K21, TH6, DK, F01, TH3","Toán, Ngữ văn, Tin học",DKK,Trường Đại Học Kinh Tế Kỹ Thuật Công Nghiệp,33ngành
"X02, K21, TH6, DK, F01, TH3","Toán, Ngữ văn, Tin học",HHK,Học Viện Hàng không Việt Nam,33ngành
"X02, K21, TH6, DK, F01, TH3","Toán, Ngữ văn, Tin học",PKA,Đại Học Phenikaa,16ngành
"X02, K21, TH6, DK, F01, TH3","Toán, Ngữ văn, Tin học",TDM,Trường Đại học Thủ Dầu Một,24ngành
"X02, K21, TH6, DK, F01, TH3","Toán, Ngữ văn, Tin học",TLA,Trường Đại Học Thủy Lợi,40ngành
"X02, K21, TH6, DK, F01, TH3","Toán, Ngữ văn, Tin học",DTT,Trường Đại Học Tôn Đức Thắng,17ngành
"X02, K21, TH6, DK, F01, TH3","Toán, Ngữ văn, Tin học",HVN,Học Viện Nông Nghiệp Việt Nam,4ngành
"X02, K21, TH6, DK, F01, TH3","Toán, Ngữ văn, Tin học",QHT,Trường Đại Học Khoa Học Tự Nhiên Hà Nội,7ngành
"X02, K21, TH6, DK, F01, TH3","Toán, Ngữ văn, Tin học",DTS,Đại Học Sư Phạm Thái Nguyên,1ngành
"X02, K21, TH6, DK, F01, TH3","Toán, Ngữ văn, Tin học",TCT,Đại Học Cần Thơ,1ngành
"X02, K21, TH6, DK, F01, TH3","Toán, Ngữ văn, Tin học",DHS,Trường Đại Học Sư Phạm Huế,2ngành
"X02, K21, TH6, DK, F01, TH3","Toán, Ngữ văn, Tin học",SGD,Trường Đại Học Sài Gòn,31ngành
"X02, K21, TH6, DK, F01, TH3","Toán, Ngữ văn, Tin học",DDS,Trường Đại Học Sư Phạm - Đại Học Đà Nẵng,3ngành
"X02, K21, TH6, DK, F01, TH3","Toán, Ngữ văn, Tin học",SP2,Trường Đại Học Sư Phạm Hà Nội 2,1ngành
"X02, K21, TH6, DK, F01, TH3","Toán, Ngữ văn, Tin học",TSN,Trường Đại Học Nha Trang,37ngành
"X02, K21, TH6, DK, F01, TH3","Toán, Ngữ văn, Tin học",HHA,Trường Đại Học Hàng Hải Việt Nam,36ngành
"X02, K21, TH6, DK, F01, TH3","Toán, Ngữ văn, Tin học",KTA,Trường Đại Học Kiến Trúc Hà Nội,3ngành
"X02, K21, TH6, DK, F01, TH3","Toán, Ngữ văn, Tin học",SPD,Trường Đại Học Đồng Tháp,5ngành
"X02, K21, TH6, DK, F01, TH3","Toán, Ngữ văn, Tin học",DQN,Trường Đại Học Quy Nhơn,3ngành
"X02, K21, TH6, DK, F01, TH3","Toán, Ngữ văn, Tin học",HLU,Trường Đại Học Hạ Long,4ngành
"X02, K21, TH6, DK, F01, TH3","Toán, Ngữ văn, Tin học",DQB,Trường Đại Học Quảng Bình,2ngành
"X02, K21, TH6, DK, F01, TH3","Toán, Ngữ văn, Tin học",HHT,Trường Đại Học Hà Tĩnh,9ngành
"X02, K21, TH6, DK, F01, TH3","Toán, Ngữ văn, Tin học",DMT,Trường Đại học Tài Nguyên và Môi Trường Hà Nội,21ngành
"X02, K21, TH6, DK, F01, TH3","Toán, Ngữ văn, Tin học",NHS,Trường Đại Học Ngân Hàng TPHCM,27ngành
"X02, K21, TH6, DK, F01, TH3","Toán, Ngữ văn, Tin học",DBL,Trường Đại Học Bạc Liêu,1ngành
"X02, K21, TH6, DK, F01, TH3","Toán, Ngữ văn, Tin học",DQU,Trường Đại Học Quảng Nam,1ngành
"X02, K21, TH6, DK, F01, TH3","Toán, Ngữ văn, Tin học",DPY,Trường Đại Học Phú Yên,1ngành
"X02, K21, TH6, DK, F01, TH3","Toán, Ngữ văn, Tin học",DDP,Phân Hiệu Đại Học Đà Nẵng tại Kon Tum,2ngành
"X02, K21, TH6, DK, F01, TH3","Toán, Ngữ văn, Tin học",KCC,Trường Đại học Kỹ Thuật Công Nghệ Cần Thơ,3ngành
"X02, K21, TH6, DK, F01, TH3","Toán, Ngữ văn, Tin học",QHQ,Trường Quốc Tế  - ĐHQG Hà Nội,4ngành
"X02, K21, TH6, DK, F01, TH3","Toán, Ngữ văn, Tin học",DCV,Trường Đại học Công nghiệp Vinh,1ngành
"X02, K21, TH6, DK, F01, TH3","Toán, Ngữ văn, Tin học",DVT,Đại Học Trà Vinh,1ngành
"X02, K21, TH6, DK, F01, TH3","Toán, Ngữ văn, Tin học",NLS,Trường Đại Học Nông Lâm TPHCM,10ngành
"X02, K21, TH6, DK, F01, TH3","Toán, Ngữ văn, Tin học",SKH,Trường Đại Học Sư Phạm Kỹ Thuật Hưng Yên,23ngành
"X02, K21, TH6, DK, F01, TH3","Toán, Ngữ văn, Tin học",MBS,Trường Đại Học Mở TPHCM,39ngành
"X02, K21, TH6, DK, F01, TH3","Toán, Ngữ văn, Tin học",FBU,Trường Đại Học Tài Chính Ngân Hàng Hà Nội,7ngành
"X02, K21, TH6, DK, F01, TH3","Toán, Ngữ văn, Tin học",GTA,Trường Đại học Công nghệ Giao thông vận tải,73ngành
"X02, K21, TH6, DK, F01, TH3","Toán, Ngữ văn, Tin học",MDA,Trường Đại Học Mỏ Địa Chất,14ngành
"X02, K21, TH6, DK, F01, TH3","Toán, Ngữ văn, Tin học",DDL,Trường Đại Học Điện Lực,1ngành
"X02, K21, TH6, DK, F01, TH3","Toán, Ngữ văn, Tin học",VLU,Trường Đại học Công nghệ kỹ thuật Vĩnh Long,39ngành
"X02, K21, TH6, DK, F01, TH3","Toán, Ngữ văn, Tin học",DQK,Trường Đại Học Kinh Doanh và Công Nghệ Hà Nội,1ngành
"X02, K21, TH6, DK, F01, TH3","Toán, Ngữ văn, Tin học",UKH,Trường Đại học Khánh Hòa,1ngành
"X02, K21, TH6, DK, F01, TH3","Toán, Ngữ văn, Tin học",CMC,Trường Đại Học CMC,18ngành
"X02, K21, TH6, DK, F01, TH3","Toán, Ngữ văn, Tin học",NTT,Trường Đại Học Nguyễn Tất Thành,1ngành
"X02, K21, TH6, DK, F01, TH3","Toán, Ngữ văn, Tin học",DTC,Trường Đại học Công Nghệ Thông Tin và Truyền Thông Thái Nguyên,26ngành
"X02, K21, TH6, DK, F01, TH3","Toán, Ngữ văn, Tin học",HIU,Trường Đại Học Quốc Tế Hồng Bàng,3ngành
"X02, K21, TH6, DK, F01, TH3","Toán, Ngữ văn, Tin học",DCL,Trường Đại Học Cửu Long,14ngành
"X02, K21, TH6, DK, F01, TH3","Toán, Ngữ văn, Tin học",DVL,Trường Đại Học Văn Lang,8ngành
"X02, K21, TH6, DK, F01, TH3","Toán, Ngữ văn, Tin học",DDN,Trường Đại Học Đại Nam,47ngành
"X02, K21, TH6, DK, F01, TH3","Toán, Ngữ văn, Tin học",DAD,Trường Đại Học Đông Á,83ngành
"X02, K21, TH6, DK, F01, TH3","Toán, Ngữ văn, Tin học",VGU,Trường Đại Học Việt Đức,5ngành
"X02, K21, TH6, DK, F01, TH3","Toán, Ngữ văn, Tin học",TLS,Trường Đại Học Thủy Lợi (Cơ sở 2),17ngành
"X02, K21, TH6, DK, F01, TH3","Toán, Ngữ văn, Tin học",SDU,Trường Đại học Sao Đỏ,17ngành
"X02, K21, TH6, DK, F01, TH3","Toán, Ngữ văn, Tin học",NLN,Phân hiệu Đại học Nông Lâm TPHCM tại Ninh Thuận,2ngành
"X02, K21, TH6, DK, F01, TH3","Toán, Ngữ văn, Tin học",DTD,Trường Đại Học Tây Đô,9ngành
"X02, K21, TH6, DK, F01, TH3","Toán, Ngữ văn, Tin học",DKC,Trường Đại học Công Nghệ TPHCM,18ngành
"X02, K21, TH6, DK, F01, TH3","Toán, Ngữ văn, Tin học",DDU,Trường Đại Học Đông Đô,13ngành
"X02, K21, TH6, DK, F01, TH3","Toán, Ngữ văn, Tin học",DLH,Trường Đại Học Lạc Hồng,6ngành
"X02, K21, TH6, DK, F01, TH3","Toán, Ngữ văn, Tin học",DYD,Trường Đại Học Yersin Đà Lạt,5ngành
"X02, K21, TH6, DK, F01, TH3","Toán, Ngữ văn, Tin học",DTV,Trường Đại Học Lương Thế Vinh,2ngành
"X02, K21, TH6, DK, F01, TH3","Toán, Ngữ văn, Tin học",BVU,Trường Đại Học Bà Rịa – Vũng Tàu,49ngành
"X02, K21, TH6, DK, F01, TH3","Toán, Ngữ văn, Tin học",DKB,Trường Đại Học Kinh Tế Kỹ Thuật Bình Dương,5ngành
"X02, K21, TH6, DK, F01, TH3","Toán, Ngữ văn, Tin học",UEF,Trường Đại Học Kinh Tế Tài Chính TPHCM,37ngành
"X02, K21, TH6, DK, F01, TH3","Toán, Ngữ văn, Tin học",TTG,Trường Đại Học Tiền Giang,8ngành
"X02, K21, TH6, DK, F01, TH3","Toán, Ngữ văn, Tin học",DTE,Trường Đại học Kinh tế và Quản trị kinh doanh Thái Nguyên,2ngành
"X02, K21, TH6, DK, F01, TH3","Toán, Ngữ văn, Tin học",SKV,Trường Đại Học Sư Phạm Kỹ Thuật Vinh,16ngành
"X02, K21, TH6, DK, F01, TH3","Toán, Ngữ văn, Tin học",LNH,Trường Đại Học Lâm nghiệp,14ngành
"X02, K21, TH6, DK, F01, TH3","Toán, Ngữ văn, Tin học",DQT,Trường Đại Học Quang Trung,4ngành
"X02, K21, TH6, DK, F01, TH3","Toán, Ngữ văn, Tin học",HSU,Trường Đại Học Hoa Sen,33ngành
"X02, K21, TH6, DK, F01, TH3","Toán, Ngữ văn, Tin học",DVP,Trường Đại Học Trưng Vương,1ngành
"X02, K21, TH6, DK, F01, TH3","Toán, Ngữ văn, Tin học",DCD,Trường Đại Học Công Nghệ Đồng Nai,12ngành
"X02, K21, TH6, DK, F01, TH3","Toán, Ngữ văn, Tin học",EIU,Trường Đại Học Quốc Tế Miền Đông,9ngành
"X02, K21, TH6, DK, F01, TH3","Toán, Ngữ văn, Tin học",DDV,Viện nghiên cứu và đào tạo Việt Anh - Đại học Đà Nẵng,3ngành
"X02, K21, TH6, DK, F01, TH3","Toán, Ngữ văn, Tin học",DTB,Trường Đại Học Thái Bình,18ngành
"X02, K21, TH6, DK, F01, TH3","Toán, Ngữ văn, Tin học",DTZ,Trường Đại Học Khoa Học Thái Nguyên,24ngành
"X02, K21, TH6, DK, F01, TH3","Toán, Ngữ văn, Tin học",HDT,Trường Đại Học Hồng Đức,2ngành
"X02, K21, TH6, DK, F01, TH3","Toán, Ngữ văn, Tin học",DNU,Trường Đại Học Đồng Nai,2ngành
"X02, K21, TH6, DK, F01, TH3","Toán, Ngữ văn, Tin học",LNS,Phân hiệu Đại Học Lâm nghiệp tại Đồng Nai,14ngành
"X02, K21, TH6, DK, F01, TH3","Toán, Ngữ văn, Tin học",DTM,Trường Đại học Tài Nguyên và Môi Trường TPHCM,11ngành
"X02, K21, TH6, DK, F01, TH3","Toán, Ngữ văn, Tin học",NTU,Trường Đại Học Nguyễn Trãi,3ngành
"X02, K21, TH6, DK, F01, TH3","Toán, Ngữ văn, Tin học",SIU,Trường Đại học Quốc Tế Sài Gòn,5ngành
"X02, K21, TH6, DK, F01, TH3","Toán, Ngữ văn, Tin học",DCA,Trường Đại học Intracom,2ngành
"X02, K21, TH6, DK, F01, TH3","Toán, Ngữ văn, Tin học",SKN,Trường Đại Học Sư Phạm Kỹ Thuật Nam Định,16ngành
"X02, K21, TH6, DK, F01, TH3","Toán, Ngữ văn, Tin học",DCQ,Trường Đại Học Công Nghệ và Quản Lý Hữu Nghị,10ngành
"X02, K21, TH6, DK, F01, TH3","Toán, Ngữ văn, Tin học",TBD,Trường Đại Học Thái Bình Dương,9ngành
"X02, K21, TH6, DK, F01, TH3","Toán, Ngữ văn, Tin học",DPX,Trường Đại Học Phú Xuân,1ngành
"X02, K21, TH6, DK, F01, TH3","Toán, Ngữ văn, Tin học",LNA,Phân hiệu Đại học Lâm nghiệp tỉnh Gia Lai,2ngành
"X02, K21, TH6, DK, F01, TH3","Toán, Ngữ văn, Tin học",XDT,Trường Đại Học Xây Dựng Miền Trung,30ngành
"X02, K21, TH6, DK, F01, TH3","Toán, Ngữ văn, Tin học",DSG,Trường Đại Học Công Nghệ Sài Gòn,23ngành
"X02, K21, TH6, DK, F01, TH3","Toán, Ngữ văn, Tin học",XDN,Phân hiệu Đại học Xây dựng miền Trung tại Đà Nẵng,12ngành
"X02, K21, TH6, DK, F01, TH3","Toán, Ngữ văn, Tin học",DBG,Trường Đại học Nông Lâm Bắc Giang,5ngành
"X02, K21, TH6, DK, F01, TH3","Toán, Ngữ văn, Tin học",TTB,Trường Đại Học Tây Bắc,2ngành
"X02, K21, TH6, DK, F01, TH3","Toán, Ngữ văn, Tin học",TDL,Trường Đại Học Đà Lạt,5ngành
"X02, K21, TH6, DK, F01, TH3","Toán, Ngữ văn, Tin học",TQU,Trường Đại học Tân Trào,5ngành
R01,"Ngữ văn, Địa lý, Năng khiếu nghệ thuật",HHK,Học Viện Hàng không Việt Nam,18ngành
R01,"Ngữ văn, Địa lý, Năng khiếu nghệ thuật",SGD,Trường Đại Học Sài Gòn,7ngành
R01,"Ngữ văn, Địa lý, Năng khiếu nghệ thuật",VHS,Trường Đại Học Văn Hóa TPHCM,1ngành
R01,"Ngữ văn, Địa lý, Năng khiếu nghệ thuật",CMC,Trường Đại Học CMC,13ngành
R01,"Ngữ văn, Địa lý, Năng khiếu nghệ thuật",DDN,Trường Đại Học Đại Nam,43ngành
R01,"Ngữ văn, Địa lý, Năng khiếu nghệ thuật",DSG,Trường Đại Học Công Nghệ Sài Gòn,9ngành
"X06, A0T, GT1, TH1","Toán, Vật lí, Tin học",HTC,Học Viện Tài chính,27ngành
"X06, A0T, GT1, TH1","Toán, Vật lí, Tin học",BVH,Học Viện Công Nghệ Bưu Chính Viễn Thông,39ngành
"X06, A0T, GT1, TH1","Toán, Vật lí, Tin học",SPH,Trường Đại Học Sư Phạm Hà Nội,6ngành
"X06, A0T, GT1, TH1","Toán, Vật lí, Tin học",SPS,Trường Đại Học Sư Phạm TPHCM,3ngành
"X06, A0T, GT1, TH1","Toán, Vật lí, Tin học",QHI,Trường Đại Học Công Nghệ – Đại Học Quốc Gia Hà Nội,20ngành
"X06, A0T, GT1, TH1","Toán, Vật lí, Tin học",GHA,Trường Đại Học Giao Thông Vận Tải,36ngành
"X06, A0T, GT1, TH1","Toán, Vật lí, Tin học",KMA,Học Viện Kỹ Thuật Mật Mã,4ngành
"X06, A0T, GT1, TH1","Toán, Vật lí, Tin học",DCN,Đại Học Công Nghiệp Hà Nội,34ngành
"X06, A0T, GT1, TH1","Toán, Vật lí, Tin học",HPN,Học Viện Phụ Nữ Việt Nam,2ngành
"X06, A0T, GT1, TH1","Toán, Vật lí, Tin học",ANH,Học Viện An Ninh Nhân Dân,2ngành
"X06, A0T, GT1, TH1","Toán, Vật lí, Tin học",DKK,Trường Đại Học Kinh Tế Kỹ Thuật Công Nghiệp,43ngành
"X06, A0T, GT1, TH1","Toán, Vật lí, Tin học",HHK,Học Viện Hàng không Việt Nam,33ngành
"X06, A0T, GT1, TH1","Toán, Vật lí, Tin học",PKA,Đại Học Phenikaa,26ngành
"X06, A0T, GT1, TH1","Toán, Vật lí, Tin học",TTH,Trường Sĩ Quan Thông Tin - Hệ Quân sự - Đại Học Thông Tin Liên Lạc,2ngành
"X06, A0T, GT1, TH1","Toán, Vật lí, Tin học",KQH,Học Viện Kỹ Thuật Quân Sự - Hệ Quân sự,7ngành
"X06, A0T, GT1, TH1","Toán, Vật lí, Tin học",YCT,Trường Đại Học Y Dược Cần Thơ,2ngành
"X06, A0T, GT1, TH1","Toán, Vật lí, Tin học",TDM,Trường Đại học Thủ Dầu Một,7ngành
"X06, A0T, GT1, TH1","Toán, Vật lí, Tin học",DTL,Trường Đại Học Thăng Long,4ngành
"X06, A0T, GT1, TH1","Toán, Vật lí, Tin học",TLA,Trường Đại Học Thủy Lợi,25ngành
"X06, A0T, GT1, TH1","Toán, Vật lí, Tin học",DTT,Trường Đại Học Tôn Đức Thắng,41ngành
"X06, A0T, GT1, TH1","Toán, Vật lí, Tin học",QHT,Trường Đại Học Khoa Học Tự Nhiên Hà Nội,5ngành
"X06, A0T, GT1, TH1","Toán, Vật lí, Tin học",TCT,Đại Học Cần Thơ,17ngành
"X06, A0T, GT1, TH1","Toán, Vật lí, Tin học",DHS,Trường Đại Học Sư Phạm Huế,2ngành
"X06, A0T, GT1, TH1","Toán, Vật lí, Tin học",SGD,Trường Đại Học Sài Gòn,22ngành
"X06, A0T, GT1, TH1","Toán, Vật lí, Tin học",DDS,Trường Đại Học Sư Phạm - Đại Học Đà Nẵng,5ngành
"X06, A0T, GT1, TH1","Toán, Vật lí, Tin học",HEH,Học Viện Hậu Cần - Hệ Quân sự,2ngành
"X06, A0T, GT1, TH1","Toán, Vật lí, Tin học",DDK,Trường Đại Học Bách Khoa Đà Nẵng,41ngành
"X06, A0T, GT1, TH1","Toán, Vật lí, Tin học",GSA,Trường Đại Học Giao Thông Vận Tải (Cơ sở 2),17ngành
"X06, A0T, GT1, TH1","Toán, Vật lí, Tin học",BVS,Học Viện Công Nghệ Bưu Chính Viễn Thông (Cơ sở TP.HCM),18ngành
"X06, A0T, GT1, TH1","Toán, Vật lí, Tin học",THV,Trường Đại Học Hùng Vương,3ngành
"X06, A0T, GT1, TH1","Toán, Vật lí, Tin học",LDA,Trường Đại Học Công Đoàn,4ngành
"X06, A0T, GT1, TH1","Toán, Vật lí, Tin học",SPD,Trường Đại Học Đồng Tháp,4ngành
"X06, A0T, GT1, TH1","Toán, Vật lí, Tin học",TTN,Trường Đại Học Tây Nguyên,4ngành
"X06, A0T, GT1, TH1","Toán, Vật lí, Tin học",DQN,Trường Đại Học Quy Nhơn,9ngành
"X06, A0T, GT1, TH1","Toán, Vật lí, Tin học",HLU,Trường Đại Học Hạ Long,3ngành
"X06, A0T, GT1, TH1","Toán, Vật lí, Tin học",DKT,Trường Đại Học Hải Dương,4ngành
"X06, A0T, GT1, TH1","Toán, Vật lí, Tin học",DQB,Trường Đại Học Quảng Bình,2ngành
"X06, A0T, GT1, TH1","Toán, Vật lí, Tin học",DPQ,Trường Đại Học Phạm Văn Đồng,2ngành
"X06, A0T, GT1, TH1","Toán, Vật lí, Tin học",HHT,Trường Đại Học Hà Tĩnh,4ngành
"X06, A0T, GT1, TH1","Toán, Vật lí, Tin học",DMT,Trường Đại học Tài Nguyên và Môi Trường Hà Nội,1ngành
"X06, A0T, GT1, TH1","Toán, Vật lí, Tin học",DLX,Trường Đại Học Lao Động – Xã Hội,1ngành
"X06, A0T, GT1, TH1","Toán, Vật lí, Tin học",DPY,Trường Đại Học Phú Yên,2ngành
"X06, A0T, GT1, TH1","Toán, Vật lí, Tin học",DDP,Phân Hiệu Đại Học Đà Nẵng tại Kon Tum,2ngành
"X06, A0T, GT1, TH1","Toán, Vật lí, Tin học",KCC,Trường Đại học Kỹ Thuật Công Nghệ Cần Thơ,13ngành
"X06, A0T, GT1, TH1","Toán, Vật lí, Tin học",KCN,Trường Đại Học Khoa Học Và Công Nghệ Hà Nội,11ngành
"X06, A0T, GT1, TH1","Toán, Vật lí, Tin học",DVT,Đại Học Trà Vinh,12ngành
"X06, A0T, GT1, TH1","Toán, Vật lí, Tin học",NLS,Trường Đại Học Nông Lâm TPHCM,11ngành
"X06, A0T, GT1, TH1","Toán, Vật lí, Tin học",XDA,Trường Đại Học Xây Dựng Hà Nội,37ngành
"X06, A0T, GT1, TH1","Toán, Vật lí, Tin học",MBS,Trường Đại Học Mở TPHCM,38ngành
"X06, A0T, GT1, TH1","Toán, Vật lí, Tin học",MDA,Trường Đại Học Mỏ Địa Chất,24ngành
"X06, A0T, GT1, TH1","Toán, Vật lí, Tin học",DDL,Trường Đại Học Điện Lực,1ngành
"X06, A0T, GT1, TH1","Toán, Vật lí, Tin học",DPD,Trường Đại Học Phương Đông,5ngành
"X06, A0T, GT1, TH1","Toán, Vật lí, Tin học",VLU,Trường Đại học Công nghệ kỹ thuật Vĩnh Long,25ngành
"X06, A0T, GT1, TH1","Toán, Vật lí, Tin học",KTD,Trường Đại Học Kiến Trúc Đà Nẵng,15ngành
"X06, A0T, GT1, TH1","Toán, Vật lí, Tin học",DQK,Trường Đại Học Kinh Doanh và Công Nghệ Hà Nội,9ngành
"X06, A0T, GT1, TH1","Toán, Vật lí, Tin học",UKH,Trường Đại học Khánh Hòa,3ngành
"X06, A0T, GT1, TH1","Toán, Vật lí, Tin học",CMC,Trường Đại Học CMC,18ngành
"X06, A0T, GT1, TH1","Toán, Vật lí, Tin học",NTT,Trường Đại Học Nguyễn Tất Thành,3ngành
"X06, A0T, GT1, TH1","Toán, Vật lí, Tin học",DTC,Trường Đại học Công Nghệ Thông Tin và Truyền Thông Thái Nguyên,27ngành
"X06, A0T, GT1, TH1","Toán, Vật lí, Tin học",DDT,Đại Học Duy Tân,2ngành
"X06, A0T, GT1, TH1","Toán, Vật lí, Tin học",DNC,Trường Đại học Nam Cần Thơ,14ngành
"X06, A0T, GT1, TH1","Toán, Vật lí, Tin học",HIU,Trường Đại Học Quốc Tế Hồng Bàng,7ngành
"X06, A0T, GT1, TH1","Toán, Vật lí, Tin học",DCL,Trường Đại Học Cửu Long,9ngành
"X06, A0T, GT1, TH1","Toán, Vật lí, Tin học",DVL,Trường Đại Học Văn Lang,11ngành
"X06, A0T, GT1, TH1","Toán, Vật lí, Tin học",ETU,Trường Đại Học Hòa Bình,9ngành
"X06, A0T, GT1, TH1","Toán, Vật lí, Tin học",DDN,Trường Đại Học Đại Nam,55ngành
"X06, A0T, GT1, TH1","Toán, Vật lí, Tin học",DAD,Trường Đại Học Đông Á,26ngành
"X06, A0T, GT1, TH1","Toán, Vật lí, Tin học",VGU,Trường Đại Học Việt Đức,12ngành
"X06, A0T, GT1, TH1","Toán, Vật lí, Tin học",TLS,Trường Đại Học Thủy Lợi (Cơ sở 2),11ngành
"X06, A0T, GT1, TH1","Toán, Vật lí, Tin học",NLN,Phân hiệu Đại học Nông Lâm TPHCM tại Ninh Thuận,2ngành
"X06, A0T, GT1, TH1","Toán, Vật lí, Tin học",DTD,Trường Đại Học Tây Đô,13ngành
"X06, A0T, GT1, TH1","Toán, Vật lí, Tin học",DDU,Trường Đại Học Đông Đô,8ngành
"X06, A0T, GT1, TH1","Toán, Vật lí, Tin học",DLH,Trường Đại Học Lạc Hồng,6ngành
"X06, A0T, GT1, TH1","Toán, Vật lí, Tin học",DYD,Trường Đại Học Yersin Đà Lạt,3ngành
"X06, A0T, GT1, TH1","Toán, Vật lí, Tin học",DTV,Trường Đại Học Lương Thế Vinh,2ngành
"X06, A0T, GT1, TH1","Toán, Vật lí, Tin học",BVU,Trường Đại Học Bà Rịa – Vũng Tàu,15ngành
"X06, A0T, GT1, TH1","Toán, Vật lí, Tin học",MIT,Trường Đại học Công nghệ Miền Đông,14ngành
"X06, A0T, GT1, TH1","Toán, Vật lí, Tin học",DKB,Trường Đại Học Kinh Tế Kỹ Thuật Bình Dương,5ngành
"X06, A0T, GT1, TH1","Toán, Vật lí, Tin học",DFA,Trường Đại học Tài chính Quản trị kinh doanh,7ngành
"X06, A0T, GT1, TH1","Toán, Vật lí, Tin học",TTG,Trường Đại Học Tiền Giang,7ngành
"X06, A0T, GT1, TH1","Toán, Vật lí, Tin học",PVU,Trường Đại Học Dầu Khí Việt Nam,3ngành
"X06, A0T, GT1, TH1","Toán, Vật lí, Tin học",DNT,Trường Đại Học Ngoại Ngữ Tin Học TPHCM,4ngành
"X06, A0T, GT1, TH1","Toán, Vật lí, Tin học",LNH,Trường Đại Học Lâm nghiệp,8ngành
"X06, A0T, GT1, TH1","Toán, Vật lí, Tin học",DVH,Trường Đại Học Văn Hiến,8ngành
"X06, A0T, GT1, TH1","Toán, Vật lí, Tin học",DQT,Trường Đại Học Quang Trung,5ngành
"X06, A0T, GT1, TH1","Toán, Vật lí, Tin học",DVP,Trường Đại Học Trưng Vương,1ngành
"X06, A0T, GT1, TH1","Toán, Vật lí, Tin học",EIU,Trường Đại Học Quốc Tế Miền Đông,9ngành
"X06, A0T, GT1, TH1","Toán, Vật lí, Tin học",DDV,Viện nghiên cứu và đào tạo Việt Anh - Đại học Đà Nẵng,3ngành
"X06, A0T, GT1, TH1","Toán, Vật lí, Tin học",DHT,Trường Đại Học Khoa Học Huế,2ngành
"X06, A0T, GT1, TH1","Toán, Vật lí, Tin học",DTZ,Trường Đại Học Khoa Học Thái Nguyên,10ngành
"X06, A0T, GT1, TH1","Toán, Vật lí, Tin học",HDT,Trường Đại Học Hồng Đức,1ngành
"X06, A0T, GT1, TH1","Toán, Vật lí, Tin học",DNU,Trường Đại Học Đồng Nai,1ngành
"X06, A0T, GT1, TH1","Toán, Vật lí, Tin học",NTU,Trường Đại Học Nguyễn Trãi,3ngành
"X06, A0T, GT1, TH1","Toán, Vật lí, Tin học",VUI,Trường Đại Học Công Nghiệp Việt Trì,11ngành
"X06, A0T, GT1, TH1","Toán, Vật lí, Tin học",SIU,Trường Đại học Quốc Tế Sài Gòn,3ngành
"X06, A0T, GT1, TH1","Toán, Vật lí, Tin học",UMT,Trường Đại học Quản lý và công nghệ TPHCM,3ngành
"X06, A0T, GT1, TH1","Toán, Vật lí, Tin học",DHQ,Phân Hiệu Đại Học Huế tại Quảng Trị,4ngành
"X06, A0T, GT1, TH1","Toán, Vật lí, Tin học",TBD,Trường Đại Học Thái Bình Dương,1ngành
"X06, A0T, GT1, TH1","Toán, Vật lí, Tin học",DPX,Trường Đại Học Phú Xuân,3ngành
"X06, A0T, GT1, TH1","Toán, Vật lí, Tin học",MTU,Trường Đại Học Xây Dựng Miền Tây,3ngành
"X06, A0T, GT1, TH1","Toán, Vật lí, Tin học",VHD,Trường Đại Học Công Nghiệp Việt - Hung,13ngành
"X06, A0T, GT1, TH1","Toán, Vật lí, Tin học",LNA,Phân hiệu Đại học Lâm nghiệp tỉnh Gia Lai,1ngành
"X06, A0T, GT1, TH1","Toán, Vật lí, Tin học",XDT,Trường Đại Học Xây Dựng Miền Trung,30ngành
"X06, A0T, GT1, TH1","Toán, Vật lí, Tin học",DSG,Trường Đại Học Công Nghệ Sài Gòn,23ngành
"X06, A0T, GT1, TH1","Toán, Vật lí, Tin học",DBG,Trường Đại học Nông Lâm Bắc Giang,1ngành
"X06, A0T, GT1, TH1","Toán, Vật lí, Tin học",TTB,Trường Đại Học Tây Bắc,8ngành
"X06, A0T, GT1, TH1","Toán, Vật lí, Tin học",TDL,Trường Đại Học Đà Lạt,10ngành
"X06, A0T, GT1, TH1","Toán, Vật lí, Tin học",DTP,Phân Hiệu Đại Học Thái Nguyên Tại Lào Cai,1ngành
"X06, A0T, GT1, TH1","Toán, Vật lí, Tin học",DNB,Trường Đại Học Hoa Lư,3ngành
"X06, A0T, GT1, TH1","Toán, Vật lí, Tin học",VPH,Trường Sĩ Quan Kĩ Thuật Quân Sự -  Hệ Quân sự - Đại Học Trần Đại Nghĩa,2ngành
"X06, A0T, GT1, TH1","Toán, Vật lí, Tin học",BMU,Trường Đại học Y Dược Buôn Ma Thuột,7ngành
"X06, A0T, GT1, TH1","Toán, Vật lí, Tin học",DQH,Học Viện Kỹ Thuật Quân Sự - Hệ Dân sự,12ngành
"X06, A0T, GT1, TH1","Toán, Vật lí, Tin học",TCU,Trường Sĩ Quan Thông Tin - Hệ Dân Sự - Đại Học Thông Tin Liên Lạc,2ngành
"X06, A0T, GT1, TH1","Toán, Vật lí, Tin học",HFH,Học Viện Hậu Cần - Hệ Dân sự,3ngành
R03,"Ngữ văn, tiếng Anh, Năng khiếu nghệ thuật",HHK,Học Viện Hàng không Việt Nam,21ngành
R03,"Ngữ văn, tiếng Anh, Năng khiếu nghệ thuật",SGD,Trường Đại Học Sài Gòn,9ngành
R03,"Ngữ văn, tiếng Anh, Năng khiếu nghệ thuật",SP2,Trường Đại Học Sư Phạm Hà Nội 2,1ngành
R03,"Ngữ văn, tiếng Anh, Năng khiếu nghệ thuật",VHS,Trường Đại Học Văn Hóa TPHCM,1ngành
R03,"Ngữ văn, tiếng Anh, Năng khiếu nghệ thuật",CMC,Trường Đại Học CMC,13ngành
R03,"Ngữ văn, tiếng Anh, Năng khiếu nghệ thuật",DDN,Trường Đại Học Đại Nam,43ngành
R03,"Ngữ văn, tiếng Anh, Năng khiếu nghệ thuật",DSG,Trường Đại Học Công Nghệ Sài Gòn,9ngành
X62,"Ngữ văn, Hóa học, GDKTPL",HHK,Học Viện Hàng không Việt Nam,18ngành
X62,"Ngữ văn, Hóa học, GDKTPL",SGD,Trường Đại Học Sài Gòn,7ngành
X62,"Ngữ văn, Hóa học, GDKTPL",DQK,Trường Đại Học Kinh Doanh và Công Nghệ Hà Nội,2ngành
X62,"Ngữ văn, Hóa học, GDKTPL",CMC,Trường Đại Học CMC,13ngành
X62,"Ngữ văn, Hóa học, GDKTPL",DDN,Trường Đại Học Đại Nam,43ngành
X62,"Ngữ văn, Hóa học, GDKTPL",DTZ,Trường Đại Học Khoa Học Thái Nguyên,14ngành
X62,"Ngữ văn, Hóa học, GDKTPL",DSG,Trường Đại Học Công Nghệ Sài Gòn,9ngành
R02,"Ngữ văn, Toán, Năng khiếu nghệ thuật",HHK,Học Viện Hàng không Việt Nam,33ngành
R02,"Ngữ văn, Toán, Năng khiếu nghệ thuật",SGD,Trường Đại Học Sài Gòn,28ngành
R02,"Ngữ văn, Toán, Năng khiếu nghệ thuật",VHS,Trường Đại Học Văn Hóa TPHCM,1ngành
R02,"Ngữ văn, Toán, Năng khiếu nghệ thuật",CMC,Trường Đại Học CMC,18ngành
R02,"Ngữ văn, Toán, Năng khiếu nghệ thuật",DTC,Trường Đại học Công Nghệ Thông Tin và Truyền Thông Thái Nguyên,26ngành
R02,"Ngữ văn, Toán, Năng khiếu nghệ thuật",DDN,Trường Đại Học Đại Nam,47ngành
R02,"Ngữ văn, Toán, Năng khiếu nghệ thuật",DSG,Trường Đại Học Công Nghệ Sài Gòn,23ngành
X08,"Toán, Vật lí, Công nghệ nông nghiệp",SPH,Trường Đại Học Sư Phạm Hà Nội,1ngành
X08,"Toán, Vật lí, Công nghệ nông nghiệp",SPS,Trường Đại Học Sư Phạm TPHCM,1ngành
X08,"Toán, Vật lí, Công nghệ nông nghiệp",DKK,Trường Đại Học Kinh Tế Kỹ Thuật Công Nghiệp,1ngành
X08,"Toán, Vật lí, Công nghệ nông nghiệp",HHK,Học Viện Hàng không Việt Nam,33ngành
X08,"Toán, Vật lí, Công nghệ nông nghiệp",TDM,Trường Đại học Thủ Dầu Một,3ngành
X08,"Toán, Vật lí, Công nghệ nông nghiệp",HVN,Học Viện Nông Nghiệp Việt Nam,10ngành
X08,"Toán, Vật lí, Công nghệ nông nghiệp",SGD,Trường Đại Học Sài Gòn,22ngành
X08,"Toán, Vật lí, Công nghệ nông nghiệp",SPD,Trường Đại Học Đồng Tháp,2ngành
X08,"Toán, Vật lí, Công nghệ nông nghiệp",DQN,Trường Đại Học Quy Nhơn,4ngành
X08,"Toán, Vật lí, Công nghệ nông nghiệp",MBS,Trường Đại Học Mở TPHCM,3ngành
X08,"Toán, Vật lí, Công nghệ nông nghiệp",VLU,Trường Đại học Công nghệ kỹ thuật Vĩnh Long,11ngành
X08,"Toán, Vật lí, Công nghệ nông nghiệp",CMC,Trường Đại Học CMC,18ngành
X08,"Toán, Vật lí, Công nghệ nông nghiệp",NTT,Trường Đại Học Nguyễn Tất Thành,2ngành
X08,"Toán, Vật lí, Công nghệ nông nghiệp",DTC,Trường Đại học Công Nghệ Thông Tin và Truyền Thông Thái Nguyên,27ngành
X08,"Toán, Vật lí, Công nghệ nông nghiệp",DCL,Trường Đại Học Cửu Long,10ngành
X08,"Toán, Vật lí, Công nghệ nông nghiệp",DDN,Trường Đại Học Đại Nam,52ngành
X08,"Toán, Vật lí, Công nghệ nông nghiệp",VGU,Trường Đại Học Việt Đức,9ngành
X08,"Toán, Vật lí, Công nghệ nông nghiệp",DLH,Trường Đại Học Lạc Hồng,6ngành
X08,"Toán, Vật lí, Công nghệ nông nghiệp",BVU,Trường Đại Học Bà Rịa – Vũng Tàu,34ngành
X08,"Toán, Vật lí, Công nghệ nông nghiệp",LNH,Trường Đại Học Lâm nghiệp,3ngành
X08,"Toán, Vật lí, Công nghệ nông nghiệp",DSG,Trường Đại Học Công Nghệ Sài Gòn,23ngành
X08,"Toán, Vật lí, Công nghệ nông nghiệp",DBG,Trường Đại học Nông Lâm Bắc Giang,4ngành
X08,"Toán, Vật lí, Công nghệ nông nghiệp",TDL,Trường Đại Học Đà Lạt,1ngành
X08,"Toán, Vật lí, Công nghệ nông nghiệp",BMU,Trường Đại học Y Dược Buôn Ma Thuột,7ngành
K00,"Toán, Đọc hiểu, Tư duy Khoa học Giải quyết vấn đề",KHA,Đại Học Kinh Tế Quốc Dân,104ngành
K00,"Toán, Đọc hiểu, Tư duy Khoa học Giải quyết vấn đề",BKA,Đại Học Bách Khoa Hà Nội,68ngành
K00,"Toán, Đọc hiểu, Tư duy Khoa học Giải quyết vấn đề",BVH,Học Viện Công Nghệ Bưu Chính Viễn Thông,39ngành
K00,"Toán, Đọc hiểu, Tư duy Khoa học Giải quyết vấn đề",TMU,Trường Đại Học Thương Mại,51ngành
K00,"Toán, Đọc hiểu, Tư duy Khoa học Giải quyết vấn đề",GHA,Trường Đại Học Giao Thông Vận Tải,38ngành
K00,"Toán, Đọc hiểu, Tư duy Khoa học Giải quyết vấn đề",DKH,Trường Đại Học Dược Hà Nội,1ngành
K00,"Toán, Đọc hiểu, Tư duy Khoa học Giải quyết vấn đề",DKY,Trường Đại Học Kỹ Thuật Y Tế Hải Dương,5ngành
K00,"Toán, Đọc hiểu, Tư duy Khoa học Giải quyết vấn đề",DKK,Trường Đại Học Kinh Tế Kỹ Thuật Công Nghiệp,49ngành
K00,"Toán, Đọc hiểu, Tư duy Khoa học Giải quyết vấn đề",PKA,Đại Học Phenikaa,84ngành
K00,"Toán, Đọc hiểu, Tư duy Khoa học Giải quyết vấn đề",DTL,Trường Đại Học Thăng Long,16ngành
K00,"Toán, Đọc hiểu, Tư duy Khoa học Giải quyết vấn đề",TLA,Trường Đại Học Thủy Lợi,17ngành
K00,"Toán, Đọc hiểu, Tư duy Khoa học Giải quyết vấn đề",DDK,Trường Đại Học Bách Khoa Đà Nẵng,49ngành
K00,"Toán, Đọc hiểu, Tư duy Khoa học Giải quyết vấn đề",BVS,Học Viện Công Nghệ Bưu Chính Viễn Thông (Cơ sở TP.HCM),18ngành
K00,"Toán, Đọc hiểu, Tư duy Khoa học Giải quyết vấn đề",THP,Trường Đại Học Hải Phòng,33ngành
K00,"Toán, Đọc hiểu, Tư duy Khoa học Giải quyết vấn đề",HCP,Học Viện Chính Sách và Phát Triển,25ngành
K00,"Toán, Đọc hiểu, Tư duy Khoa học Giải quyết vấn đề",MHN,Trường Đại Học Mở Hà Nội,10ngành
K00,"Toán, Đọc hiểu, Tư duy Khoa học Giải quyết vấn đề",HHA,Trường Đại Học Hàng Hải Việt Nam,55ngành
K00,"Toán, Đọc hiểu, Tư duy Khoa học Giải quyết vấn đề",HHT,Trường Đại Học Hà Tĩnh,2ngành
K00,"Toán, Đọc hiểu, Tư duy Khoa học Giải quyết vấn đề",DLX,Trường Đại Học Lao Động – Xã Hội,28ngành
K00,"Toán, Đọc hiểu, Tư duy Khoa học Giải quyết vấn đề",DLS,Trường Đại Học Lao Động – Xã Hội (Cơ sở II),14ngành
K00,"Toán, Đọc hiểu, Tư duy Khoa học Giải quyết vấn đề",DCV,Trường Đại học Công nghiệp Vinh,3ngành
K00,"Toán, Đọc hiểu, Tư duy Khoa học Giải quyết vấn đề",XDA,Trường Đại Học Xây Dựng Hà Nội,37ngành
K00,"Toán, Đọc hiểu, Tư duy Khoa học Giải quyết vấn đề",SKH,Trường Đại Học Sư Phạm Kỹ Thuật Hưng Yên,23ngành
K00,"Toán, Đọc hiểu, Tư duy Khoa học Giải quyết vấn đề",GTA,Trường Đại học Công nghệ Giao thông vận tải,73ngành
K00,"Toán, Đọc hiểu, Tư duy Khoa học Giải quyết vấn đề",MDA,Trường Đại Học Mỏ Địa Chất,47ngành
K00,"Toán, Đọc hiểu, Tư duy Khoa học Giải quyết vấn đề",DPD,Trường Đại Học Phương Đông,26ngành
K00,"Toán, Đọc hiểu, Tư duy Khoa học Giải quyết vấn đề",DQK,Trường Đại Học Kinh Doanh và Công Nghệ Hà Nội,20ngành
K00,"Toán, Đọc hiểu, Tư duy Khoa học Giải quyết vấn đề",DNC,Trường Đại học Nam Cần Thơ,47ngành
K00,"Toán, Đọc hiểu, Tư duy Khoa học Giải quyết vấn đề",DVL,Trường Đại Học Văn Lang,54ngành
K00,"Toán, Đọc hiểu, Tư duy Khoa học Giải quyết vấn đề",SDU,Trường Đại học Sao Đỏ,21ngành
K00,"Toán, Đọc hiểu, Tư duy Khoa học Giải quyết vấn đề",PVU,Trường Đại Học Dầu Khí Việt Nam,3ngành
K00,"Toán, Đọc hiểu, Tư duy Khoa học Giải quyết vấn đề",LNH,Trường Đại Học Lâm nghiệp,28ngành
K00,"Toán, Đọc hiểu, Tư duy Khoa học Giải quyết vấn đề",DVP,Trường Đại Học Trưng Vương,16ngành
K00,"Toán, Đọc hiểu, Tư duy Khoa học Giải quyết vấn đề",DTB,Trường Đại Học Thái Bình,6ngành
K00,"Toán, Đọc hiểu, Tư duy Khoa học Giải quyết vấn đề",HDT,Trường Đại Học Hồng Đức,36ngành
K00,"Toán, Đọc hiểu, Tư duy Khoa học Giải quyết vấn đề",VUI,Trường Đại Học Công Nghiệp Việt Trì,17ngành
K00,"Toán, Đọc hiểu, Tư duy Khoa học Giải quyết vấn đề",DTQ,Khoa Quốc Tế - Đại Học Thái Nguyên,9ngành
K00,"Toán, Đọc hiểu, Tư duy Khoa học Giải quyết vấn đề",DCA,Trường Đại học Intracom,3ngành
K00,"Toán, Đọc hiểu, Tư duy Khoa học Giải quyết vấn đề",SKN,Trường Đại Học Sư Phạm Kỹ Thuật Nam Định,16ngành
K00,"Toán, Đọc hiểu, Tư duy Khoa học Giải quyết vấn đề",VHD,Trường Đại Học Công Nghiệp Việt - Hung,21ngành
K00,"Toán, Đọc hiểu, Tư duy Khoa học Giải quyết vấn đề",DVD,"Trường Đại Học Văn Hóa, Thể Thao Và Du Lịch Thanh Hóa",22ngành
K00,"Toán, Đọc hiểu, Tư duy Khoa học Giải quyết vấn đề",DTG,Phân hiệu Đại học Thái Nguyên tại Hà Giang,4ngành
"X07, A0C, TH3, TH4","Toán, Vật lí, Công nghệ công nghiệp",SPH,Trường Đại Học Sư Phạm Hà Nội,1ngành
"X07, A0C, TH3, TH4","Toán, Vật lí, Công nghệ công nghiệp",SPS,Trường Đại Học Sư Phạm TPHCM,1ngành
"X07, A0C, TH3, TH4","Toán, Vật lí, Công nghệ công nghiệp",KMA,Học Viện Kỹ Thuật Mật Mã,1ngành
"X07, A0C, TH3, TH4","Toán, Vật lí, Công nghệ công nghiệp",DCN,Đại Học Công Nghiệp Hà Nội,34ngành
"X07, A0C, TH3, TH4","Toán, Vật lí, Công nghệ công nghiệp",DKK,Trường Đại Học Kinh Tế Kỹ Thuật Công Nghiệp,43ngành
"X07, A0C, TH3, TH4","Toán, Vật lí, Công nghệ công nghiệp",HHK,Học Viện Hàng không Việt Nam,33ngành
"X07, A0C, TH3, TH4","Toán, Vật lí, Công nghệ công nghiệp",PKA,Đại Học Phenikaa,10ngành
"X07, A0C, TH3, TH4","Toán, Vật lí, Công nghệ công nghiệp",TDM,Trường Đại học Thủ Dầu Một,6ngành
"X07, A0C, TH3, TH4","Toán, Vật lí, Công nghệ công nghiệp",HVN,Học Viện Nông Nghiệp Việt Nam,10ngành
"X07, A0C, TH3, TH4","Toán, Vật lí, Công nghệ công nghiệp",TCT,Đại Học Cần Thơ,7ngành
"X07, A0C, TH3, TH4","Toán, Vật lí, Công nghệ công nghiệp",DHS,Trường Đại Học Sư Phạm Huế,2ngành
"X07, A0C, TH3, TH4","Toán, Vật lí, Công nghệ công nghiệp",SGD,Trường Đại Học Sài Gòn,22ngành
"X07, A0C, TH3, TH4","Toán, Vật lí, Công nghệ công nghiệp",DDK,Trường Đại Học Bách Khoa Đà Nẵng,12ngành
"X07, A0C, TH3, TH4","Toán, Vật lí, Công nghệ công nghiệp",SPD,Trường Đại Học Đồng Tháp,5ngành
"X07, A0C, TH3, TH4","Toán, Vật lí, Công nghệ công nghiệp",DQN,Trường Đại Học Quy Nhơn,7ngành
"X07, A0C, TH3, TH4","Toán, Vật lí, Công nghệ công nghiệp",DQU,Trường Đại Học Quảng Nam,1ngành
"X07, A0C, TH3, TH4","Toán, Vật lí, Công nghệ công nghiệp",KCC,Trường Đại học Kỹ Thuật Công Nghệ Cần Thơ,4ngành
"X07, A0C, TH3, TH4","Toán, Vật lí, Công nghệ công nghiệp",DVT,Đại Học Trà Vinh,8ngành
"X07, A0C, TH3, TH4","Toán, Vật lí, Công nghệ công nghiệp",NLS,Trường Đại Học Nông Lâm TPHCM,11ngành
"X07, A0C, TH3, TH4","Toán, Vật lí, Công nghệ công nghiệp",MBS,Trường Đại Học Mở TPHCM,6ngành
"X07, A0C, TH3, TH4","Toán, Vật lí, Công nghệ công nghiệp",MDA,Trường Đại Học Mỏ Địa Chất,1ngành
"X07, A0C, TH3, TH4","Toán, Vật lí, Công nghệ công nghiệp",DPD,Trường Đại Học Phương Đông,4ngành
"X07, A0C, TH3, TH4","Toán, Vật lí, Công nghệ công nghiệp",VLU,Trường Đại học Công nghệ kỹ thuật Vĩnh Long,21ngành
"X07, A0C, TH3, TH4","Toán, Vật lí, Công nghệ công nghiệp",KTD,Trường Đại Học Kiến Trúc Đà Nẵng,15ngành
"X07, A0C, TH3, TH4","Toán, Vật lí, Công nghệ công nghiệp",DQK,Trường Đại Học Kinh Doanh và Công Nghệ Hà Nội,4ngành
"X07, A0C, TH3, TH4","Toán, Vật lí, Công nghệ công nghiệp",CMC,Trường Đại Học CMC,18ngành
"X07, A0C, TH3, TH4","Toán, Vật lí, Công nghệ công nghiệp",NTT,Trường Đại Học Nguyễn Tất Thành,6ngành
"X07, A0C, TH3, TH4","Toán, Vật lí, Công nghệ công nghiệp",DTC,Trường Đại học Công Nghệ Thông Tin và Truyền Thông Thái Nguyên,27ngành
"X07, A0C, TH3, TH4","Toán, Vật lí, Công nghệ công nghiệp",DDT,Đại Học Duy Tân,4ngành
"X07, A0C, TH3, TH4","Toán, Vật lí, Công nghệ công nghiệp",DNC,Trường Đại học Nam Cần Thơ,15ngành
"X07, A0C, TH3, TH4","Toán, Vật lí, Công nghệ công nghiệp",HIU,Trường Đại Học Quốc Tế Hồng Bàng,1ngành
"X07, A0C, TH3, TH4","Toán, Vật lí, Công nghệ công nghiệp",TTU,Trường Đại học Tân Tạo,4ngành
"X07, A0C, TH3, TH4","Toán, Vật lí, Công nghệ công nghiệp",DCL,Trường Đại Học Cửu Long,6ngành
"X07, A0C, TH3, TH4","Toán, Vật lí, Công nghệ công nghiệp",ETU,Trường Đại Học Hòa Bình,2ngành
"X07, A0C, TH3, TH4","Toán, Vật lí, Công nghệ công nghiệp",DDN,Trường Đại Học Đại Nam,52ngành
"X07, A0C, TH3, TH4","Toán, Vật lí, Công nghệ công nghiệp",DAD,Trường Đại Học Đông Á,27ngành
"X07, A0C, TH3, TH4","Toán, Vật lí, Công nghệ công nghiệp",VGU,Trường Đại Học Việt Đức,12ngành
"X07, A0C, TH3, TH4","Toán, Vật lí, Công nghệ công nghiệp",NLN,Phân hiệu Đại học Nông Lâm TPHCM tại Ninh Thuận,2ngành
"X07, A0C, TH3, TH4","Toán, Vật lí, Công nghệ công nghiệp",DTD,Trường Đại Học Tây Đô,4ngành
"X07, A0C, TH3, TH4","Toán, Vật lí, Công nghệ công nghiệp",DDU,Trường Đại Học Đông Đô,3ngành
"X07, A0C, TH3, TH4","Toán, Vật lí, Công nghệ công nghiệp",DLH,Trường Đại Học Lạc Hồng,6ngành
"X07, A0C, TH3, TH4","Toán, Vật lí, Công nghệ công nghiệp",DYD,Trường Đại Học Yersin Đà Lạt,3ngành
"X07, A0C, TH3, TH4","Toán, Vật lí, Công nghệ công nghiệp",TDD,Trường Đại học Thành Đô,3ngành
"X07, A0C, TH3, TH4","Toán, Vật lí, Công nghệ công nghiệp",BVU,Trường Đại Học Bà Rịa – Vũng Tàu,34ngành
"X07, A0C, TH3, TH4","Toán, Vật lí, Công nghệ công nghiệp",DKB,Trường Đại Học Kinh Tế Kỹ Thuật Bình Dương,5ngành
"X07, A0C, TH3, TH4","Toán, Vật lí, Công nghệ công nghiệp",TTG,Trường Đại Học Tiền Giang,7ngành
"X07, A0C, TH3, TH4","Toán, Vật lí, Công nghệ công nghiệp",PVU,Trường Đại Học Dầu Khí Việt Nam,3ngành
"X07, A0C, TH3, TH4","Toán, Vật lí, Công nghệ công nghiệp",LNH,Trường Đại Học Lâm nghiệp,3ngành
"X07, A0C, TH3, TH4","Toán, Vật lí, Công nghệ công nghiệp",DQT,Trường Đại Học Quang Trung,4ngành
"X07, A0C, TH3, TH4","Toán, Vật lí, Công nghệ công nghiệp",DHE,Khoa Kỹ thuật và Công nghệ - Đại học Huế,8ngành
"X07, A0C, TH3, TH4","Toán, Vật lí, Công nghệ công nghiệp",HDT,Trường Đại Học Hồng Đức,2ngành
"X07, A0C, TH3, TH4","Toán, Vật lí, Công nghệ công nghiệp",DNU,Trường Đại Học Đồng Nai,2ngành
"X07, A0C, TH3, TH4","Toán, Vật lí, Công nghệ công nghiệp",VUI,Trường Đại Học Công Nghiệp Việt Trì,8ngành
"X07, A0C, TH3, TH4","Toán, Vật lí, Công nghệ công nghiệp",DCA,Trường Đại học Intracom,2ngành
"X07, A0C, TH3, TH4","Toán, Vật lí, Công nghệ công nghiệp",SKN,Trường Đại Học Sư Phạm Kỹ Thuật Nam Định,16ngành
"X07, A0C, TH3, TH4","Toán, Vật lí, Công nghệ công nghiệp",DCQ,Trường Đại Học Công Nghệ và Quản Lý Hữu Nghị,1ngành
"X07, A0C, TH3, TH4","Toán, Vật lí, Công nghệ công nghiệp",DHQ,Phân Hiệu Đại Học Huế tại Quảng Trị,4ngành
"X07, A0C, TH3, TH4","Toán, Vật lí, Công nghệ công nghiệp",TBD,Trường Đại Học Thái Bình Dương,1ngành
"X07, A0C, TH3, TH4","Toán, Vật lí, Công nghệ công nghiệp",XDT,Trường Đại Học Xây Dựng Miền Trung,30ngành
"X07, A0C, TH3, TH4","Toán, Vật lí, Công nghệ công nghiệp",DSG,Trường Đại Học Công Nghệ Sài Gòn,23ngành
"X07, A0C, TH3, TH4","Toán, Vật lí, Công nghệ công nghiệp",DBG,Trường Đại học Nông Lâm Bắc Giang,4ngành
"X07, A0C, TH3, TH4","Toán, Vật lí, Công nghệ công nghiệp",TTB,Trường Đại Học Tây Bắc,1ngành
"X07, A0C, TH3, TH4","Toán, Vật lí, Công nghệ công nghiệp",TDL,Trường Đại Học Đà Lạt,7ngành
"X07, A0C, TH3, TH4","Toán, Vật lí, Công nghệ công nghiệp",BMU,Trường Đại học Y Dược Buôn Ma Thuột,7ngành
"X11, B0C, TH5","Toán, Hóa học, Công nghệ công nghiệp",DKK,Trường Đại Học Kinh Tế Kỹ Thuật Công Nghiệp,26ngành
"X11, B0C, TH5","Toán, Hóa học, Công nghệ công nghiệp",HHK,Học Viện Hàng không Việt Nam,33ngành
"X11, B0C, TH5","Toán, Hóa học, Công nghệ công nghiệp",PKA,Đại Học Phenikaa,5ngành
"X11, B0C, TH5","Toán, Hóa học, Công nghệ công nghiệp",TDM,Trường Đại học Thủ Dầu Một,2ngành
"X11, B0C, TH5","Toán, Hóa học, Công nghệ công nghiệp",DTT,Trường Đại Học Tôn Đức Thắng,6ngành
"X11, B0C, TH5","Toán, Hóa học, Công nghệ công nghiệp",TCT,Đại Học Cần Thơ,2ngành
"X11, B0C, TH5","Toán, Hóa học, Công nghệ công nghiệp",SGD,Trường Đại Học Sài Gòn,22ngành
"X11, B0C, TH5","Toán, Hóa học, Công nghệ công nghiệp",DDS,Trường Đại Học Sư Phạm - Đại Học Đà Nẵng,2ngành
"X11, B0C, TH5","Toán, Hóa học, Công nghệ công nghiệp",SPD,Trường Đại Học Đồng Tháp,1ngành
"X11, B0C, TH5","Toán, Hóa học, Công nghệ công nghiệp",TTN,Trường Đại Học Tây Nguyên,1ngành
"X11, B0C, TH5","Toán, Hóa học, Công nghệ công nghiệp",DKT,Trường Đại Học Hải Dương,1ngành
"X11, B0C, TH5","Toán, Hóa học, Công nghệ công nghiệp",KCC,Trường Đại học Kỹ Thuật Công Nghệ Cần Thơ,2ngành
"X11, B0C, TH5","Toán, Hóa học, Công nghệ công nghiệp",DVT,Đại Học Trà Vinh,2ngành
"X11, B0C, TH5","Toán, Hóa học, Công nghệ công nghiệp",MBS,Trường Đại Học Mở TPHCM,7ngành
"X11, B0C, TH5","Toán, Hóa học, Công nghệ công nghiệp",MDA,Trường Đại Học Mỏ Địa Chất,1ngành
"X11, B0C, TH5","Toán, Hóa học, Công nghệ công nghiệp",DQK,Trường Đại Học Kinh Doanh và Công Nghệ Hà Nội,6ngành
"X11, B0C, TH5","Toán, Hóa học, Công nghệ công nghiệp",UKH,Trường Đại học Khánh Hòa,1ngành
"X11, B0C, TH5","Toán, Hóa học, Công nghệ công nghiệp",CMC,Trường Đại Học CMC,19ngành
"X11, B0C, TH5","Toán, Hóa học, Công nghệ công nghiệp",NTT,Trường Đại Học Nguyễn Tất Thành,4ngành
"X11, B0C, TH5","Toán, Hóa học, Công nghệ công nghiệp",DTC,Trường Đại học Công Nghệ Thông Tin và Truyền Thông Thái Nguyên,27ngành
"X11, B0C, TH5","Toán, Hóa học, Công nghệ công nghiệp",DNC,Trường Đại học Nam Cần Thơ,7ngành
"X11, B0C, TH5","Toán, Hóa học, Công nghệ công nghiệp",DCL,Trường Đại Học Cửu Long,7ngành
"X11, B0C, TH5","Toán, Hóa học, Công nghệ công nghiệp",DDN,Trường Đại Học Đại Nam,52ngành
"X11, B0C, TH5","Toán, Hóa học, Công nghệ công nghiệp",DAD,Trường Đại Học Đông Á,8ngành
"X11, B0C, TH5","Toán, Hóa học, Công nghệ công nghiệp",VGU,Trường Đại Học Việt Đức,7ngành
"X11, B0C, TH5","Toán, Hóa học, Công nghệ công nghiệp",DYD,Trường Đại Học Yersin Đà Lạt,1ngành
"X11, B0C, TH5","Toán, Hóa học, Công nghệ công nghiệp",BVU,Trường Đại Học Bà Rịa – Vũng Tàu,15ngành
"X11, B0C, TH5","Toán, Hóa học, Công nghệ công nghiệp",DKB,Trường Đại Học Kinh Tế Kỹ Thuật Bình Dương,1ngành
"X11, B0C, TH5","Toán, Hóa học, Công nghệ công nghiệp",PVU,Trường Đại Học Dầu Khí Việt Nam,3ngành
"X11, B0C, TH5","Toán, Hóa học, Công nghệ công nghiệp",LNH,Trường Đại Học Lâm nghiệp,3ngành
"X11, B0C, TH5","Toán, Hóa học, Công nghệ công nghiệp",DQT,Trường Đại Học Quang Trung,2ngành
"X11, B0C, TH5","Toán, Hóa học, Công nghệ công nghiệp",HDT,Trường Đại Học Hồng Đức,1ngành
"X11, B0C, TH5","Toán, Hóa học, Công nghệ công nghiệp",DNU,Trường Đại Học Đồng Nai,1ngành
"X11, B0C, TH5","Toán, Hóa học, Công nghệ công nghiệp",VUI,Trường Đại Học Công Nghiệp Việt Trì,11ngành
"X11, B0C, TH5","Toán, Hóa học, Công nghệ công nghiệp",DSG,Trường Đại Học Công Nghệ Sài Gòn,23ngành
"X11, B0C, TH5","Toán, Hóa học, Công nghệ công nghiệp",DBG,Trường Đại học Nông Lâm Bắc Giang,3ngành
"X11, B0C, TH5","Toán, Hóa học, Công nghệ công nghiệp",TTB,Trường Đại Học Tây Bắc,1ngành
"X11, B0C, TH5","Toán, Hóa học, Công nghệ công nghiệp",TDL,Trường Đại Học Đà Lạt,4ngành
"X11, B0C, TH5","Toán, Hóa học, Công nghệ công nghiệp",BMU,Trường Đại học Y Dược Buôn Ma Thuột,7ngành
X27; D0C; K20; TH5; TH7,"Toán, Tiếng Anh, Công nghệ công nghiệp",TMU,Trường Đại Học Thương Mại,22ngành
X27; D0C; K20; TH5; TH7,"Toán, Tiếng Anh, Công nghệ công nghiệp",ANH,Học Viện An Ninh Nhân Dân,5ngành
X27; D0C; K20; TH5; TH7,"Toán, Tiếng Anh, Công nghệ công nghiệp",DKK,Trường Đại Học Kinh Tế Kỹ Thuật Công Nghiệp,45ngành
X27; D0C; K20; TH5; TH7,"Toán, Tiếng Anh, Công nghệ công nghiệp",HHK,Học Viện Hàng không Việt Nam,33ngành
X27; D0C; K20; TH5; TH7,"Toán, Tiếng Anh, Công nghệ công nghiệp",PKA,Đại Học Phenikaa,18ngành
X27; D0C; K20; TH5; TH7,"Toán, Tiếng Anh, Công nghệ công nghiệp",HVN,Học Viện Nông Nghiệp Việt Nam,1ngành
X27; D0C; K20; TH5; TH7,"Toán, Tiếng Anh, Công nghệ công nghiệp",TCT,Đại Học Cần Thơ,11ngành
X27; D0C; K20; TH5; TH7,"Toán, Tiếng Anh, Công nghệ công nghiệp",SGD,Trường Đại Học Sài Gòn,20ngành
X27; D0C; K20; TH5; TH7,"Toán, Tiếng Anh, Công nghệ công nghiệp",SPD,Trường Đại Học Đồng Tháp,4ngành
X27; D0C; K20; TH5; TH7,"Toán, Tiếng Anh, Công nghệ công nghiệp",DMT,Trường Đại học Tài Nguyên và Môi Trường Hà Nội,1ngành
X27; D0C; K20; TH5; TH7,"Toán, Tiếng Anh, Công nghệ công nghiệp",KCC,Trường Đại học Kỹ Thuật Công Nghệ Cần Thơ,2ngành
X27; D0C; K20; TH5; TH7,"Toán, Tiếng Anh, Công nghệ công nghiệp",DVT,Đại Học Trà Vinh,3ngành
X27; D0C; K20; TH5; TH7,"Toán, Tiếng Anh, Công nghệ công nghiệp",SKH,Trường Đại Học Sư Phạm Kỹ Thuật Hưng Yên,5ngành
X27; D0C; K20; TH5; TH7,"Toán, Tiếng Anh, Công nghệ công nghiệp",MBS,Trường Đại Học Mở TPHCM,27ngành
X27; D0C; K20; TH5; TH7,"Toán, Tiếng Anh, Công nghệ công nghiệp",GTA,Trường Đại học Công nghệ Giao thông vận tải,74ngành
X27; D0C; K20; TH5; TH7,"Toán, Tiếng Anh, Công nghệ công nghiệp",MDA,Trường Đại Học Mỏ Địa Chất,1ngành
X27; D0C; K20; TH5; TH7,"Toán, Tiếng Anh, Công nghệ công nghiệp",DPD,Trường Đại Học Phương Đông,3ngành
X27; D0C; K20; TH5; TH7,"Toán, Tiếng Anh, Công nghệ công nghiệp",VLU,Trường Đại học Công nghệ kỹ thuật Vĩnh Long,2ngành
X27; D0C; K20; TH5; TH7,"Toán, Tiếng Anh, Công nghệ công nghiệp",KTD,Trường Đại Học Kiến Trúc Đà Nẵng,15ngành
X27; D0C; K20; TH5; TH7,"Toán, Tiếng Anh, Công nghệ công nghiệp",CMC,Trường Đại Học CMC,18ngành
X27; D0C; K20; TH5; TH7,"Toán, Tiếng Anh, Công nghệ công nghiệp",NTT,Trường Đại Học Nguyễn Tất Thành,4ngành
X27; D0C; K20; TH5; TH7,"Toán, Tiếng Anh, Công nghệ công nghiệp",DHD,Trường Du Lịch - Đại Học Huế,2ngành
X27; D0C; K20; TH5; TH7,"Toán, Tiếng Anh, Công nghệ công nghiệp",DTC,Trường Đại học Công Nghệ Thông Tin và Truyền Thông Thái Nguyên,28ngành
X27; D0C; K20; TH5; TH7,"Toán, Tiếng Anh, Công nghệ công nghiệp",TTU,Trường Đại học Tân Tạo,4ngành
X27; D0C; K20; TH5; TH7,"Toán, Tiếng Anh, Công nghệ công nghiệp",DDN,Trường Đại Học Đại Nam,47ngành
X27; D0C; K20; TH5; TH7,"Toán, Tiếng Anh, Công nghệ công nghiệp",DAD,Trường Đại Học Đông Á,1ngành
X27; D0C; K20; TH5; TH7,"Toán, Tiếng Anh, Công nghệ công nghiệp",HCB,Học viện Kỹ thuật và Công nghệ an ninh (Phía Bắc),6ngành
X27; D0C; K20; TH5; TH7,"Toán, Tiếng Anh, Công nghệ công nghiệp",HCN,Học viện Kỹ thuật và Công nghệ an ninh (Phía Nam),6ngành
X27; D0C; K20; TH5; TH7,"Toán, Tiếng Anh, Công nghệ công nghiệp",QHD,Trường Quản Trị và Kinh Doanh - ĐHQG Hà Nội,6ngành
X27; D0C; K20; TH5; TH7,"Toán, Tiếng Anh, Công nghệ công nghiệp",VGU,Trường Đại Học Việt Đức,8ngành
X27; D0C; K20; TH5; TH7,"Toán, Tiếng Anh, Công nghệ công nghiệp",DDU,Trường Đại Học Đông Đô,8ngành
X27; D0C; K20; TH5; TH7,"Toán, Tiếng Anh, Công nghệ công nghiệp",DYD,Trường Đại Học Yersin Đà Lạt,3ngành
X27; D0C; K20; TH5; TH7,"Toán, Tiếng Anh, Công nghệ công nghiệp",BVU,Trường Đại Học Bà Rịa – Vũng Tàu,49ngành
X27; D0C; K20; TH5; TH7,"Toán, Tiếng Anh, Công nghệ công nghiệp",DKB,Trường Đại Học Kinh Tế Kỹ Thuật Bình Dương,3ngành
X27; D0C; K20; TH5; TH7,"Toán, Tiếng Anh, Công nghệ công nghiệp",DNT,Trường Đại Học Ngoại Ngữ Tin Học TPHCM,11ngành
X27; D0C; K20; TH5; TH7,"Toán, Tiếng Anh, Công nghệ công nghiệp",LNH,Trường Đại Học Lâm nghiệp,2ngành
X27; D0C; K20; TH5; TH7,"Toán, Tiếng Anh, Công nghệ công nghiệp",DQT,Trường Đại Học Quang Trung,2ngành
X27; D0C; K20; TH5; TH7,"Toán, Tiếng Anh, Công nghệ công nghiệp",DTB,Trường Đại Học Thái Bình,6ngành
X27; D0C; K20; TH5; TH7,"Toán, Tiếng Anh, Công nghệ công nghiệp",NTU,Trường Đại Học Nguyễn Trãi,3ngành
X27; D0C; K20; TH5; TH7,"Toán, Tiếng Anh, Công nghệ công nghiệp",DCA,Trường Đại học Intracom,2ngành
X27; D0C; K20; TH5; TH7,"Toán, Tiếng Anh, Công nghệ công nghiệp",HPU,Trường Đại học Quản lý và Công nghệ Hải Phòng,2ngành
X27; D0C; K20; TH5; TH7,"Toán, Tiếng Anh, Công nghệ công nghiệp",XDT,Trường Đại Học Xây Dựng Miền Trung,30ngành
X27; D0C; K20; TH5; TH7,"Toán, Tiếng Anh, Công nghệ công nghiệp",DSG,Trường Đại Học Công Nghệ Sài Gòn,23ngành
X27; D0C; K20; TH5; TH7,"Toán, Tiếng Anh, Công nghệ công nghiệp",XDN,Phân hiệu Đại học Xây dựng miền Trung tại Đà Nẵng,12ngành
X27; D0C; K20; TH5; TH7,"Toán, Tiếng Anh, Công nghệ công nghiệp",TDL,Trường Đại Học Đà Lạt,3ngành
"X28, K20, D0C","Toán, Tiếng Anh, Công nghệ nông nghiệp",TMU,Trường Đại Học Thương Mại,22ngành
"X28, K20, D0C","Toán, Tiếng Anh, Công nghệ nông nghiệp",ANH,Học Viện An Ninh Nhân Dân,5ngành
"X28, K20, D0C","Toán, Tiếng Anh, Công nghệ nông nghiệp",HHK,Học Viện Hàng không Việt Nam,33ngành
"X28, K20, D0C","Toán, Tiếng Anh, Công nghệ nông nghiệp",PKA,Đại Học Phenikaa,4ngành
"X28, K20, D0C","Toán, Tiếng Anh, Công nghệ nông nghiệp",HVN,Học Viện Nông Nghiệp Việt Nam,1ngành
"X28, K20, D0C","Toán, Tiếng Anh, Công nghệ nông nghiệp",TCT,Đại Học Cần Thơ,2ngành
"X28, K20, D0C","Toán, Tiếng Anh, Công nghệ nông nghiệp",SGD,Trường Đại Học Sài Gòn,20ngành
"X28, K20, D0C","Toán, Tiếng Anh, Công nghệ nông nghiệp",SPD,Trường Đại Học Đồng Tháp,2ngành
"X28, K20, D0C","Toán, Tiếng Anh, Công nghệ nông nghiệp",DMT,Trường Đại học Tài Nguyên và Môi Trường Hà Nội,1ngành
"X28, K20, D0C","Toán, Tiếng Anh, Công nghệ nông nghiệp",DVT,Đại Học Trà Vinh,7ngành
"X28, K20, D0C","Toán, Tiếng Anh, Công nghệ nông nghiệp",NLS,Trường Đại Học Nông Lâm TPHCM,3ngành
"X28, K20, D0C","Toán, Tiếng Anh, Công nghệ nông nghiệp",SKH,Trường Đại Học Sư Phạm Kỹ Thuật Hưng Yên,5ngành
"X28, K20, D0C","Toán, Tiếng Anh, Công nghệ nông nghiệp",MBS,Trường Đại Học Mở TPHCM,11ngành
"X28, K20, D0C","Toán, Tiếng Anh, Công nghệ nông nghiệp",CMC,Trường Đại Học CMC,18ngành
"X28, K20, D0C","Toán, Tiếng Anh, Công nghệ nông nghiệp",NTT,Trường Đại Học Nguyễn Tất Thành,4ngành
"X28, K20, D0C","Toán, Tiếng Anh, Công nghệ nông nghiệp",DHD,Trường Du Lịch - Đại Học Huế,2ngành
"X28, K20, D0C","Toán, Tiếng Anh, Công nghệ nông nghiệp",DTC,Trường Đại học Công Nghệ Thông Tin và Truyền Thông Thái Nguyên,28ngành
"X28, K20, D0C","Toán, Tiếng Anh, Công nghệ nông nghiệp",DDN,Trường Đại Học Đại Nam,47ngành
"X28, K20, D0C","Toán, Tiếng Anh, Công nghệ nông nghiệp",HCB,Học viện Kỹ thuật và Công nghệ an ninh (Phía Bắc),4ngành
"X28, K20, D0C","Toán, Tiếng Anh, Công nghệ nông nghiệp",HCN,Học viện Kỹ thuật và Công nghệ an ninh (Phía Nam),4ngành
"X28, K20, D0C","Toán, Tiếng Anh, Công nghệ nông nghiệp",QHD,Trường Quản Trị và Kinh Doanh - ĐHQG Hà Nội,6ngành
"X28, K20, D0C","Toán, Tiếng Anh, Công nghệ nông nghiệp",VGU,Trường Đại Học Việt Đức,3ngành
"X28, K20, D0C","Toán, Tiếng Anh, Công nghệ nông nghiệp",BVU,Trường Đại Học Bà Rịa – Vũng Tàu,49ngành
"X28, K20, D0C","Toán, Tiếng Anh, Công nghệ nông nghiệp",LNH,Trường Đại Học Lâm nghiệp,2ngành
"X28, K20, D0C","Toán, Tiếng Anh, Công nghệ nông nghiệp",DCA,Trường Đại học Intracom,2ngành
"X28, K20, D0C","Toán, Tiếng Anh, Công nghệ nông nghiệp",HPU,Trường Đại học Quản lý và Công nghệ Hải Phòng,2ngành
"X28, K20, D0C","Toán, Tiếng Anh, Công nghệ nông nghiệp",DSG,Trường Đại Học Công Nghệ Sài Gòn,23ngành
"X28, K20, D0C","Toán, Tiếng Anh, Công nghệ nông nghiệp",TDL,Trường Đại Học Đà Lạt,3ngành
X12,"Toán, Hóa học, Công nghệ nông nghiệp",DKK,Trường Đại Học Kinh Tế Kỹ Thuật Công Nghiệp,1ngành
X12,"Toán, Hóa học, Công nghệ nông nghiệp",HHK,Học Viện Hàng không Việt Nam,33ngành
X12,"Toán, Hóa học, Công nghệ nông nghiệp",PKA,Đại Học Phenikaa,1ngành
X12,"Toán, Hóa học, Công nghệ nông nghiệp",TDM,Trường Đại học Thủ Dầu Một,8ngành
X12,"Toán, Hóa học, Công nghệ nông nghiệp",TCT,Đại Học Cần Thơ,11ngành
X12,"Toán, Hóa học, Công nghệ nông nghiệp",SGD,Trường Đại Học Sài Gòn,22ngành
X12,"Toán, Hóa học, Công nghệ nông nghiệp",TTN,Trường Đại Học Tây Nguyên,1ngành
X12,"Toán, Hóa học, Công nghệ nông nghiệp",DKT,Trường Đại Học Hải Dương,1ngành
X12,"Toán, Hóa học, Công nghệ nông nghiệp",DVT,Đại Học Trà Vinh,7ngành
X12,"Toán, Hóa học, Công nghệ nông nghiệp",NLS,Trường Đại Học Nông Lâm TPHCM,1ngành
X12,"Toán, Hóa học, Công nghệ nông nghiệp",MBS,Trường Đại Học Mở TPHCM,4ngành
X12,"Toán, Hóa học, Công nghệ nông nghiệp",VLU,Trường Đại học Công nghệ kỹ thuật Vĩnh Long,6ngành
X12,"Toán, Hóa học, Công nghệ nông nghiệp",CMC,Trường Đại Học CMC,19ngành
X12,"Toán, Hóa học, Công nghệ nông nghiệp",DTC,Trường Đại học Công Nghệ Thông Tin và Truyền Thông Thái Nguyên,27ngành
X12,"Toán, Hóa học, Công nghệ nông nghiệp",DCL,Trường Đại Học Cửu Long,4ngành
X12,"Toán, Hóa học, Công nghệ nông nghiệp",DDN,Trường Đại Học Đại Nam,52ngành
X12,"Toán, Hóa học, Công nghệ nông nghiệp",VGU,Trường Đại Học Việt Đức,7ngành
X12,"Toán, Hóa học, Công nghệ nông nghiệp",DYD,Trường Đại Học Yersin Đà Lạt,2ngành
X12,"Toán, Hóa học, Công nghệ nông nghiệp",BVU,Trường Đại Học Bà Rịa – Vũng Tàu,15ngành
X12,"Toán, Hóa học, Công nghệ nông nghiệp",LNH,Trường Đại Học Lâm nghiệp,3ngành
X12,"Toán, Hóa học, Công nghệ nông nghiệp",DHL,Trường Đại Học Nông Lâm Huế,7ngành
X12,"Toán, Hóa học, Công nghệ nông nghiệp",LNA,Phân hiệu Đại học Lâm nghiệp tỉnh Gia Lai,2ngành
X12,"Toán, Hóa học, Công nghệ nông nghiệp",DSG,Trường Đại Học Công Nghệ Sài Gòn,23ngành
X12,"Toán, Hóa học, Công nghệ nông nghiệp",DBG,Trường Đại học Nông Lâm Bắc Giang,3ngành
X12,"Toán, Hóa học, Công nghệ nông nghiệp",TDL,Trường Đại Học Đà Lạt,2ngành
X12,"Toán, Hóa học, Công nghệ nông nghiệp",BMU,Trường Đại học Y Dược Buôn Ma Thuột,7ngành
D39,"Toán, Lịch sử, Tiếng Pháp",HHK,Học Viện Hàng không Việt Nam,33ngành
D39,"Toán, Lịch sử, Tiếng Pháp",SGD,Trường Đại Học Sài Gòn,20ngành
D39,"Toán, Lịch sử, Tiếng Pháp",LPS,Trường Đại Học Luật TPHCM,1ngành
D39,"Toán, Lịch sử, Tiếng Pháp",CMC,Trường Đại Học CMC,18ngành
D39,"Toán, Lịch sử, Tiếng Pháp",DTC,Trường Đại học Công Nghệ Thông Tin và Truyền Thông Thái Nguyên,26ngành
D39,"Toán, Lịch sử, Tiếng Pháp",DDN,Trường Đại Học Đại Nam,47ngành
D39,"Toán, Lịch sử, Tiếng Pháp",DTV,Trường Đại Học Lương Thế Vinh,1ngành
D39,"Toán, Lịch sử, Tiếng Pháp",DSG,Trường Đại Học Công Nghệ Sài Gòn,23ngành
X15,"Toán, Sinh học, Công nghệ công nghiệp",DKK,Trường Đại Học Kinh Tế Kỹ Thuật Công Nghiệp,26ngành
X15,"Toán, Sinh học, Công nghệ công nghiệp",HHK,Học Viện Hàng không Việt Nam,33ngành
X15,"Toán, Sinh học, Công nghệ công nghiệp",PKA,Đại Học Phenikaa,10ngành
X15,"Toán, Sinh học, Công nghệ công nghiệp",TDM,Trường Đại học Thủ Dầu Một,1ngành
X15,"Toán, Sinh học, Công nghệ công nghiệp",DTT,Trường Đại Học Tôn Đức Thắng,7ngành
X15,"Toán, Sinh học, Công nghệ công nghiệp",SGD,Trường Đại Học Sài Gòn,22ngành
X15,"Toán, Sinh học, Công nghệ công nghiệp",DQN,Trường Đại Học Quy Nhơn,1ngành
X15,"Toán, Sinh học, Công nghệ công nghiệp",DQU,Trường Đại Học Quảng Nam,1ngành
X15,"Toán, Sinh học, Công nghệ công nghiệp",MBS,Trường Đại Học Mở TPHCM,3ngành
X15,"Toán, Sinh học, Công nghệ công nghiệp",VLU,Trường Đại học Công nghệ kỹ thuật Vĩnh Long,1ngành
X15,"Toán, Sinh học, Công nghệ công nghiệp",UKH,Trường Đại học Khánh Hòa,1ngành
X15,"Toán, Sinh học, Công nghệ công nghiệp",CMC,Trường Đại Học CMC,18ngành
X15,"Toán, Sinh học, Công nghệ công nghiệp",NTT,Trường Đại Học Nguyễn Tất Thành,2ngành
X15,"Toán, Sinh học, Công nghệ công nghiệp",DTC,Trường Đại học Công Nghệ Thông Tin và Truyền Thông Thái Nguyên,26ngành
X15,"Toán, Sinh học, Công nghệ công nghiệp",DNC,Trường Đại học Nam Cần Thơ,9ngành
X15,"Toán, Sinh học, Công nghệ công nghiệp",DDN,Trường Đại Học Đại Nam,47ngành
X15,"Toán, Sinh học, Công nghệ công nghiệp",VGU,Trường Đại Học Việt Đức,3ngành
X15,"Toán, Sinh học, Công nghệ công nghiệp",DYD,Trường Đại Học Yersin Đà Lạt,1ngành
X15,"Toán, Sinh học, Công nghệ công nghiệp",LNH,Trường Đại Học Lâm nghiệp,1ngành
X15,"Toán, Sinh học, Công nghệ công nghiệp",DQT,Trường Đại Học Quang Trung,2ngành
X15,"Toán, Sinh học, Công nghệ công nghiệp",DNU,Trường Đại Học Đồng Nai,1ngành
X15,"Toán, Sinh học, Công nghệ công nghiệp",DSG,Trường Đại Học Công Nghệ Sài Gòn,23ngành
X15,"Toán, Sinh học, Công nghệ công nghiệp",DBG,Trường Đại học Nông Lâm Bắc Giang,6ngành
X15,"Toán, Sinh học, Công nghệ công nghiệp",TDL,Trường Đại Học Đà Lạt,1ngành
X15,"Toán, Sinh học, Công nghệ công nghiệp",BMU,Trường Đại học Y Dược Buôn Ma Thuột,7ngành
X16,"Toán, Sinh học, Công nghệ nông nghiệp",SPH,Trường Đại Học Sư Phạm Hà Nội,2ngành
X16,"Toán, Sinh học, Công nghệ nông nghiệp",SPS,Trường Đại Học Sư Phạm TPHCM,1ngành
X16,"Toán, Sinh học, Công nghệ nông nghiệp",HHK,Học Viện Hàng không Việt Nam,33ngành
X16,"Toán, Sinh học, Công nghệ nông nghiệp",TDM,Trường Đại học Thủ Dầu Một,3ngành
X16,"Toán, Sinh học, Công nghệ nông nghiệp",DTT,Trường Đại Học Tôn Đức Thắng,4ngành
X16,"Toán, Sinh học, Công nghệ nông nghiệp",TCT,Đại Học Cần Thơ,1ngành
X16,"Toán, Sinh học, Công nghệ nông nghiệp",SGD,Trường Đại Học Sài Gòn,22ngành
X16,"Toán, Sinh học, Công nghệ nông nghiệp",DDS,Trường Đại Học Sư Phạm - Đại Học Đà Nẵng,1ngành
X16,"Toán, Sinh học, Công nghệ nông nghiệp",SPD,Trường Đại Học Đồng Tháp,2ngành
X16,"Toán, Sinh học, Công nghệ nông nghiệp",TTN,Trường Đại Học Tây Nguyên,5ngành
X16,"Toán, Sinh học, Công nghệ nông nghiệp",DQN,Trường Đại Học Quy Nhơn,1ngành
X16,"Toán, Sinh học, Công nghệ nông nghiệp",KCC,Trường Đại học Kỹ Thuật Công Nghệ Cần Thơ,1ngành
X16,"Toán, Sinh học, Công nghệ nông nghiệp",DVT,Đại Học Trà Vinh,7ngành
X16,"Toán, Sinh học, Công nghệ nông nghiệp",NLS,Trường Đại Học Nông Lâm TPHCM,1ngành
X16,"Toán, Sinh học, Công nghệ nông nghiệp",MBS,Trường Đại Học Mở TPHCM,3ngành
X16,"Toán, Sinh học, Công nghệ nông nghiệp",VLU,Trường Đại học Công nghệ kỹ thuật Vĩnh Long,10ngành
X16,"Toán, Sinh học, Công nghệ nông nghiệp",CMC,Trường Đại Học CMC,18ngành
X16,"Toán, Sinh học, Công nghệ nông nghiệp",DTC,Trường Đại học Công Nghệ Thông Tin và Truyền Thông Thái Nguyên,26ngành
X16,"Toán, Sinh học, Công nghệ nông nghiệp",TTU,Trường Đại học Tân Tạo,2ngành
X16,"Toán, Sinh học, Công nghệ nông nghiệp",DCL,Trường Đại Học Cửu Long,4ngành
X16,"Toán, Sinh học, Công nghệ nông nghiệp",DDN,Trường Đại Học Đại Nam,47ngành
X16,"Toán, Sinh học, Công nghệ nông nghiệp",VGU,Trường Đại Học Việt Đức,3ngành
X16,"Toán, Sinh học, Công nghệ nông nghiệp",DYD,Trường Đại Học Yersin Đà Lạt,4ngành
X16,"Toán, Sinh học, Công nghệ nông nghiệp",LNH,Trường Đại Học Lâm nghiệp,1ngành
X16,"Toán, Sinh học, Công nghệ nông nghiệp",DNU,Trường Đại Học Đồng Nai,1ngành
X16,"Toán, Sinh học, Công nghệ nông nghiệp",LNA,Phân hiệu Đại học Lâm nghiệp tỉnh Gia Lai,1ngành
X16,"Toán, Sinh học, Công nghệ nông nghiệp",DSG,Trường Đại Học Công Nghệ Sài Gòn,23ngành
X16,"Toán, Sinh học, Công nghệ nông nghiệp",DBG,Trường Đại học Nông Lâm Bắc Giang,6ngành
X16,"Toán, Sinh học, Công nghệ nông nghiệp",TTB,Trường Đại Học Tây Bắc,2ngành
X16,"Toán, Sinh học, Công nghệ nông nghiệp",BMU,Trường Đại học Y Dược Buôn Ma Thuột,7ngành
X14,"Toán, Sinh học, Tin học",SPS,Trường Đại Học Sư Phạm TPHCM,1ngành
X14,"Toán, Sinh học, Tin học",HYD,Học Viện Y Dược Học Cổ Truyền Việt Nam,2ngành
X14,"Toán, Sinh học, Tin học",DKK,Trường Đại Học Kinh Tế Kỹ Thuật Công Nghiệp,26ngành
X14,"Toán, Sinh học, Tin học",HHK,Học Viện Hàng không Việt Nam,33ngành
X14,"Toán, Sinh học, Tin học",PKA,Đại Học Phenikaa,12ngành
X14,"Toán, Sinh học, Tin học",TDM,Trường Đại học Thủ Dầu Một,1ngành
X14,"Toán, Sinh học, Tin học",TLA,Trường Đại Học Thủy Lợi,1ngành
X14,"Toán, Sinh học, Tin học",DTT,Trường Đại Học Tôn Đức Thắng,5ngành
X14,"Toán, Sinh học, Tin học",SGD,Trường Đại Học Sài Gòn,22ngành
X14,"Toán, Sinh học, Tin học",DDS,Trường Đại Học Sư Phạm - Đại Học Đà Nẵng,2ngành
X14,"Toán, Sinh học, Tin học",THV,Trường Đại Học Hùng Vương,5ngành
X14,"Toán, Sinh học, Tin học",SPD,Trường Đại Học Đồng Tháp,2ngành
X14,"Toán, Sinh học, Tin học",TTN,Trường Đại Học Tây Nguyên,1ngành
X14,"Toán, Sinh học, Tin học",DQN,Trường Đại Học Quy Nhơn,1ngành
X14,"Toán, Sinh học, Tin học",HHT,Trường Đại Học Hà Tĩnh,2ngành
X14,"Toán, Sinh học, Tin học",KCC,Trường Đại học Kỹ Thuật Công Nghệ Cần Thơ,2ngành
X14,"Toán, Sinh học, Tin học",DVT,Đại Học Trà Vinh,9ngành
X14,"Toán, Sinh học, Tin học",NLS,Trường Đại Học Nông Lâm TPHCM,2ngành
X14,"Toán, Sinh học, Tin học",XDA,Trường Đại Học Xây Dựng Hà Nội,2ngành
X14,"Toán, Sinh học, Tin học",MBS,Trường Đại Học Mở TPHCM,12ngành
X14,"Toán, Sinh học, Tin học",VLU,Trường Đại học Công nghệ kỹ thuật Vĩnh Long,2ngành
X14,"Toán, Sinh học, Tin học",UKH,Trường Đại học Khánh Hòa,1ngành
X14,"Toán, Sinh học, Tin học",CMC,Trường Đại Học CMC,18ngành
X14,"Toán, Sinh học, Tin học",NTT,Trường Đại Học Nguyễn Tất Thành,3ngành
X14,"Toán, Sinh học, Tin học",DTC,Trường Đại học Công Nghệ Thông Tin và Truyền Thông Thái Nguyên,26ngành
X14,"Toán, Sinh học, Tin học",DNC,Trường Đại học Nam Cần Thơ,6ngành
X14,"Toán, Sinh học, Tin học",HIU,Trường Đại Học Quốc Tế Hồng Bàng,16ngành
X14,"Toán, Sinh học, Tin học",TTU,Trường Đại học Tân Tạo,1ngành
X14,"Toán, Sinh học, Tin học",DDN,Trường Đại Học Đại Nam,49ngành
X14,"Toán, Sinh học, Tin học",DAD,Trường Đại Học Đông Á,13ngành
X14,"Toán, Sinh học, Tin học",VGU,Trường Đại Học Việt Đức,3ngành
X14,"Toán, Sinh học, Tin học",DTD,Trường Đại Học Tây Đô,2ngành
X14,"Toán, Sinh học, Tin học",DKC,Trường Đại học Công Nghệ TPHCM,5ngành
X14,"Toán, Sinh học, Tin học",DYD,Trường Đại Học Yersin Đà Lạt,4ngành
X14,"Toán, Sinh học, Tin học",DTV,Trường Đại Học Lương Thế Vinh,2ngành
X14,"Toán, Sinh học, Tin học",BVU,Trường Đại Học Bà Rịa – Vũng Tàu,2ngành
X14,"Toán, Sinh học, Tin học",DQT,Trường Đại Học Quang Trung,2ngành
X14,"Toán, Sinh học, Tin học",DCD,Trường Đại Học Công Nghệ Đồng Nai,4ngành
X14,"Toán, Sinh học, Tin học",DTZ,Trường Đại Học Khoa Học Thái Nguyên,10ngành
X14,"Toán, Sinh học, Tin học",DCA,Trường Đại học Intracom,2ngành
X14,"Toán, Sinh học, Tin học",DSG,Trường Đại Học Công Nghệ Sài Gòn,23ngành
X14,"Toán, Sinh học, Tin học",TTB,Trường Đại Học Tây Bắc,1ngành
X14,"Toán, Sinh học, Tin học",TDL,Trường Đại Học Đà Lạt,6ngành
X14,"Toán, Sinh học, Tin học",BMU,Trường Đại học Y Dược Buôn Ma Thuột,7ngành
D18,"Toán, Địa lí, Tiếng Nhật",HHK,Học Viện Hàng không Việt Nam,33ngành
D18,"Toán, Địa lí, Tiếng Nhật",SGD,Trường Đại Học Sài Gòn,22ngành
D18,"Toán, Địa lí, Tiếng Nhật",LPS,Trường Đại Học Luật TPHCM,1ngành
D18,"Toán, Địa lí, Tiếng Nhật",CMC,Trường Đại Học CMC,18ngành
D18,"Toán, Địa lí, Tiếng Nhật",DTC,Trường Đại học Công Nghệ Thông Tin và Truyền Thông Thái Nguyên,26ngành
D18,"Toán, Địa lí, Tiếng Nhật",DDN,Trường Đại Học Đại Nam,47ngành
D18,"Toán, Địa lí, Tiếng Nhật",DTV,Trường Đại Học Lương Thế Vinh,9ngành
D18,"Toán, Địa lí, Tiếng Nhật",VJU,Trường Đại học Việt Nhật - ĐHQG Hà Nội,1ngành
D18,"Toán, Địa lí, Tiếng Nhật",BVU,Trường Đại Học Bà Rịa – Vũng Tàu,15ngành
D18,"Toán, Địa lí, Tiếng Nhật",DSG,Trường Đại Học Công Nghệ Sài Gòn,23ngành
"X10, TH4","Toán, Hoá, Tin",SPS,Trường Đại Học Sư Phạm TPHCM,1ngành
"X10, TH4","Toán, Hoá, Tin",ANH,Học Viện An Ninh Nhân Dân,2ngành
"X10, TH4","Toán, Hoá, Tin",HYD,Học Viện Y Dược Học Cổ Truyền Việt Nam,1ngành
"X10, TH4","Toán, Hoá, Tin",DKK,Trường Đại Học Kinh Tế Kỹ Thuật Công Nghiệp,26ngành
"X10, TH4","Toán, Hoá, Tin",HHK,Học Viện Hàng không Việt Nam,33ngành
"X10, TH4","Toán, Hoá, Tin",PKA,Đại Học Phenikaa,14ngành
"X10, TH4","Toán, Hoá, Tin",TDM,Trường Đại học Thủ Dầu Một,10ngành
"X10, TH4","Toán, Hoá, Tin",TLA,Trường Đại Học Thủy Lợi,2ngành
"X10, TH4","Toán, Hoá, Tin",DTT,Trường Đại Học Tôn Đức Thắng,19ngành
"X10, TH4","Toán, Hoá, Tin",TCT,Đại Học Cần Thơ,1ngành
"X10, TH4","Toán, Hoá, Tin",SGD,Trường Đại Học Sài Gòn,22ngành
"X10, TH4","Toán, Hoá, Tin",SP2,Trường Đại Học Sư Phạm Hà Nội 2,2ngành
"X10, TH4","Toán, Hoá, Tin",SPD,Trường Đại Học Đồng Tháp,1ngành
"X10, TH4","Toán, Hoá, Tin",TTN,Trường Đại Học Tây Nguyên,1ngành
"X10, TH4","Toán, Hoá, Tin",DQN,Trường Đại Học Quy Nhơn,4ngành
"X10, TH4","Toán, Hoá, Tin",DQB,Trường Đại Học Quảng Bình,2ngành
"X10, TH4","Toán, Hoá, Tin",HHT,Trường Đại Học Hà Tĩnh,1ngành
"X10, TH4","Toán, Hoá, Tin",DPY,Trường Đại Học Phú Yên,1ngành
"X10, TH4","Toán, Hoá, Tin",KCC,Trường Đại học Kỹ Thuật Công Nghệ Cần Thơ,4ngành
"X10, TH4","Toán, Hoá, Tin",KCN,Trường Đại Học Khoa Học Và Công Nghệ Hà Nội,4ngành
"X10, TH4","Toán, Hoá, Tin",DVT,Đại Học Trà Vinh,4ngành
"X10, TH4","Toán, Hoá, Tin",NLS,Trường Đại Học Nông Lâm TPHCM,3ngành
"X10, TH4","Toán, Hoá, Tin",MBS,Trường Đại Học Mở TPHCM,41ngành
"X10, TH4","Toán, Hoá, Tin",MDA,Trường Đại Học Mỏ Địa Chất,2ngành
"X10, TH4","Toán, Hoá, Tin",VLU,Trường Đại học Công nghệ kỹ thuật Vĩnh Long,9ngành
"X10, TH4","Toán, Hoá, Tin",DQK,Trường Đại Học Kinh Doanh và Công Nghệ Hà Nội,2ngành
"X10, TH4","Toán, Hoá, Tin",UKH,Trường Đại học Khánh Hòa,1ngành
"X10, TH4","Toán, Hoá, Tin",CMC,Trường Đại Học CMC,19ngành
"X10, TH4","Toán, Hoá, Tin",DTC,Trường Đại học Công Nghệ Thông Tin và Truyền Thông Thái Nguyên,27ngành
"X10, TH4","Toán, Hoá, Tin",DNC,Trường Đại học Nam Cần Thơ,8ngành
"X10, TH4","Toán, Hoá, Tin",HIU,Trường Đại Học Quốc Tế Hồng Bàng,12ngành
"X10, TH4","Toán, Hoá, Tin",DCL,Trường Đại Học Cửu Long,6ngành
"X10, TH4","Toán, Hoá, Tin",DDN,Trường Đại Học Đại Nam,53ngành
"X10, TH4","Toán, Hoá, Tin",VGU,Trường Đại Học Việt Đức,7ngành
"X10, TH4","Toán, Hoá, Tin",NLN,Phân hiệu Đại học Nông Lâm TPHCM tại Ninh Thuận,1ngành
"X10, TH4","Toán, Hoá, Tin",DTD,Trường Đại Học Tây Đô,4ngành
"X10, TH4","Toán, Hoá, Tin",DYD,Trường Đại Học Yersin Đà Lạt,2ngành
"X10, TH4","Toán, Hoá, Tin",DTV,Trường Đại Học Lương Thế Vinh,2ngành
"X10, TH4","Toán, Hoá, Tin",BVU,Trường Đại Học Bà Rịa – Vũng Tàu,17ngành
"X10, TH4","Toán, Hoá, Tin",MIT,Trường Đại học Công nghệ Miền Đông,14ngành
"X10, TH4","Toán, Hoá, Tin",DKB,Trường Đại Học Kinh Tế Kỹ Thuật Bình Dương,1ngành
"X10, TH4","Toán, Hoá, Tin",PVU,Trường Đại Học Dầu Khí Việt Nam,3ngành
"X10, TH4","Toán, Hoá, Tin",DQT,Trường Đại Học Quang Trung,2ngành
"X10, TH4","Toán, Hoá, Tin",THU,Trường Đại học Y khoa Tokyo Việt Nam,1ngành
"X10, TH4","Toán, Hoá, Tin",DTZ,Trường Đại Học Khoa Học Thái Nguyên,13ngành
"X10, TH4","Toán, Hoá, Tin",HDT,Trường Đại Học Hồng Đức,1ngành
"X10, TH4","Toán, Hoá, Tin",VUI,Trường Đại Học Công Nghiệp Việt Trì,11ngành
"X10, TH4","Toán, Hoá, Tin",SIU,Trường Đại học Quốc Tế Sài Gòn,2ngành
"X10, TH4","Toán, Hoá, Tin",TBD,Trường Đại Học Thái Bình Dương,1ngành
"X10, TH4","Toán, Hoá, Tin",DPX,Trường Đại Học Phú Xuân,1ngành
"X10, TH4","Toán, Hoá, Tin",MTU,Trường Đại Học Xây Dựng Miền Tây,1ngành
"X10, TH4","Toán, Hoá, Tin",DSG,Trường Đại Học Công Nghệ Sài Gòn,23ngành
"X10, TH4","Toán, Hoá, Tin",TTB,Trường Đại Học Tây Bắc,2ngành
"X10, TH4","Toán, Hoá, Tin",TDL,Trường Đại Học Đà Lạt,14ngành
"X10, TH4","Toán, Hoá, Tin",BMU,Trường Đại học Y Dược Buôn Ma Thuột,7ngành
"(Ngữ văn, Vật lí, Tiếng Hàn)","Ngữ văn, Vật lí, Tiếng Hàn",HHK,Học Viện Hàng không Việt Nam,18ngành
"(Ngữ văn, Vật lí, Tiếng Hàn)","Ngữ văn, Vật lí, Tiếng Hàn",SGD,Trường Đại Học Sài Gòn,6ngành
"(Ngữ văn, Vật lí, Tiếng Hàn)","Ngữ văn, Vật lí, Tiếng Hàn",CMC,Trường Đại Học CMC,13ngành
"(Ngữ văn, Vật lí, Tiếng Hàn)","Ngữ văn, Vật lí, Tiếng Hàn",DDN,Trường Đại Học Đại Nam,43ngành
"(Ngữ văn, Vật lí, Tiếng Hàn)","Ngữ văn, Vật lí, Tiếng Hàn",DSG,Trường Đại Học Công Nghệ Sài Gòn,9ngành
X75,"Ngữ văn, Địa lí, Tin học",HHK,Học Viện Hàng không Việt Nam,18ngành
X75,"Ngữ văn, Địa lí, Tin học",PKA,Đại Học Phenikaa,2ngành
X75,"Ngữ văn, Địa lí, Tin học",SGD,Trường Đại Học Sài Gòn,9ngành
X75,"Ngữ văn, Địa lí, Tin học",DVT,Đại Học Trà Vinh,1ngành
X75,"Ngữ văn, Địa lí, Tin học",VLU,Trường Đại học Công nghệ kỹ thuật Vĩnh Long,2ngành
X75,"Ngữ văn, Địa lí, Tin học",CMC,Trường Đại Học CMC,13ngành
X75,"Ngữ văn, Địa lí, Tin học",DNC,Trường Đại học Nam Cần Thơ,5ngành
X75,"Ngữ văn, Địa lí, Tin học",DDN,Trường Đại Học Đại Nam,43ngành
X75,"Ngữ văn, Địa lí, Tin học",MIT,Trường Đại học Công nghệ Miền Đông,17ngành
X75,"Ngữ văn, Địa lí, Tin học",DTZ,Trường Đại Học Khoa Học Thái Nguyên,16ngành
X75,"Ngữ văn, Địa lí, Tin học",VUI,Trường Đại Học Công Nghiệp Việt Trì,3ngành
X75,"Ngữ văn, Địa lí, Tin học",DSG,Trường Đại Học Công Nghệ Sài Gòn,9ngành
X75,"Ngữ văn, Địa lí, Tin học",TTB,Trường Đại Học Tây Bắc,2ngành
X75,"Ngữ văn, Địa lí, Tin học",TDL,Trường Đại Học Đà Lạt,5ngành
D19,"Toán, Địa lí, Tiếng Pháp",HHK,Học Viện Hàng không Việt Nam,33ngành
D19,"Toán, Địa lí, Tiếng Pháp",SGD,Trường Đại Học Sài Gòn,22ngành
D19,"Toán, Địa lí, Tiếng Pháp",LPS,Trường Đại Học Luật TPHCM,1ngành
D19,"Toán, Địa lí, Tiếng Pháp",CMC,Trường Đại Học CMC,18ngành
D19,"Toán, Địa lí, Tiếng Pháp",DTC,Trường Đại học Công Nghệ Thông Tin và Truyền Thông Thái Nguyên,26ngành
D19,"Toán, Địa lí, Tiếng Pháp",DDN,Trường Đại Học Đại Nam,47ngành
D19,"Toán, Địa lí, Tiếng Pháp",DTV,Trường Đại Học Lương Thế Vinh,9ngành
D19,"Toán, Địa lí, Tiếng Pháp",DSG,Trường Đại Học Công Nghệ Sài Gòn,23ngành
D50,"Ngữ văn, Hóa học, Tiếng Trung",HHK,Học Viện Hàng không Việt Nam,19ngành
D50,"Ngữ văn, Hóa học, Tiếng Trung",SGD,Trường Đại Học Sài Gòn,6ngành
D50,"Ngữ văn, Hóa học, Tiếng Trung",LPS,Trường Đại Học Luật TPHCM,1ngành
D50,"Ngữ văn, Hóa học, Tiếng Trung",CMC,Trường Đại Học CMC,13ngành
D50,"Ngữ văn, Hóa học, Tiếng Trung",DDN,Trường Đại Học Đại Nam,43ngành
D50,"Ngữ văn, Hóa học, Tiếng Trung",DTV,Trường Đại Học Lương Thế Vinh,1ngành
D50,"Ngữ văn, Hóa học, Tiếng Trung",DTZ,Trường Đại Học Khoa Học Thái Nguyên,2ngành
D50,"Ngữ văn, Hóa học, Tiếng Trung",DSG,Trường Đại Học Công Nghệ Sài Gòn,9ngành
D41,"Ngữ văn, Địa lí, Tiếng Đức",HHK,Học Viện Hàng không Việt Nam,18ngành
D41,"Ngữ văn, Địa lí, Tiếng Đức",QHF,Trường Đại Học Ngoại Ngữ - ĐH Quốc gia Hà Nội,2ngành
D41,"Ngữ văn, Địa lí, Tiếng Đức",SGD,Trường Đại Học Sài Gòn,7ngành
D41,"Ngữ văn, Địa lí, Tiếng Đức",MBS,Trường Đại Học Mở TPHCM,4ngành
D41,"Ngữ văn, Địa lí, Tiếng Đức",CMC,Trường Đại Học CMC,13ngành
D41,"Ngữ văn, Địa lí, Tiếng Đức",DDN,Trường Đại Học Đại Nam,43ngành
D41,"Ngữ văn, Địa lí, Tiếng Đức",DTV,Trường Đại Học Lương Thế Vinh,1ngành
D41,"Ngữ văn, Địa lí, Tiếng Đức",DSG,Trường Đại Học Công Nghệ Sài Gòn,9ngành
X46,"Toán, Tiếng Nhật, Tin học",HHK,Học Viện Hàng không Việt Nam,33ngành
X46,"Toán, Tiếng Nhật, Tin học",PKA,Đại Học Phenikaa,1ngành
X46,"Toán, Tiếng Nhật, Tin học",SGD,Trường Đại Học Sài Gòn,20ngành
X46,"Toán, Tiếng Nhật, Tin học",DDK,Trường Đại Học Bách Khoa Đà Nẵng,1ngành
X46,"Toán, Tiếng Nhật, Tin học",CMC,Trường Đại Học CMC,18ngành
X46,"Toán, Tiếng Nhật, Tin học",DTC,Trường Đại học Công Nghệ Thông Tin và Truyền Thông Thái Nguyên,26ngành
X46,"Toán, Tiếng Nhật, Tin học",DDN,Trường Đại Học Đại Nam,47ngành
X46,"Toán, Tiếng Nhật, Tin học",DTV,Trường Đại Học Lương Thế Vinh,2ngành
X46,"Toán, Tiếng Nhật, Tin học",DSG,Trường Đại Học Công Nghệ Sài Gòn,23ngành
X22,"Toán, Địa lí, Tin học",HHK,Học Viện Hàng không Việt Nam,33ngành
X22,"Toán, Địa lí, Tin học",PKA,Đại Học Phenikaa,3ngành
X22,"Toán, Địa lí, Tin học",SGD,Trường Đại Học Sài Gòn,22ngành
X22,"Toán, Địa lí, Tin học",VHS,Trường Đại Học Văn Hóa TPHCM,11ngành
X22,"Toán, Địa lí, Tin học",MBS,Trường Đại Học Mở TPHCM,10ngành
X22,"Toán, Địa lí, Tin học",VLU,Trường Đại học Công nghệ kỹ thuật Vĩnh Long,17ngành
X22,"Toán, Địa lí, Tin học",CMC,Trường Đại Học CMC,18ngành
X22,"Toán, Địa lí, Tin học",DTC,Trường Đại học Công Nghệ Thông Tin và Truyền Thông Thái Nguyên,26ngành
X22,"Toán, Địa lí, Tin học",DDN,Trường Đại Học Đại Nam,48ngành
X22,"Toán, Địa lí, Tin học",DTV,Trường Đại Học Lương Thế Vinh,2ngành
X22,"Toán, Địa lí, Tin học",DQT,Trường Đại Học Quang Trung,7ngành
X22,"Toán, Địa lí, Tin học",DTZ,Trường Đại Học Khoa Học Thái Nguyên,24ngành
X22,"Toán, Địa lí, Tin học",DCQ,Trường Đại Học Công Nghệ và Quản Lý Hữu Nghị,12ngành
X22,"Toán, Địa lí, Tin học",DSG,Trường Đại Học Công Nghệ Sài Gòn,23ngành
D73,"Ngữ văn, Khoa học tự nhiên, Tiếng Đức",HHK,Học Viện Hàng không Việt Nam,18ngành
D73,"Ngữ văn, Khoa học tự nhiên, Tiếng Đức",SGD,Trường Đại Học Sài Gòn,6ngành
D73,"Ngữ văn, Khoa học tự nhiên, Tiếng Đức",CMC,Trường Đại Học CMC,13ngành
D73,"Ngữ văn, Khoa học tự nhiên, Tiếng Đức",DDN,Trường Đại Học Đại Nam,43ngành
D73,"Ngữ văn, Khoa học tự nhiên, Tiếng Đức",DSG,Trường Đại Học Công Nghệ Sài Gòn,9ngành
X03; TH8; K22; E01,"Toán, Ngữ văn, Công nghệ công nghiệp",ANH,Học Viện An Ninh Nhân Dân,2ngành
X03; TH8; K22; E01,"Toán, Ngữ văn, Công nghệ công nghiệp",DKK,Trường Đại Học Kinh Tế Kỹ Thuật Công Nghiệp,43ngành
X03; TH8; K22; E01,"Toán, Ngữ văn, Công nghệ công nghiệp",HHK,Học Viện Hàng không Việt Nam,33ngành
X03; TH8; K22; E01,"Toán, Ngữ văn, Công nghệ công nghiệp",TDM,Trường Đại học Thủ Dầu Một,13ngành
X03; TH8; K22; E01,"Toán, Ngữ văn, Công nghệ công nghiệp",HVN,Học Viện Nông Nghiệp Việt Nam,12ngành
X03; TH8; K22; E01,"Toán, Ngữ văn, Công nghệ công nghiệp",DTS,Đại Học Sư Phạm Thái Nguyên,1ngành
X03; TH8; K22; E01,"Toán, Ngữ văn, Công nghệ công nghiệp",SGD,Trường Đại Học Sài Gòn,31ngành
X03; TH8; K22; E01,"Toán, Ngữ văn, Công nghệ công nghiệp",DDS,Trường Đại Học Sư Phạm - Đại Học Đà Nẵng,3ngành
X03; TH8; K22; E01,"Toán, Ngữ văn, Công nghệ công nghiệp",TSN,Trường Đại Học Nha Trang,32ngành
X03; TH8; K22; E01,"Toán, Ngữ văn, Công nghệ công nghiệp",KTA,Trường Đại Học Kiến Trúc Hà Nội,18ngành
X03; TH8; K22; E01,"Toán, Ngữ văn, Công nghệ công nghiệp",SPD,Trường Đại Học Đồng Tháp,5ngành
X03; TH8; K22; E01,"Toán, Ngữ văn, Công nghệ công nghiệp",DMT,Trường Đại học Tài Nguyên và Môi Trường Hà Nội,19ngành
X03; TH8; K22; E01,"Toán, Ngữ văn, Công nghệ công nghiệp",DQU,Trường Đại Học Quảng Nam,1ngành
X03; TH8; K22; E01,"Toán, Ngữ văn, Công nghệ công nghiệp",DCV,Trường Đại học Công nghiệp Vinh,1ngành
X03; TH8; K22; E01,"Toán, Ngữ văn, Công nghệ công nghiệp",DVT,Đại Học Trà Vinh,1ngành
X03; TH8; K22; E01,"Toán, Ngữ văn, Công nghệ công nghiệp",NLS,Trường Đại Học Nông Lâm TPHCM,2ngành
X03; TH8; K22; E01,"Toán, Ngữ văn, Công nghệ công nghiệp",SKH,Trường Đại Học Sư Phạm Kỹ Thuật Hưng Yên,23ngành
X03; TH8; K22; E01,"Toán, Ngữ văn, Công nghệ công nghiệp",MBS,Trường Đại Học Mở TPHCM,1ngành
X03; TH8; K22; E01,"Toán, Ngữ văn, Công nghệ công nghiệp",GTA,Trường Đại học Công nghệ Giao thông vận tải,73ngành
X03; TH8; K22; E01,"Toán, Ngữ văn, Công nghệ công nghiệp",MDA,Trường Đại Học Mỏ Địa Chất,2ngành
X03; TH8; K22; E01,"Toán, Ngữ văn, Công nghệ công nghiệp",VLU,Trường Đại học Công nghệ kỹ thuật Vĩnh Long,25ngành
X03; TH8; K22; E01,"Toán, Ngữ văn, Công nghệ công nghiệp",CMC,Trường Đại Học CMC,18ngành
X03; TH8; K22; E01,"Toán, Ngữ văn, Công nghệ công nghiệp",DTC,Trường Đại học Công Nghệ Thông Tin và Truyền Thông Thái Nguyên,26ngành
X03; TH8; K22; E01,"Toán, Ngữ văn, Công nghệ công nghiệp",DDN,Trường Đại Học Đại Nam,47ngành
X03; TH8; K22; E01,"Toán, Ngữ văn, Công nghệ công nghiệp",VGU,Trường Đại Học Việt Đức,5ngành
X03; TH8; K22; E01,"Toán, Ngữ văn, Công nghệ công nghiệp",SDU,Trường Đại học Sao Đỏ,16ngành
X03; TH8; K22; E01,"Toán, Ngữ văn, Công nghệ công nghiệp",NLN,Phân hiệu Đại học Nông Lâm TPHCM tại Ninh Thuận,1ngành
X03; TH8; K22; E01,"Toán, Ngữ văn, Công nghệ công nghiệp",DKC,Trường Đại học Công Nghệ TPHCM,18ngành
X03; TH8; K22; E01,"Toán, Ngữ văn, Công nghệ công nghiệp",DDU,Trường Đại Học Đông Đô,8ngành
X03; TH8; K22; E01,"Toán, Ngữ văn, Công nghệ công nghiệp",DLH,Trường Đại Học Lạc Hồng,13ngành
X03; TH8; K22; E01,"Toán, Ngữ văn, Công nghệ công nghiệp",DYD,Trường Đại Học Yersin Đà Lạt,2ngành
X03; TH8; K22; E01,"Toán, Ngữ văn, Công nghệ công nghiệp",BVU,Trường Đại Học Bà Rịa – Vũng Tàu,34ngành
X03; TH8; K22; E01,"Toán, Ngữ văn, Công nghệ công nghiệp",DKB,Trường Đại Học Kinh Tế Kỹ Thuật Bình Dương,10ngành
X03; TH8; K22; E01,"Toán, Ngữ văn, Công nghệ công nghiệp",TTG,Trường Đại Học Tiền Giang,7ngành
X03; TH8; K22; E01,"Toán, Ngữ văn, Công nghệ công nghiệp",SKV,Trường Đại Học Sư Phạm Kỹ Thuật Vinh,13ngành
X03; TH8; K22; E01,"Toán, Ngữ văn, Công nghệ công nghiệp",LNH,Trường Đại Học Lâm nghiệp,14ngành
X03; TH8; K22; E01,"Toán, Ngữ văn, Công nghệ công nghiệp",DQT,Trường Đại Học Quang Trung,1ngành
X03; TH8; K22; E01,"Toán, Ngữ văn, Công nghệ công nghiệp",HSU,Trường Đại Học Hoa Sen,33ngành
X03; TH8; K22; E01,"Toán, Ngữ văn, Công nghệ công nghiệp",DCD,Trường Đại Học Công Nghệ Đồng Nai,21ngành
X03; TH8; K22; E01,"Toán, Ngữ văn, Công nghệ công nghiệp",DTB,Trường Đại Học Thái Bình,6ngành
X03; TH8; K22; E01,"Toán, Ngữ văn, Công nghệ công nghiệp",LNS,Phân hiệu Đại Học Lâm nghiệp tại Đồng Nai,2ngành
X03; TH8; K22; E01,"Toán, Ngữ văn, Công nghệ công nghiệp",DTM,Trường Đại học Tài Nguyên và Môi Trường TPHCM,7ngành
X03; TH8; K22; E01,"Toán, Ngữ văn, Công nghệ công nghiệp",CCM,Trường Đại học Công nghiệp và Thương mại Hà Nội,9ngành
X03; TH8; K22; E01,"Toán, Ngữ văn, Công nghệ công nghiệp",SKN,Trường Đại Học Sư Phạm Kỹ Thuật Nam Định,16ngành
X03; TH8; K22; E01,"Toán, Ngữ văn, Công nghệ công nghiệp",TBD,Trường Đại Học Thái Bình Dương,8ngành
X03; TH8; K22; E01,"Toán, Ngữ văn, Công nghệ công nghiệp",XDT,Trường Đại Học Xây Dựng Miền Trung,30ngành
X03; TH8; K22; E01,"Toán, Ngữ văn, Công nghệ công nghiệp",DSG,Trường Đại Học Công Nghệ Sài Gòn,23ngành
X03; TH8; K22; E01,"Toán, Ngữ văn, Công nghệ công nghiệp",XDN,Phân hiệu Đại học Xây dựng miền Trung tại Đà Nẵng,12ngành
X03; TH8; K22; E01,"Toán, Ngữ văn, Công nghệ công nghiệp",TTB,Trường Đại Học Tây Bắc,6ngành
X79; TH9,"Ngữ văn, Tiếng Anh, Tin học",SPS,Trường Đại Học Sư Phạm TPHCM,3ngành
X79; TH9,"Ngữ văn, Tiếng Anh, Tin học",DKK,Trường Đại Học Kinh Tế Kỹ Thuật Công Nghiệp,4ngành
X79; TH9,"Ngữ văn, Tiếng Anh, Tin học",HHK,Học Viện Hàng không Việt Nam,21ngành
X79; TH9,"Ngữ văn, Tiếng Anh, Tin học",PKA,Đại Học Phenikaa,9ngành
X79; TH9,"Ngữ văn, Tiếng Anh, Tin học",TDM,Trường Đại học Thủ Dầu Một,3ngành
X79; TH9,"Ngữ văn, Tiếng Anh, Tin học",SGD,Trường Đại Học Sài Gòn,9ngành
X79; TH9,"Ngữ văn, Tiếng Anh, Tin học",LPS,Trường Đại Học Luật TPHCM,1ngành
X79; TH9,"Ngữ văn, Tiếng Anh, Tin học",LDA,Trường Đại Học Công Đoàn,4ngành
X79; TH9,"Ngữ văn, Tiếng Anh, Tin học",DQB,Trường Đại Học Quảng Bình,2ngành
X79; TH9,"Ngữ văn, Tiếng Anh, Tin học",DMT,Trường Đại học Tài Nguyên và Môi Trường Hà Nội,1ngành
X79; TH9,"Ngữ văn, Tiếng Anh, Tin học",DBL,Trường Đại Học Bạc Liêu,1ngành
X79; TH9,"Ngữ văn, Tiếng Anh, Tin học",DVT,Đại Học Trà Vinh,4ngành
X79; TH9,"Ngữ văn, Tiếng Anh, Tin học",MBS,Trường Đại Học Mở TPHCM,19ngành
X79; TH9,"Ngữ văn, Tiếng Anh, Tin học",VLU,Trường Đại học Công nghệ kỹ thuật Vĩnh Long,7ngành
X79; TH9,"Ngữ văn, Tiếng Anh, Tin học",UKH,Trường Đại học Khánh Hòa,4ngành
X79; TH9,"Ngữ văn, Tiếng Anh, Tin học",CMC,Trường Đại Học CMC,13ngành
X79; TH9,"Ngữ văn, Tiếng Anh, Tin học",DNC,Trường Đại học Nam Cần Thơ,1ngành
X79; TH9,"Ngữ văn, Tiếng Anh, Tin học",ETU,Trường Đại Học Hòa Bình,2ngành
X79; TH9,"Ngữ văn, Tiếng Anh, Tin học",DDN,Trường Đại Học Đại Nam,46ngành
X79; TH9,"Ngữ văn, Tiếng Anh, Tin học",SDU,Trường Đại học Sao Đỏ,1ngành
X79; TH9,"Ngữ văn, Tiếng Anh, Tin học",DKC,Trường Đại học Công Nghệ TPHCM,4ngành
X79; TH9,"Ngữ văn, Tiếng Anh, Tin học",DYD,Trường Đại Học Yersin Đà Lạt,1ngành
X79; TH9,"Ngữ văn, Tiếng Anh, Tin học",DTV,Trường Đại Học Lương Thế Vinh,2ngành
X79; TH9,"Ngữ văn, Tiếng Anh, Tin học",DKB,Trường Đại Học Kinh Tế Kỹ Thuật Bình Dương,3ngành
X79; TH9,"Ngữ văn, Tiếng Anh, Tin học",UEF,Trường Đại Học Kinh Tế Tài Chính TPHCM,5ngành
X79; TH9,"Ngữ văn, Tiếng Anh, Tin học",DNT,Trường Đại Học Ngoại Ngữ Tin Học TPHCM,1ngành
X79; TH9,"Ngữ văn, Tiếng Anh, Tin học",DCD,Trường Đại Học Công Nghệ Đồng Nai,6ngành
X79; TH9,"Ngữ văn, Tiếng Anh, Tin học",DTZ,Trường Đại Học Khoa Học Thái Nguyên,20ngành
X79; TH9,"Ngữ văn, Tiếng Anh, Tin học",VUI,Trường Đại Học Công Nghiệp Việt Trì,3ngành
X79; TH9,"Ngữ văn, Tiếng Anh, Tin học",HPU,Trường Đại học Quản lý và Công nghệ Hải Phòng,2ngành
X79; TH9,"Ngữ văn, Tiếng Anh, Tin học",DSG,Trường Đại Học Công Nghệ Sài Gòn,9ngành
X79; TH9,"Ngữ văn, Tiếng Anh, Tin học",TTB,Trường Đại Học Tây Bắc,2ngành
X79; TH9,"Ngữ văn, Tiếng Anh, Tin học",TDL,Trường Đại Học Đà Lạt,4ngành
K01,"Toán, Văn, Lý/Hóa/Sinh/Tin",HHK,Học Viện Hàng không Việt Nam,33ngành
K01,"Toán, Văn, Lý/Hóa/Sinh/Tin",SGD,Trường Đại Học Sài Gòn,28ngành
K01,"Toán, Văn, Lý/Hóa/Sinh/Tin",SP2,Trường Đại Học Sư Phạm Hà Nội 2,1ngành
K01,"Toán, Văn, Lý/Hóa/Sinh/Tin",DQU,Trường Đại Học Quảng Nam,2ngành
K01,"Toán, Văn, Lý/Hóa/Sinh/Tin",SKH,Trường Đại Học Sư Phạm Kỹ Thuật Hưng Yên,23ngành
K01,"Toán, Văn, Lý/Hóa/Sinh/Tin",MBS,Trường Đại Học Mở TPHCM,3ngành
K01,"Toán, Văn, Lý/Hóa/Sinh/Tin",UKH,Trường Đại học Khánh Hòa,4ngành
K01,"Toán, Văn, Lý/Hóa/Sinh/Tin",CMC,Trường Đại Học CMC,18ngành
K01,"Toán, Văn, Lý/Hóa/Sinh/Tin",DTC,Trường Đại học Công Nghệ Thông Tin và Truyền Thông Thái Nguyên,27ngành
K01,"Toán, Văn, Lý/Hóa/Sinh/Tin",DDN,Trường Đại Học Đại Nam,52ngành
K01,"Toán, Văn, Lý/Hóa/Sinh/Tin",DYD,Trường Đại Học Yersin Đà Lạt,4ngành
K01,"Toán, Văn, Lý/Hóa/Sinh/Tin",DTV,Trường Đại Học Lương Thế Vinh,2ngành
K01,"Toán, Văn, Lý/Hóa/Sinh/Tin",BVU,Trường Đại Học Bà Rịa – Vũng Tàu,15ngành
K01,"Toán, Văn, Lý/Hóa/Sinh/Tin",DSG,Trường Đại Học Công Nghệ Sài Gòn,23ngành
K01,"Toán, Văn, Lý/Hóa/Sinh/Tin",DNB,Trường Đại Học Hoa Lư,1ngành
X04; TH8; K22; E01,"Toán, Ngữ văn, Công nghệ nông nghiệp",ANH,Học Viện An Ninh Nhân Dân,2ngành
X04; TH8; K22; E01,"Toán, Ngữ văn, Công nghệ nông nghiệp",DKK,Trường Đại Học Kinh Tế Kỹ Thuật Công Nghiệp,1ngành
X04; TH8; K22; E01,"Toán, Ngữ văn, Công nghệ nông nghiệp",HHK,Học Viện Hàng không Việt Nam,33ngành
X04; TH8; K22; E01,"Toán, Ngữ văn, Công nghệ nông nghiệp",HVN,Học Viện Nông Nghiệp Việt Nam,12ngành
X04; TH8; K22; E01,"Toán, Ngữ văn, Công nghệ nông nghiệp",DTS,Đại Học Sư Phạm Thái Nguyên,1ngành
X04; TH8; K22; E01,"Toán, Ngữ văn, Công nghệ nông nghiệp",SGD,Trường Đại Học Sài Gòn,31ngành
X04; TH8; K22; E01,"Toán, Ngữ văn, Công nghệ nông nghiệp",DDS,Trường Đại Học Sư Phạm - Đại Học Đà Nẵng,2ngành
X04; TH8; K22; E01,"Toán, Ngữ văn, Công nghệ nông nghiệp",KTA,Trường Đại Học Kiến Trúc Hà Nội,18ngành
X04; TH8; K22; E01,"Toán, Ngữ văn, Công nghệ nông nghiệp",SPD,Trường Đại Học Đồng Tháp,2ngành
X04; TH8; K22; E01,"Toán, Ngữ văn, Công nghệ nông nghiệp",HLU,Trường Đại Học Hạ Long,1ngành
X04; TH8; K22; E01,"Toán, Ngữ văn, Công nghệ nông nghiệp",DQB,Trường Đại Học Quảng Bình,2ngành
X04; TH8; K22; E01,"Toán, Ngữ văn, Công nghệ nông nghiệp",DMT,Trường Đại học Tài Nguyên và Môi Trường Hà Nội,20ngành
X04; TH8; K22; E01,"Toán, Ngữ văn, Công nghệ nông nghiệp",DBL,Trường Đại Học Bạc Liêu,4ngành
X04; TH8; K22; E01,"Toán, Ngữ văn, Công nghệ nông nghiệp",NLS,Trường Đại Học Nông Lâm TPHCM,5ngành
X04; TH8; K22; E01,"Toán, Ngữ văn, Công nghệ nông nghiệp",SKH,Trường Đại Học Sư Phạm Kỹ Thuật Hưng Yên,23ngành
X04; TH8; K22; E01,"Toán, Ngữ văn, Công nghệ nông nghiệp",MBS,Trường Đại Học Mở TPHCM,1ngành
X04; TH8; K22; E01,"Toán, Ngữ văn, Công nghệ nông nghiệp",VLU,Trường Đại học Công nghệ kỹ thuật Vĩnh Long,6ngành
X04; TH8; K22; E01,"Toán, Ngữ văn, Công nghệ nông nghiệp",CMC,Trường Đại Học CMC,18ngành
X04; TH8; K22; E01,"Toán, Ngữ văn, Công nghệ nông nghiệp",DTC,Trường Đại học Công Nghệ Thông Tin và Truyền Thông Thái Nguyên,26ngành
X04; TH8; K22; E01,"Toán, Ngữ văn, Công nghệ nông nghiệp",DCL,Trường Đại Học Cửu Long,2ngành
X04; TH8; K22; E01,"Toán, Ngữ văn, Công nghệ nông nghiệp",DDN,Trường Đại Học Đại Nam,47ngành
X04; TH8; K22; E01,"Toán, Ngữ văn, Công nghệ nông nghiệp",VGU,Trường Đại Học Việt Đức,5ngành
X04; TH8; K22; E01,"Toán, Ngữ văn, Công nghệ nông nghiệp",SDU,Trường Đại học Sao Đỏ,16ngành
X04; TH8; K22; E01,"Toán, Ngữ văn, Công nghệ nông nghiệp",NLN,Phân hiệu Đại học Nông Lâm TPHCM tại Ninh Thuận,1ngành
X04; TH8; K22; E01,"Toán, Ngữ văn, Công nghệ nông nghiệp",DKC,Trường Đại học Công Nghệ TPHCM,18ngành
X04; TH8; K22; E01,"Toán, Ngữ văn, Công nghệ nông nghiệp",DLH,Trường Đại Học Lạc Hồng,13ngành
X04; TH8; K22; E01,"Toán, Ngữ văn, Công nghệ nông nghiệp",BVU,Trường Đại Học Bà Rịa – Vũng Tàu,34ngành
X04; TH8; K22; E01,"Toán, Ngữ văn, Công nghệ nông nghiệp",TTG,Trường Đại Học Tiền Giang,11ngành
X04; TH8; K22; E01,"Toán, Ngữ văn, Công nghệ nông nghiệp",LNH,Trường Đại Học Lâm nghiệp,14ngành
X04; TH8; K22; E01,"Toán, Ngữ văn, Công nghệ nông nghiệp",HSU,Trường Đại Học Hoa Sen,33ngành
X04; TH8; K22; E01,"Toán, Ngữ văn, Công nghệ nông nghiệp",DCD,Trường Đại Học Công Nghệ Đồng Nai,2ngành
X04; TH8; K22; E01,"Toán, Ngữ văn, Công nghệ nông nghiệp",LNS,Phân hiệu Đại Học Lâm nghiệp tại Đồng Nai,7ngành
X04; TH8; K22; E01,"Toán, Ngữ văn, Công nghệ nông nghiệp",DTM,Trường Đại học Tài Nguyên và Môi Trường TPHCM,7ngành
X04; TH8; K22; E01,"Toán, Ngữ văn, Công nghệ nông nghiệp",DHL,Trường Đại Học Nông Lâm Huế,16ngành
X04; TH8; K22; E01,"Toán, Ngữ văn, Công nghệ nông nghiệp",DCQ,Trường Đại Học Công Nghệ và Quản Lý Hữu Nghị,1ngành
X04; TH8; K22; E01,"Toán, Ngữ văn, Công nghệ nông nghiệp",LNA,Phân hiệu Đại học Lâm nghiệp tỉnh Gia Lai,2ngành
X04; TH8; K22; E01,"Toán, Ngữ văn, Công nghệ nông nghiệp",DSG,Trường Đại Học Công Nghệ Sài Gòn,23ngành
X04; TH8; K22; E01,"Toán, Ngữ văn, Công nghệ nông nghiệp",TTB,Trường Đại Học Tây Bắc,1ngành
X71; TH11,"Ngữ văn, Lịch sử, Tin học",HHK,Học Viện Hàng không Việt Nam,18ngành
X71; TH11,"Ngữ văn, Lịch sử, Tin học",TDM,Trường Đại học Thủ Dầu Một,1ngành
X71; TH11,"Ngữ văn, Lịch sử, Tin học",SGD,Trường Đại Học Sài Gòn,9ngành
X71; TH11,"Ngữ văn, Lịch sử, Tin học",LDA,Trường Đại Học Công Đoàn,5ngành
X71; TH11,"Ngữ văn, Lịch sử, Tin học",TTN,Trường Đại Học Tây Nguyên,4ngành
X71; TH11,"Ngữ văn, Lịch sử, Tin học",DVT,Đại Học Trà Vinh,2ngành
X71; TH11,"Ngữ văn, Lịch sử, Tin học",VLU,Trường Đại học Công nghệ kỹ thuật Vĩnh Long,1ngành
X71; TH11,"Ngữ văn, Lịch sử, Tin học",UKH,Trường Đại học Khánh Hòa,1ngành
X71; TH11,"Ngữ văn, Lịch sử, Tin học",CMC,Trường Đại Học CMC,13ngành
X71; TH11,"Ngữ văn, Lịch sử, Tin học",DNC,Trường Đại học Nam Cần Thơ,5ngành
X71; TH11,"Ngữ văn, Lịch sử, Tin học",HIU,Trường Đại Học Quốc Tế Hồng Bàng,6ngành
X71; TH11,"Ngữ văn, Lịch sử, Tin học",DDN,Trường Đại Học Đại Nam,43ngành
X71; TH11,"Ngữ văn, Lịch sử, Tin học",DTV,Trường Đại Học Lương Thế Vinh,2ngành
X71; TH11,"Ngữ văn, Lịch sử, Tin học",MIT,Trường Đại học Công nghệ Miền Đông,17ngành
X71; TH11,"Ngữ văn, Lịch sử, Tin học",LNH,Trường Đại Học Lâm nghiệp,1ngành
X71; TH11,"Ngữ văn, Lịch sử, Tin học",DTZ,Trường Đại Học Khoa Học Thái Nguyên,17ngành
X71; TH11,"Ngữ văn, Lịch sử, Tin học",DSG,Trường Đại Học Công Nghệ Sài Gòn,9ngành
X71; TH11,"Ngữ văn, Lịch sử, Tin học",TTB,Trường Đại Học Tây Bắc,2ngành
X71; TH11,"Ngữ văn, Lịch sử, Tin học",TDL,Trường Đại Học Đà Lạt,7ngành
Q00,"Tư duy định lượng, Tư duy định tính, Khoa học/ Tiếng Anh",KHA,Đại Học Kinh Tế Quốc Dân,104ngành
Q00,"Tư duy định lượng, Tư duy định tính, Khoa học/ Tiếng Anh",BVH,Học Viện Công Nghệ Bưu Chính Viễn Thông,39ngành
Q00,"Tư duy định lượng, Tư duy định tính, Khoa học/ Tiếng Anh",TMU,Trường Đại Học Thương Mại,51ngành
Q00,"Tư duy định lượng, Tư duy định tính, Khoa học/ Tiếng Anh",GHA,Trường Đại Học Giao Thông Vận Tải,43ngành
Q00,"Tư duy định lượng, Tư duy định tính, Khoa học/ Tiếng Anh",HPN,Học Viện Phụ Nữ Việt Nam,19ngành
Q00,"Tư duy định lượng, Tư duy định tính, Khoa học/ Tiếng Anh",DKY,Trường Đại Học Kỹ Thuật Y Tế Hải Dương,5ngành
Q00,"Tư duy định lượng, Tư duy định tính, Khoa học/ Tiếng Anh",DKK,Trường Đại Học Kinh Tế Kỹ Thuật Công Nghiệp,49ngành
Q00,"Tư duy định lượng, Tư duy định tính, Khoa học/ Tiếng Anh",LAH,Trường Sĩ Quan Lục Quân 1 - Đại học Trần Quốc Tuấn,1ngành
Q00,"Tư duy định lượng, Tư duy định tính, Khoa học/ Tiếng Anh",HQH,Học Viện Hải Quân,2ngành
Q00,"Tư duy định lượng, Tư duy định tính, Khoa học/ Tiếng Anh",PKA,Đại Học Phenikaa,84ngành
Q00,"Tư duy định lượng, Tư duy định tính, Khoa học/ Tiếng Anh",PKH,Học Viện Phòng Không – Không Quân,2ngành
Q00,"Tư duy định lượng, Tư duy định tính, Khoa học/ Tiếng Anh",TTH,Trường Sĩ Quan Thông Tin - Hệ Quân sự - Đại Học Thông Tin Liên Lạc,2ngành
Q00,"Tư duy định lượng, Tư duy định tính, Khoa học/ Tiếng Anh",YTC,Trường Đại Học Y Tế Công Cộng,1ngành
Q00,"Tư duy định lượng, Tư duy định tính, Khoa học/ Tiếng Anh",DTL,Trường Đại Học Thăng Long,23ngành
Q00,"Tư duy định lượng, Tư duy định tính, Khoa học/ Tiếng Anh",QHF,Trường Đại Học Ngoại Ngữ - ĐH Quốc gia Hà Nội,16ngành
Q00,"Tư duy định lượng, Tư duy định tính, Khoa học/ Tiếng Anh",QHE,Trường Đại Học Kinh Tế - ĐHQG Hà Nội,8ngành
Q00,"Tư duy định lượng, Tư duy định tính, Khoa học/ Tiếng Anh",LCH,Trường Sĩ Quan Chính Trị - Đại Học Chính Trị,2ngành
Q00,"Tư duy định lượng, Tư duy định tính, Khoa học/ Tiếng Anh",DKS,Trường Đại học Kiểm Sát,7ngành
Q00,"Tư duy định lượng, Tư duy định tính, Khoa học/ Tiếng Anh",BPH,Học Viện Biên Phòng,5ngành
Q00,"Tư duy định lượng, Tư duy định tính, Khoa học/ Tiếng Anh",QHL,Trường Đại học Luật – ĐHQG Hà Nội,3ngành
Q00,"Tư duy định lượng, Tư duy định tính, Khoa học/ Tiếng Anh",NQH,Học Viện Khoa Học Quân Sự - Hệ Quân sự,6ngành
Q00,"Tư duy định lượng, Tư duy định tính, Khoa học/ Tiếng Anh",NTS,Trường Đại học Ngoại thương (Cơ sở II),4ngành
Q00,"Tư duy định lượng, Tư duy định tính, Khoa học/ Tiếng Anh",HEH,Học Viện Hậu Cần - Hệ Quân sự,2ngành
Q00,"Tư duy định lượng, Tư duy định tính, Khoa học/ Tiếng Anh",QHY,Trường Đại học Y Dược - ĐHQG Hà Nội,6ngành
Q00,"Tư duy định lượng, Tư duy định tính, Khoa học/ Tiếng Anh",TSN,Trường Đại Học Nha Trang,52ngành
Q00,"Tư duy định lượng, Tư duy định tính, Khoa học/ Tiếng Anh",BVS,Học Viện Công Nghệ Bưu Chính Viễn Thông (Cơ sở TP.HCM),18ngành
Q00,"Tư duy định lượng, Tư duy định tính, Khoa học/ Tiếng Anh",DTY,Trường Đại Học Y Dược Thái Nguyên,9ngành
Q00,"Tư duy định lượng, Tư duy định tính, Khoa học/ Tiếng Anh",DHY,Trường Đại Học Y Dược Huế,6ngành
Q00,"Tư duy định lượng, Tư duy định tính, Khoa học/ Tiếng Anh",THP,Trường Đại Học Hải Phòng,33ngành
Q00,"Tư duy định lượng, Tư duy định tính, Khoa học/ Tiếng Anh",HCP,Học Viện Chính Sách và Phát Triển,25ngành
Q00,"Tư duy định lượng, Tư duy định tính, Khoa học/ Tiếng Anh",MHN,Trường Đại Học Mở Hà Nội,10ngành
Q00,"Tư duy định lượng, Tư duy định tính, Khoa học/ Tiếng Anh",HHA,Trường Đại Học Hàng Hải Việt Nam,55ngành
Q00,"Tư duy định lượng, Tư duy định tính, Khoa học/ Tiếng Anh",HCH,Học Viện Hành Chính và Quản trị công,41ngành
Q00,"Tư duy định lượng, Tư duy định tính, Khoa học/ Tiếng Anh",QHK,Trường Khoa học liên ngành và Nghệ thuật Hà Nội,6ngành
Q00,"Tư duy định lượng, Tư duy định tính, Khoa học/ Tiếng Anh",HHT,Trường Đại Học Hà Tĩnh,2ngành
Q00,"Tư duy định lượng, Tư duy định tính, Khoa học/ Tiếng Anh",DMT,Trường Đại học Tài Nguyên và Môi Trường Hà Nội,20ngành
Q00,"Tư duy định lượng, Tư duy định tính, Khoa học/ Tiếng Anh",DLX,Trường Đại Học Lao Động – Xã Hội,28ngành
Q00,"Tư duy định lượng, Tư duy định tính, Khoa học/ Tiếng Anh",DLS,Trường Đại Học Lao Động – Xã Hội (Cơ sở II),14ngành
Q00,"Tư duy định lượng, Tư duy định tính, Khoa học/ Tiếng Anh",QHQ,Trường Quốc Tế  - ĐHQG Hà Nội,15ngành
Q00,"Tư duy định lượng, Tư duy định tính, Khoa học/ Tiếng Anh",DCV,Trường Đại học Công nghiệp Vinh,3ngành
Q00,"Tư duy định lượng, Tư duy định tính, Khoa học/ Tiếng Anh",SKH,Trường Đại Học Sư Phạm Kỹ Thuật Hưng Yên,23ngành
Q00,"Tư duy định lượng, Tư duy định tính, Khoa học/ Tiếng Anh",FBU,Trường Đại Học Tài Chính Ngân Hàng Hà Nội,12ngành
Q00,"Tư duy định lượng, Tư duy định tính, Khoa học/ Tiếng Anh",GTA,Trường Đại học Công nghệ Giao thông vận tải,73ngành
Q00,"Tư duy định lượng, Tư duy định tính, Khoa học/ Tiếng Anh",MDA,Trường Đại Học Mỏ Địa Chất,47ngành
Q00,"Tư duy định lượng, Tư duy định tính, Khoa học/ Tiếng Anh",DPD,Trường Đại Học Phương Đông,26ngành
Q00,"Tư duy định lượng, Tư duy định tính, Khoa học/ Tiếng Anh",DQK,Trường Đại Học Kinh Doanh và Công Nghệ Hà Nội,20ngành
Q00,"Tư duy định lượng, Tư duy định tính, Khoa học/ Tiếng Anh",NHB,Học Viện Ngân Hàng (Phân Viện Bắc Ninh),4ngành
Q00,"Tư duy định lượng, Tư duy định tính, Khoa học/ Tiếng Anh",NTT,Trường Đại Học Nguyễn Tất Thành,63ngành
Q00,"Tư duy định lượng, Tư duy định tính, Khoa học/ Tiếng Anh",KGH,Trường Sĩ Quan Không Quân - Hệ Đại học,3ngành
Q00,"Tư duy định lượng, Tư duy định tính, Khoa học/ Tiếng Anh",HGH,Trường Sĩ Quan Phòng Hóa,2ngành
Q00,"Tư duy định lượng, Tư duy định tính, Khoa học/ Tiếng Anh",TGH,Trường Sĩ Quan Tăng - Thiết Giáp,2ngành
Q00,"Tư duy định lượng, Tư duy định tính, Khoa học/ Tiếng Anh",DVL,Trường Đại Học Văn Lang,54ngành
Q00,"Tư duy định lượng, Tư duy định tính, Khoa học/ Tiếng Anh",DPC,Trường Đại Học Phan Châu Trinh,7ngành
Q00,"Tư duy định lượng, Tư duy định tính, Khoa học/ Tiếng Anh",UKB,Trường Đại Học Kinh Bắc,8ngành
Q00,"Tư duy định lượng, Tư duy định tính, Khoa học/ Tiếng Anh",SNH,Trường Sĩ Quan Công Binh - Hệ Quân sự - Đại học Ngô Quyền,2ngành
Q00,"Tư duy định lượng, Tư duy định tính, Khoa học/ Tiếng Anh",DCH,Trường Sĩ Quan Đặc Công,2ngành
Q00,"Tư duy định lượng, Tư duy định tính, Khoa học/ Tiếng Anh",PBH,Trường Sĩ Quan Pháo Binh,2ngành
Q00,"Tư duy định lượng, Tư duy định tính, Khoa học/ Tiếng Anh",QHD,Trường Quản Trị và Kinh Doanh - ĐHQG Hà Nội,6ngành
Q00,"Tư duy định lượng, Tư duy định tính, Khoa học/ Tiếng Anh",SDU,Trường Đại học Sao Đỏ,21ngành
Q00,"Tư duy định lượng, Tư duy định tính, Khoa học/ Tiếng Anh",DDU,Trường Đại Học Đông Đô,16ngành
Q00,"Tư duy định lượng, Tư duy định tính, Khoa học/ Tiếng Anh",PVU,Trường Đại Học Dầu Khí Việt Nam,3ngành
Q00,"Tư duy định lượng, Tư duy định tính, Khoa học/ Tiếng Anh",SKV,Trường Đại Học Sư Phạm Kỹ Thuật Vinh,16ngành
Q00,"Tư duy định lượng, Tư duy định tính, Khoa học/ Tiếng Anh",LNH,Trường Đại Học Lâm nghiệp,28ngành
Q00,"Tư duy định lượng, Tư duy định tính, Khoa học/ Tiếng Anh",HSU,Trường Đại Học Hoa Sen,30ngành
Q00,"Tư duy định lượng, Tư duy định tính, Khoa học/ Tiếng Anh",DVP,Trường Đại Học Trưng Vương,16ngành
Q00,"Tư duy định lượng, Tư duy định tính, Khoa học/ Tiếng Anh",YDD,Trường Đại Học Điều Dưỡng Nam Định,3ngành
Q00,"Tư duy định lượng, Tư duy định tính, Khoa học/ Tiếng Anh",THU,Trường Đại học Y khoa Tokyo Việt Nam,4ngành
Q00,"Tư duy định lượng, Tư duy định tính, Khoa học/ Tiếng Anh",DTB,Trường Đại Học Thái Bình,18ngành
Q00,"Tư duy định lượng, Tư duy định tính, Khoa học/ Tiếng Anh",DHT,Trường Đại Học Khoa Học Huế,24ngành
Q00,"Tư duy định lượng, Tư duy định tính, Khoa học/ Tiếng Anh",HDT,Trường Đại Học Hồng Đức,36ngành
Q00,"Tư duy định lượng, Tư duy định tính, Khoa học/ Tiếng Anh",CCM,Trường Đại học Công nghiệp và Thương mại Hà Nội,11ngành
Q00,"Tư duy định lượng, Tư duy định tính, Khoa học/ Tiếng Anh",VUI,Trường Đại Học Công Nghiệp Việt Trì,17ngành
Q00,"Tư duy định lượng, Tư duy định tính, Khoa học/ Tiếng Anh",DTQ,Khoa Quốc Tế - Đại Học Thái Nguyên,9ngành
Q00,"Tư duy định lượng, Tư duy định tính, Khoa học/ Tiếng Anh",DCA,Trường Đại học Intracom,3ngành
Q00,"Tư duy định lượng, Tư duy định tính, Khoa học/ Tiếng Anh",SKN,Trường Đại Học Sư Phạm Kỹ Thuật Nam Định,16ngành
Q00,"Tư duy định lượng, Tư duy định tính, Khoa học/ Tiếng Anh",VHD,Trường Đại Học Công Nghiệp Việt - Hung,21ngành
Q00,"Tư duy định lượng, Tư duy định tính, Khoa học/ Tiếng Anh",NHP,Học Viện Ngân Hàng (Phân Viện Phú Yên),5ngành
Q00,"Tư duy định lượng, Tư duy định tính, Khoa học/ Tiếng Anh",GDU,Trường Đại Học Gia Định,29ngành
Q00,"Tư duy định lượng, Tư duy định tính, Khoa học/ Tiếng Anh",TDL,Trường Đại Học Đà Lạt,41ngành
Q00,"Tư duy định lượng, Tư duy định tính, Khoa học/ Tiếng Anh",DVD,"Trường Đại Học Văn Hóa, Thể Thao Và Du Lịch Thanh Hóa",22ngành
Q00,"Tư duy định lượng, Tư duy định tính, Khoa học/ Tiếng Anh",DTG,Phân hiệu Đại học Thái Nguyên tại Hà Giang,4ngành
Q00,"Tư duy định lượng, Tư duy định tính, Khoa học/ Tiếng Anh",VPH,Trường Sĩ Quan Kĩ Thuật Quân Sự -  Hệ Quân sự - Đại Học Trần Đại Nghĩa,2ngành
Q00,"Tư duy định lượng, Tư duy định tính, Khoa học/ Tiếng Anh",BMU,Trường Đại học Y Dược Buôn Ma Thuột,7ngành
Q00,"Tư duy định lượng, Tư duy định tính, Khoa học/ Tiếng Anh",TCU,Trường Sĩ Quan Thông Tin - Hệ Dân Sự - Đại Học Thông Tin Liên Lạc,2ngành
Q00,"Tư duy định lượng, Tư duy định tính, Khoa học/ Tiếng Anh",HFH,Học Viện Hậu Cần - Hệ Dân sự,3ngành
X53,"Toán, GDKTPL, Tin học",HHK,Học Viện Hàng không Việt Nam,33ngành
X53,"Toán, GDKTPL, Tin học",PKA,Đại Học Phenikaa,1ngành
X53,"Toán, GDKTPL, Tin học",SGD,Trường Đại Học Sài Gòn,20ngành
X53,"Toán, GDKTPL, Tin học",THV,Trường Đại Học Hùng Vương,4ngành
X53,"Toán, GDKTPL, Tin học",DVT,Đại Học Trà Vinh,3ngành
X53,"Toán, GDKTPL, Tin học",VLU,Trường Đại học Công nghệ kỹ thuật Vĩnh Long,5ngành
X53,"Toán, GDKTPL, Tin học",CMC,Trường Đại Học CMC,18ngành
X53,"Toán, GDKTPL, Tin học",DTC,Trường Đại học Công Nghệ Thông Tin và Truyền Thông Thái Nguyên,26ngành
X53,"Toán, GDKTPL, Tin học",DDN,Trường Đại Học Đại Nam,47ngành
X53,"Toán, GDKTPL, Tin học",DTV,Trường Đại Học Lương Thế Vinh,2ngành
X53,"Toán, GDKTPL, Tin học",DTZ,Trường Đại Học Khoa Học Thái Nguyên,24ngành
X53,"Toán, GDKTPL, Tin học",DCQ,Trường Đại Học Công Nghệ và Quản Lý Hữu Nghị,8ngành
X53,"Toán, GDKTPL, Tin học",DSG,Trường Đại Học Công Nghệ Sài Gòn,23ngành
X53,"Toán, GDKTPL, Tin học",TDL,Trường Đại Học Đà Lạt,2ngành
D96,"Toán, Khoa học xã hội, Tiếng Anh",HHK,Học Viện Hàng không Việt Nam,33ngành
D96,"Toán, Khoa học xã hội, Tiếng Anh",SGD,Trường Đại Học Sài Gòn,20ngành
D96,"Toán, Khoa học xã hội, Tiếng Anh",VLU,Trường Đại học Công nghệ kỹ thuật Vĩnh Long,1ngành
D96,"Toán, Khoa học xã hội, Tiếng Anh",CMC,Trường Đại Học CMC,18ngành
D96,"Toán, Khoa học xã hội, Tiếng Anh",DTC,Trường Đại học Công Nghệ Thông Tin và Truyền Thông Thái Nguyên,26ngành
D96,"Toán, Khoa học xã hội, Tiếng Anh",DDN,Trường Đại Học Đại Nam,47ngành
D96,"Toán, Khoa học xã hội, Tiếng Anh",DSG,Trường Đại Học Công Nghệ Sài Gòn,23ngành
D96,"Toán, Khoa học xã hội, Tiếng Anh",TDL,Trường Đại Học Đà Lạt,4ngành
AH3,"Toán, Vật lí, Tiếng Hàn",HHK,Học Viện Hàng không Việt Nam,34ngành
AH3,"Toán, Vật lí, Tiếng Hàn",SGD,Trường Đại Học Sài Gòn,20ngành
AH3,"Toán, Vật lí, Tiếng Hàn",CMC,Trường Đại Học CMC,18ngành
AH3,"Toán, Vật lí, Tiếng Hàn",DTC,Trường Đại học Công Nghệ Thông Tin và Truyền Thông Thái Nguyên,27ngành
AH3,"Toán, Vật lí, Tiếng Hàn",DDN,Trường Đại Học Đại Nam,52ngành
AH3,"Toán, Vật lí, Tiếng Hàn",VGU,Trường Đại Học Việt Đức,12ngành
AH3,"Toán, Vật lí, Tiếng Hàn",DKC,Trường Đại học Công Nghệ TPHCM,4ngành
AH3,"Toán, Vật lí, Tiếng Hàn",BVU,Trường Đại Học Bà Rịa – Vũng Tàu,30ngành
AH3,"Toán, Vật lí, Tiếng Hàn",DVP,Trường Đại Học Trưng Vương,1ngành
AH3,"Toán, Vật lí, Tiếng Hàn",UMT,Trường Đại học Quản lý và công nghệ TPHCM,10ngành
AH3,"Toán, Vật lí, Tiếng Hàn",DSG,Trường Đại Học Công Nghệ Sài Gòn,23ngành
AH3,"Toán, Vật lí, Tiếng Hàn",BMU,Trường Đại học Y Dược Buôn Ma Thuột,7ngành
DD2,"Ngữ văn, Toán, Tiếng Hàn",BKA,Đại Học Bách Khoa Hà Nội,1ngành
DD2,"Ngữ văn, Toán, Tiếng Hàn",SPS,Trường Đại Học Sư Phạm TPHCM,2ngành
DD2,"Ngữ văn, Toán, Tiếng Hàn",DCN,Đại Học Công Nghiệp Hà Nội,1ngành
DD2,"Ngữ văn, Toán, Tiếng Hàn",HHK,Học Viện Hàng không Việt Nam,34ngành
DD2,"Ngữ văn, Toán, Tiếng Hàn",PKA,Đại Học Phenikaa,1ngành
DD2,"Ngữ văn, Toán, Tiếng Hàn",NHF,Trường Đại Học Hà Nội,2ngành
DD2,"Ngữ văn, Toán, Tiếng Hàn",HQT,Học Viện Ngoại Giao,7ngành
DD2,"Ngữ văn, Toán, Tiếng Hàn",TDM,Trường Đại học Thủ Dầu Một,1ngành
DD2,"Ngữ văn, Toán, Tiếng Hàn",DTL,Trường Đại Học Thăng Long,1ngành
DD2,"Ngữ văn, Toán, Tiếng Hàn",QHX,Trường Đại Học Khoa Học Xã Hội và Nhân Văn Hà Nội,1ngành
DD2,"Ngữ văn, Toán, Tiếng Hàn",QHF,Trường Đại Học Ngoại Ngữ - ĐH Quốc gia Hà Nội,2ngành
DD2,"Ngữ văn, Toán, Tiếng Hàn",SGD,Trường Đại Học Sài Gòn,28ngành
DD2,"Ngữ văn, Toán, Tiếng Hàn",THP,Trường Đại Học Hải Phòng,1ngành
DD2,"Ngữ văn, Toán, Tiếng Hàn",DTF,Trường Ngoại Ngữ Thái Nguyên,3ngành
DD2,"Ngữ văn, Toán, Tiếng Hàn",HLU,Trường Đại Học Hạ Long,1ngành
DD2,"Ngữ văn, Toán, Tiếng Hàn",MBS,Trường Đại Học Mở TPHCM,1ngành
DD2,"Ngữ văn, Toán, Tiếng Hàn",DPD,Trường Đại Học Phương Đông,1ngành
DD2,"Ngữ văn, Toán, Tiếng Hàn",CMC,Trường Đại Học CMC,18ngành
DD2,"Ngữ văn, Toán, Tiếng Hàn",DTC,Trường Đại học Công Nghệ Thông Tin và Truyền Thông Thái Nguyên,26ngành
DD2,"Ngữ văn, Toán, Tiếng Hàn",HIU,Trường Đại Học Quốc Tế Hồng Bàng,1ngành
DD2,"Ngữ văn, Toán, Tiếng Hàn",TTU,Trường Đại học Tân Tạo,1ngành
DD2,"Ngữ văn, Toán, Tiếng Hàn",DVL,Trường Đại Học Văn Lang,1ngành
DD2,"Ngữ văn, Toán, Tiếng Hàn",DDN,Trường Đại Học Đại Nam,47ngành
DD2,"Ngữ văn, Toán, Tiếng Hàn",DKC,Trường Đại học Công Nghệ TPHCM,4ngành
DD2,"Ngữ văn, Toán, Tiếng Hàn",MIT,Trường Đại học Công nghệ Miền Đông,2ngành
DD2,"Ngữ văn, Toán, Tiếng Hàn",DNT,Trường Đại Học Ngoại Ngữ Tin Học TPHCM,2ngành
DD2,"Ngữ văn, Toán, Tiếng Hàn",DVP,Trường Đại Học Trưng Vương,1ngành
DD2,"Ngữ văn, Toán, Tiếng Hàn",DTZ,Trường Đại Học Khoa Học Thái Nguyên,1ngành
DD2,"Ngữ văn, Toán, Tiếng Hàn",NTU,Trường Đại Học Nguyễn Trãi,3ngành
DD2,"Ngữ văn, Toán, Tiếng Hàn",VUI,Trường Đại Học Công Nghiệp Việt Trì,3ngành
DD2,"Ngữ văn, Toán, Tiếng Hàn",TBD,Trường Đại Học Thái Bình Dương,12ngành
DD2,"Ngữ văn, Toán, Tiếng Hàn",DSG,Trường Đại Học Công Nghệ Sài Gòn,23ngành
AH2,"Toán, Hóa học, Tiếng Hàn",HHK,Học Viện Hàng không Việt Nam,34ngành
AH2,"Toán, Hóa học, Tiếng Hàn",SGD,Trường Đại Học Sài Gòn,21ngành
AH2,"Toán, Hóa học, Tiếng Hàn",CMC,Trường Đại Học CMC,19ngành
AH2,"Toán, Hóa học, Tiếng Hàn",DTC,Trường Đại học Công Nghệ Thông Tin và Truyền Thông Thái Nguyên,27ngành
AH2,"Toán, Hóa học, Tiếng Hàn",DDN,Trường Đại Học Đại Nam,52ngành
AH2,"Toán, Hóa học, Tiếng Hàn",VGU,Trường Đại Học Việt Đức,12ngành
AH2,"Toán, Hóa học, Tiếng Hàn",DVP,Trường Đại Học Trưng Vương,1ngành
AH2,"Toán, Hóa học, Tiếng Hàn",UMT,Trường Đại học Quản lý và công nghệ TPHCM,3ngành
AH2,"Toán, Hóa học, Tiếng Hàn",DSG,Trường Đại Học Công Nghệ Sài Gòn,23ngành
AH2,"Toán, Hóa học, Tiếng Hàn",BMU,Trường Đại học Y Dược Buôn Ma Thuột,7ngành
AH5,"Toán, Lịch sử, Tiếng Hàn",HHK,Học Viện Hàng không Việt Nam,33ngành
AH5,"Toán, Lịch sử, Tiếng Hàn",SGD,Trường Đại Học Sài Gòn,20ngành
AH5,"Toán, Lịch sử, Tiếng Hàn",CMC,Trường Đại Học CMC,18ngành
AH5,"Toán, Lịch sử, Tiếng Hàn",DTC,Trường Đại học Công Nghệ Thông Tin và Truyền Thông Thái Nguyên,26ngành
AH5,"Toán, Lịch sử, Tiếng Hàn",DDN,Trường Đại Học Đại Nam,47ngành
AH5,"Toán, Lịch sử, Tiếng Hàn",DTZ,Trường Đại Học Khoa Học Thái Nguyên,2ngành
AH5,"Toán, Lịch sử, Tiếng Hàn",DSG,Trường Đại Học Công Nghệ Sài Gòn,23ngành
D36,"Toán, Lịch sử, Tiếng Đức",HHK,Học Viện Hàng không Việt Nam,33ngành
D36,"Toán, Lịch sử, Tiếng Đức",SGD,Trường Đại Học Sài Gòn,20ngành
D36,"Toán, Lịch sử, Tiếng Đức",CMC,Trường Đại Học CMC,18ngành
D36,"Toán, Lịch sử, Tiếng Đức",DTC,Trường Đại học Công Nghệ Thông Tin và Truyền Thông Thái Nguyên,26ngành
D36,"Toán, Lịch sử, Tiếng Đức",DDN,Trường Đại Học Đại Nam,47ngành
D36,"Toán, Lịch sử, Tiếng Đức",DTV,Trường Đại Học Lương Thế Vinh,1ngành
D36,"Toán, Lịch sử, Tiếng Đức",DSG,Trường Đại Học Công Nghệ Sài Gòn,23ngành
D38,"Toán, Lịch sử, Tiếng Nhật",HHK,Học Viện Hàng không Việt Nam,33ngành
D38,"Toán, Lịch sử, Tiếng Nhật",SGD,Trường Đại Học Sài Gòn,20ngành
D38,"Toán, Lịch sử, Tiếng Nhật",LPS,Trường Đại Học Luật TPHCM,1ngành
D38,"Toán, Lịch sử, Tiếng Nhật",CMC,Trường Đại Học CMC,18ngành
D38,"Toán, Lịch sử, Tiếng Nhật",DTC,Trường Đại học Công Nghệ Thông Tin và Truyền Thông Thái Nguyên,26ngành
D38,"Toán, Lịch sử, Tiếng Nhật",DDN,Trường Đại Học Đại Nam,47ngành
D38,"Toán, Lịch sử, Tiếng Nhật",DTV,Trường Đại Học Lương Thế Vinh,1ngành
D38,"Toán, Lịch sử, Tiếng Nhật",BVU,Trường Đại Học Bà Rịa – Vũng Tàu,15ngành
D38,"Toán, Lịch sử, Tiếng Nhật",DSG,Trường Đại Học Công Nghệ Sài Gòn,23ngành
D40,"Toán, Lịch sử, Tiếng Trung",HHK,Học Viện Hàng không Việt Nam,34ngành
D40,"Toán, Lịch sử, Tiếng Trung",SGD,Trường Đại Học Sài Gòn,20ngành
D40,"Toán, Lịch sử, Tiếng Trung",LPS,Trường Đại Học Luật TPHCM,2ngành
D40,"Toán, Lịch sử, Tiếng Trung",SKH,Trường Đại Học Sư Phạm Kỹ Thuật Hưng Yên,1ngành
D40,"Toán, Lịch sử, Tiếng Trung",CMC,Trường Đại Học CMC,18ngành
D40,"Toán, Lịch sử, Tiếng Trung",DTC,Trường Đại học Công Nghệ Thông Tin và Truyền Thông Thái Nguyên,27ngành
D40,"Toán, Lịch sử, Tiếng Trung",DDN,Trường Đại Học Đại Nam,47ngành
D40,"Toán, Lịch sử, Tiếng Trung",DTV,Trường Đại Học Lương Thế Vinh,1ngành
D40,"Toán, Lịch sử, Tiếng Trung",BVU,Trường Đại Học Bà Rịa – Vũng Tàu,15ngành
D40,"Toán, Lịch sử, Tiếng Trung",DTZ,Trường Đại Học Khoa Học Thái Nguyên,3ngành
D40,"Toán, Lịch sử, Tiếng Trung",DDM,Trường Đại Học Công Nghiệp Quảng Ninh,12ngành
D40,"Toán, Lịch sử, Tiếng Trung",DSG,Trường Đại Học Công Nghệ Sài Gòn,23ngành
D37,"Toán, Lịch sử, Tiếng Nga",HHK,Học Viện Hàng không Việt Nam,33ngành
D37,"Toán, Lịch sử, Tiếng Nga",SGD,Trường Đại Học Sài Gòn,20ngành
D37,"Toán, Lịch sử, Tiếng Nga",CMC,Trường Đại Học CMC,18ngành
D37,"Toán, Lịch sử, Tiếng Nga",DTC,Trường Đại học Công Nghệ Thông Tin và Truyền Thông Thái Nguyên,26ngành
D37,"Toán, Lịch sử, Tiếng Nga",DDN,Trường Đại Học Đại Nam,47ngành
D37,"Toán, Lịch sử, Tiếng Nga",DTV,Trường Đại Học Lương Thế Vinh,1ngành
D37,"Toán, Lịch sử, Tiếng Nga",DSG,Trường Đại Học Công Nghệ Sài Gòn,23ngành
X86,"Ngữ văn, GDKTPL, Tiếng Pháp",HHK,Học Viện Hàng không Việt Nam,18ngành
X86,"Ngữ văn, GDKTPL, Tiếng Pháp",SGD,Trường Đại Học Sài Gòn,6ngành
X86,"Ngữ văn, GDKTPL, Tiếng Pháp",LPS,Trường Đại Học Luật TPHCM,1ngành
X86,"Ngữ văn, GDKTPL, Tiếng Pháp",MBS,Trường Đại Học Mở TPHCM,4ngành
X86,"Ngữ văn, GDKTPL, Tiếng Pháp",CMC,Trường Đại Học CMC,13ngành
X86,"Ngữ văn, GDKTPL, Tiếng Pháp",DDN,Trường Đại Học Đại Nam,43ngành
X86,"Ngữ văn, GDKTPL, Tiếng Pháp",DKC,Trường Đại học Công Nghệ TPHCM,4ngành
X86,"Ngữ văn, GDKTPL, Tiếng Pháp",DSG,Trường Đại Học Công Nghệ Sài Gòn,9ngành
V10,"Toán, Tiếng Pháp, Vẽ mỹ thuật",HHK,Học Viện Hàng không Việt Nam,33ngành
V10,"Toán, Tiếng Pháp, Vẽ mỹ thuật",SGD,Trường Đại Học Sài Gòn,20ngành
V10,"Toán, Tiếng Pháp, Vẽ mỹ thuật",XDA,Trường Đại Học Xây Dựng Hà Nội,1ngành
V10,"Toán, Tiếng Pháp, Vẽ mỹ thuật",CMC,Trường Đại Học CMC,18ngành
V10,"Toán, Tiếng Pháp, Vẽ mỹ thuật",DTC,Trường Đại học Công Nghệ Thông Tin và Truyền Thông Thái Nguyên,26ngành
V10,"Toán, Tiếng Pháp, Vẽ mỹ thuật",DDN,Trường Đại Học Đại Nam,47ngành
V10,"Toán, Tiếng Pháp, Vẽ mỹ thuật",UMT,Trường Đại học Quản lý và công nghệ TPHCM,1ngành
V10,"Toán, Tiếng Pháp, Vẽ mỹ thuật",DSG,Trường Đại Học Công Nghệ Sài Gòn,23ngành
M05,"Ngữ văn, Khoa học xã hội, Năng khiếu",HHK,Học Viện Hàng không Việt Nam,18ngành
M05,"Ngữ văn, Khoa học xã hội, Năng khiếu",TDM,Trường Đại học Thủ Dầu Một,1ngành
M05,"Ngữ văn, Khoa học xã hội, Năng khiếu",TCT,Đại Học Cần Thơ,1ngành
M05,"Ngữ văn, Khoa học xã hội, Năng khiếu",SGD,Trường Đại Học Sài Gòn,6ngành
M05,"Ngữ văn, Khoa học xã hội, Năng khiếu",SPD,Trường Đại Học Đồng Tháp,2ngành
M05,"Ngữ văn, Khoa học xã hội, Năng khiếu",DQB,Trường Đại Học Quảng Bình,1ngành
M05,"Ngữ văn, Khoa học xã hội, Năng khiếu",CMC,Trường Đại Học CMC,13ngành
M05,"Ngữ văn, Khoa học xã hội, Năng khiếu",DDN,Trường Đại Học Đại Nam,43ngành
M05,"Ngữ văn, Khoa học xã hội, Năng khiếu",HDT,Trường Đại Học Hồng Đức,1ngành
M05,"Ngữ văn, Khoa học xã hội, Năng khiếu",DSG,Trường Đại Học Công Nghệ Sài Gòn,9ngành
M05,"Ngữ văn, Khoa học xã hội, Năng khiếu",DVD,"Trường Đại Học Văn Hóa, Thể Thao Và Du Lịch Thanh Hóa",1ngành
M08,"Ngữ Văn, Năng Khiếu 1, Năng Khiếu 2",HHK,Học Viện Hàng không Việt Nam,18ngành
M08,"Ngữ Văn, Năng Khiếu 1, Năng Khiếu 2",SGD,Trường Đại Học Sài Gòn,6ngành
M08,"Ngữ Văn, Năng Khiếu 1, Năng Khiếu 2",CMC,Trường Đại Học CMC,13ngành
M08,"Ngữ Văn, Năng Khiếu 1, Năng Khiếu 2",DDN,Trường Đại Học Đại Nam,43ngành
M08,"Ngữ Văn, Năng Khiếu 1, Năng Khiếu 2",DSG,Trường Đại Học Công Nghệ Sài Gòn,9ngành
X45,"Toán, GDKTPL, Tiếng Nhật",HHK,Học Viện Hàng không Việt Nam,33ngành
X45,"Toán, GDKTPL, Tiếng Nhật",SGD,Trường Đại Học Sài Gòn,20ngành
X45,"Toán, GDKTPL, Tiếng Nhật",LPS,Trường Đại Học Luật TPHCM,1ngành
X45,"Toán, GDKTPL, Tiếng Nhật",CMC,Trường Đại Học CMC,18ngành
X45,"Toán, GDKTPL, Tiếng Nhật",DTC,Trường Đại học Công Nghệ Thông Tin và Truyền Thông Thái Nguyên,26ngành
X45,"Toán, GDKTPL, Tiếng Nhật",DDN,Trường Đại Học Đại Nam,47ngành
X45,"Toán, GDKTPL, Tiếng Nhật",VGU,Trường Đại Học Việt Đức,4ngành
X45,"Toán, GDKTPL, Tiếng Nhật",DKC,Trường Đại học Công Nghệ TPHCM,4ngành
X45,"Toán, GDKTPL, Tiếng Nhật",DSG,Trường Đại Học Công Nghệ Sài Gòn,23ngành
X45,"Toán, GDKTPL, Tiếng Nhật",DBG,Trường Đại học Nông Lâm Bắc Giang,4ngành
X33,"Toán, GDKTPL, Tiếng Pháp",HHK,Học Viện Hàng không Việt Nam,33ngành
X33,"Toán, GDKTPL, Tiếng Pháp",SGD,Trường Đại Học Sài Gòn,20ngành
X33,"Toán, GDKTPL, Tiếng Pháp",LPS,Trường Đại Học Luật TPHCM,1ngành
X33,"Toán, GDKTPL, Tiếng Pháp",CMC,Trường Đại Học CMC,18ngành
X33,"Toán, GDKTPL, Tiếng Pháp",DTC,Trường Đại học Công Nghệ Thông Tin và Truyền Thông Thái Nguyên,26ngành
X33,"Toán, GDKTPL, Tiếng Pháp",DDN,Trường Đại Học Đại Nam,47ngành
X33,"Toán, GDKTPL, Tiếng Pháp",VGU,Trường Đại Học Việt Đức,4ngành
X33,"Toán, GDKTPL, Tiếng Pháp",DKC,Trường Đại học Công Nghệ TPHCM,4ngành
X33,"Toán, GDKTPL, Tiếng Pháp",DSG,Trường Đại Học Công Nghệ Sài Gòn,23ngành
X33,"Toán, GDKTPL, Tiếng Pháp",DBG,Trường Đại học Nông Lâm Bắc Giang,4ngành
D48,"Ngữ văn, Hóa học, Tiếng Nhật",HHK,Học Viện Hàng không Việt Nam,18ngành
D48,"Ngữ văn, Hóa học, Tiếng Nhật",SGD,Trường Đại Học Sài Gòn,6ngành
D48,"Ngữ văn, Hóa học, Tiếng Nhật",LPS,Trường Đại Học Luật TPHCM,1ngành
D48,"Ngữ văn, Hóa học, Tiếng Nhật",MBS,Trường Đại Học Mở TPHCM,2ngành
D48,"Ngữ văn, Hóa học, Tiếng Nhật",CMC,Trường Đại Học CMC,13ngành
D48,"Ngữ văn, Hóa học, Tiếng Nhật",DDN,Trường Đại Học Đại Nam,43ngành
D48,"Ngữ văn, Hóa học, Tiếng Nhật",DSG,Trường Đại Học Công Nghệ Sài Gòn,9ngành
D49,"Ngữ văn, Hóa học, Tiếng Pháp",HHK,Học Viện Hàng không Việt Nam,18ngành
D49,"Ngữ văn, Hóa học, Tiếng Pháp",SGD,Trường Đại Học Sài Gòn,6ngành
D49,"Ngữ văn, Hóa học, Tiếng Pháp",LPS,Trường Đại Học Luật TPHCM,1ngành
D49,"Ngữ văn, Hóa học, Tiếng Pháp",CMC,Trường Đại Học CMC,13ngành
D49,"Ngữ văn, Hóa học, Tiếng Pháp",DDN,Trường Đại Học Đại Nam,43ngành
D49,"Ngữ văn, Hóa học, Tiếng Pháp",DSG,Trường Đại Học Công Nghệ Sài Gòn,9ngành
X36,"Toán, Công nghệ nông nghiệp, Tiếng Pháp",HHK,Học Viện Hàng không Việt Nam,33ngành
X36,"Toán, Công nghệ nông nghiệp, Tiếng Pháp",SGD,Trường Đại Học Sài Gòn,20ngành
X36,"Toán, Công nghệ nông nghiệp, Tiếng Pháp",CMC,Trường Đại Học CMC,18ngành
X36,"Toán, Công nghệ nông nghiệp, Tiếng Pháp",DTC,Trường Đại học Công Nghệ Thông Tin và Truyền Thông Thái Nguyên,26ngành
X36,"Toán, Công nghệ nông nghiệp, Tiếng Pháp",DDN,Trường Đại Học Đại Nam,47ngành
X36,"Toán, Công nghệ nông nghiệp, Tiếng Pháp",DSG,Trường Đại Học Công Nghệ Sài Gòn,23ngành
X38,"Toán, Tin học, Tiếng Trung",DTC,Trường Đại học Công Nghệ Thông Tin và Truyền Thông Thái Nguyên,1ngành
X38,"Toán, Tin học, Tiếng Trung",DTZ,Trường Đại Học Khoa Học Thái Nguyên,2ngành
D51,"Ngữ văn, Vật lí, Tiếng Đức",HHK,Học Viện Hàng không Việt Nam,18ngành
D51,"Ngữ văn, Vật lí, Tiếng Đức",SGD,Trường Đại Học Sài Gòn,6ngành
D51,"Ngữ văn, Vật lí, Tiếng Đức",CMC,Trường Đại Học CMC,13ngành
D51,"Ngữ văn, Vật lí, Tiếng Đức",DDN,Trường Đại Học Đại Nam,43ngành
D51,"Ngữ văn, Vật lí, Tiếng Đức",DSG,Trường Đại Học Công Nghệ Sài Gòn,9ngành
D52,"Ngữ văn, Vật lí, Tiếng Nga",HHK,Học Viện Hàng không Việt Nam,18ngành
D52,"Ngữ văn, Vật lí, Tiếng Nga",SGD,Trường Đại Học Sài Gòn,6ngành
D52,"Ngữ văn, Vật lí, Tiếng Nga",CMC,Trường Đại Học CMC,13ngành
D52,"Ngữ văn, Vật lí, Tiếng Nga",DDN,Trường Đại Học Đại Nam,43ngành
D52,"Ngữ văn, Vật lí, Tiếng Nga",DSG,Trường Đại Học Công Nghệ Sài Gòn,9ngành
D53,"Ngữ văn, Vật lí, Tiếng Nhật",HHK,Học Viện Hàng không Việt Nam,18ngành
D53,"Ngữ văn, Vật lí, Tiếng Nhật",PKA,Đại Học Phenikaa,6ngành
D53,"Ngữ văn, Vật lí, Tiếng Nhật",SGD,Trường Đại Học Sài Gòn,6ngành
D53,"Ngữ văn, Vật lí, Tiếng Nhật",LPS,Trường Đại Học Luật TPHCM,1ngành
D53,"Ngữ văn, Vật lí, Tiếng Nhật",MBS,Trường Đại Học Mở TPHCM,2ngành
D53,"Ngữ văn, Vật lí, Tiếng Nhật",CMC,Trường Đại Học CMC,13ngành
D53,"Ngữ văn, Vật lí, Tiếng Nhật",DDN,Trường Đại Học Đại Nam,43ngành
D53,"Ngữ văn, Vật lí, Tiếng Nhật",DKC,Trường Đại học Công Nghệ TPHCM,4ngành
D53,"Ngữ văn, Vật lí, Tiếng Nhật",VJU,Trường Đại học Việt Nhật - ĐHQG Hà Nội,1ngành
D53,"Ngữ văn, Vật lí, Tiếng Nhật",DSG,Trường Đại Học Công Nghệ Sài Gòn,9ngành
X39,"Toán, Công nghệ công nghiệp, Tiếng Trung",HHK,Học Viện Hàng không Việt Nam,33ngành
X39,"Toán, Công nghệ công nghiệp, Tiếng Trung",SGD,Trường Đại Học Sài Gòn,20ngành
X39,"Toán, Công nghệ công nghiệp, Tiếng Trung",CMC,Trường Đại Học CMC,18ngành
X39,"Toán, Công nghệ công nghiệp, Tiếng Trung",DTC,Trường Đại học Công Nghệ Thông Tin và Truyền Thông Thái Nguyên,27ngành
X39,"Toán, Công nghệ công nghiệp, Tiếng Trung",DDN,Trường Đại Học Đại Nam,47ngành
X39,"Toán, Công nghệ công nghiệp, Tiếng Trung",DSG,Trường Đại Học Công Nghệ Sài Gòn,23ngành
D56,"Ngữ văn, Sinh học, Tiếng Đức",HHK,Học Viện Hàng không Việt Nam,18ngành
D56,"Ngữ văn, Sinh học, Tiếng Đức",SGD,Trường Đại Học Sài Gòn,6ngành
D56,"Ngữ văn, Sinh học, Tiếng Đức",CMC,Trường Đại Học CMC,13ngành
D56,"Ngữ văn, Sinh học, Tiếng Đức",DDN,Trường Đại Học Đại Nam,43ngành
D56,"Ngữ văn, Sinh học, Tiếng Đức",DSG,Trường Đại Học Công Nghệ Sài Gòn,9ngành
X40,"Toán, Công nghệ nông nghiệp, Tiếng Trung",HHK,Học Viện Hàng không Việt Nam,33ngành
X40,"Toán, Công nghệ nông nghiệp, Tiếng Trung",SGD,Trường Đại Học Sài Gòn,20ngành
X40,"Toán, Công nghệ nông nghiệp, Tiếng Trung",CMC,Trường Đại Học CMC,18ngành
X40,"Toán, Công nghệ nông nghiệp, Tiếng Trung",DTC,Trường Đại học Công Nghệ Thông Tin và Truyền Thông Thái Nguyên,27ngành
X40,"Toán, Công nghệ nông nghiệp, Tiếng Trung",DDN,Trường Đại Học Đại Nam,47ngành
X40,"Toán, Công nghệ nông nghiệp, Tiếng Trung",DSG,Trường Đại Học Công Nghệ Sài Gòn,23ngành
D57,"Ngữ văn, Sinh học, Tiếng Nga",HHK,Học Viện Hàng không Việt Nam,18ngành
D57,"Ngữ văn, Sinh học, Tiếng Nga",SGD,Trường Đại Học Sài Gòn,6ngành
D57,"Ngữ văn, Sinh học, Tiếng Nga",CMC,Trường Đại Học CMC,13ngành
D57,"Ngữ văn, Sinh học, Tiếng Nga",DDN,Trường Đại Học Đại Nam,43ngành
D57,"Ngữ văn, Sinh học, Tiếng Nga",DSG,Trường Đại Học Công Nghệ Sài Gòn,9ngành
D58,"Ngữ văn, Sinh học, Tiếng Nhật",HHK,Học Viện Hàng không Việt Nam,18ngành
D58,"Ngữ văn, Sinh học, Tiếng Nhật",SGD,Trường Đại Học Sài Gòn,6ngành
D58,"Ngữ văn, Sinh học, Tiếng Nhật",MBS,Trường Đại Học Mở TPHCM,2ngành
D58,"Ngữ văn, Sinh học, Tiếng Nhật",CMC,Trường Đại Học CMC,13ngành
D58,"Ngữ văn, Sinh học, Tiếng Nhật",DDN,Trường Đại Học Đại Nam,43ngành
D58,"Ngữ văn, Sinh học, Tiếng Nhật",DSG,Trường Đại Học Công Nghệ Sài Gòn,9ngành
D59,"Ngữ văn, Sinh học, Tiếng Pháp",HHK,Học Viện Hàng không Việt Nam,18ngành
D59,"Ngữ văn, Sinh học, Tiếng Pháp",SGD,Trường Đại Học Sài Gòn,6ngành
D59,"Ngữ văn, Sinh học, Tiếng Pháp",CMC,Trường Đại Học CMC,13ngành
D59,"Ngữ văn, Sinh học, Tiếng Pháp",DDN,Trường Đại Học Đại Nam,43ngành
D59,"Ngữ văn, Sinh học, Tiếng Pháp",DSG,Trường Đại Học Công Nghệ Sài Gòn,9ngành
D60,"Ngữ văn, Sinh học, Tiếng Trung",HHK,Học Viện Hàng không Việt Nam,18ngành
D60,"Ngữ văn, Sinh học, Tiếng Trung",SGD,Trường Đại Học Sài Gòn,6ngành
D60,"Ngữ văn, Sinh học, Tiếng Trung",MBS,Trường Đại Học Mở TPHCM,2ngành
D60,"Ngữ văn, Sinh học, Tiếng Trung",CMC,Trường Đại Học CMC,13ngành
D60,"Ngữ văn, Sinh học, Tiếng Trung",DDN,Trường Đại Học Đại Nam,43ngành
D60,"Ngữ văn, Sinh học, Tiếng Trung",DTZ,Trường Đại Học Khoa Học Thái Nguyên,2ngành
D60,"Ngữ văn, Sinh học, Tiếng Trung",DSG,Trường Đại Học Công Nghệ Sài Gòn,9ngành
DH2,"Ngữ văn, Hóa học, Tiếng Hàn",MBS,Trường Đại Học Mở TPHCM,1ngành
DH3,"Ngữ văn, Vật lí, Tiếng Hàn",HHK,Học Viện Hàng không Việt Nam,19ngành
DH3,"Ngữ văn, Vật lí, Tiếng Hàn",SGD,Trường Đại Học Sài Gòn,6ngành
DH3,"Ngữ văn, Vật lí, Tiếng Hàn",MBS,Trường Đại Học Mở TPHCM,1ngành
DH3,"Ngữ văn, Vật lí, Tiếng Hàn",CMC,Trường Đại Học CMC,13ngành
DH3,"Ngữ văn, Vật lí, Tiếng Hàn",DDN,Trường Đại Học Đại Nam,43ngành
DH3,"Ngữ văn, Vật lí, Tiếng Hàn",DKC,Trường Đại học Công Nghệ TPHCM,4ngành
DH3,"Ngữ văn, Vật lí, Tiếng Hàn",UMT,Trường Đại học Quản lý và công nghệ TPHCM,10ngành
DH3,"Ngữ văn, Vật lí, Tiếng Hàn",DSG,Trường Đại Học Công Nghệ Sài Gòn,9ngành
DH4,"Ngữ văn, Sinh học, Tiếng Hàn",HHK,Học Viện Hàng không Việt Nam,19ngành
DH4,"Ngữ văn, Sinh học, Tiếng Hàn",SGD,Trường Đại Học Sài Gòn,6ngành
DH4,"Ngữ văn, Sinh học, Tiếng Hàn",MBS,Trường Đại Học Mở TPHCM,1ngành
DH4,"Ngữ văn, Sinh học, Tiếng Hàn",CMC,Trường Đại Học CMC,13ngành
DH4,"Ngữ văn, Sinh học, Tiếng Hàn",DDN,Trường Đại Học Đại Nam,43ngành
DH4,"Ngữ văn, Sinh học, Tiếng Hàn",DSG,Trường Đại Học Công Nghệ Sài Gòn,9ngành
X30,"Toán, Tin học, Tiếng Nga",HHK,Học Viện Hàng không Việt Nam,33ngành
X30,"Toán, Tin học, Tiếng Nga",SGD,Trường Đại Học Sài Gòn,20ngành
X30,"Toán, Tin học, Tiếng Nga",CMC,Trường Đại Học CMC,18ngành
X30,"Toán, Tin học, Tiếng Nga",DTC,Trường Đại học Công Nghệ Thông Tin và Truyền Thông Thái Nguyên,26ngành
X30,"Toán, Tin học, Tiếng Nga",DDN,Trường Đại Học Đại Nam,47ngành
X30,"Toán, Tin học, Tiếng Nga",DSG,Trường Đại Học Công Nghệ Sài Gòn,23ngành
X31,"Toán, Công nghệ công nghiệp, Tiếng Nga",HHK,Học Viện Hàng không Việt Nam,33ngành
X31,"Toán, Công nghệ công nghiệp, Tiếng Nga",SGD,Trường Đại Học Sài Gòn,20ngành
X31,"Toán, Công nghệ công nghiệp, Tiếng Nga",CMC,Trường Đại Học CMC,18ngành
X31,"Toán, Công nghệ công nghiệp, Tiếng Nga",DTC,Trường Đại học Công Nghệ Thông Tin và Truyền Thông Thái Nguyên,26ngành
X31,"Toán, Công nghệ công nghiệp, Tiếng Nga",DDN,Trường Đại Học Đại Nam,47ngành
X31,"Toán, Công nghệ công nghiệp, Tiếng Nga",DSG,Trường Đại Học Công Nghệ Sài Gòn,23ngành
X32,"Toán, Công nghệ nông nghiệp, Tiếng Nga",HHK,Học Viện Hàng không Việt Nam,33ngành
X32,"Toán, Công nghệ nông nghiệp, Tiếng Nga",SGD,Trường Đại Học Sài Gòn,20ngành
X32,"Toán, Công nghệ nông nghiệp, Tiếng Nga",CMC,Trường Đại Học CMC,18ngành
X32,"Toán, Công nghệ nông nghiệp, Tiếng Nga",DTC,Trường Đại học Công Nghệ Thông Tin và Truyền Thông Thái Nguyên,26ngành
X32,"Toán, Công nghệ nông nghiệp, Tiếng Nga",DDN,Trường Đại Học Đại Nam,47ngành
X32,"Toán, Công nghệ nông nghiệp, Tiếng Nga",DSG,Trường Đại Học Công Nghệ Sài Gòn,23ngành
X37; D89,"Toán, GDKTPL, Tiếng Trung",HHK,Học Viện Hàng không Việt Nam,1ngành
X37; D89,"Toán, GDKTPL, Tiếng Trung",PKA,Đại Học Phenikaa,1ngành
X37; D89,"Toán, GDKTPL, Tiếng Trung",LPS,Trường Đại Học Luật TPHCM,2ngành
X37; D89,"Toán, GDKTPL, Tiếng Trung",DTC,Trường Đại học Công Nghệ Thông Tin và Truyền Thông Thái Nguyên,1ngành
X37; D89,"Toán, GDKTPL, Tiếng Trung",DKC,Trường Đại học Công Nghệ TPHCM,4ngành
X37; D89,"Toán, GDKTPL, Tiếng Trung",DTZ,Trường Đại Học Khoa Học Thái Nguyên,2ngành
X37; D89,"Toán, GDKTPL, Tiếng Trung",DPX,Trường Đại Học Phú Xuân,4ngành
X37; D89,"Toán, GDKTPL, Tiếng Trung",DBG,Trường Đại học Nông Lâm Bắc Giang,4ngành
X34,"Toán, Tin học, Tiếng Pháp",HHK,Học Viện Hàng không Việt Nam,33ngành
X34,"Toán, Tin học, Tiếng Pháp",SGD,Trường Đại Học Sài Gòn,20ngành
X34,"Toán, Tin học, Tiếng Pháp",CMC,Trường Đại Học CMC,18ngành
X34,"Toán, Tin học, Tiếng Pháp",DTC,Trường Đại học Công Nghệ Thông Tin và Truyền Thông Thái Nguyên,26ngành
X34,"Toán, Tin học, Tiếng Pháp",DDN,Trường Đại Học Đại Nam,47ngành
X34,"Toán, Tin học, Tiếng Pháp",DSG,Trường Đại Học Công Nghệ Sài Gòn,23ngành
T10,"Toán, Vật lý, Năng khiếu Thể dục Thể thao",HHK,Học Viện Hàng không Việt Nam,33ngành
T10,"Toán, Vật lý, Năng khiếu Thể dục Thể thao",TCT,Đại Học Cần Thơ,1ngành
T10,"Toán, Vật lý, Năng khiếu Thể dục Thể thao",SGD,Trường Đại Học Sài Gòn,20ngành
T10,"Toán, Vật lý, Năng khiếu Thể dục Thể thao",STS,Trường Đại Học Sư Phạm Thể Dục Thể Thao TPHCM,3ngành
T10,"Toán, Vật lý, Năng khiếu Thể dục Thể thao",CMC,Trường Đại Học CMC,18ngành
T10,"Toán, Vật lý, Năng khiếu Thể dục Thể thao",DTC,Trường Đại học Công Nghệ Thông Tin và Truyền Thông Thái Nguyên,27ngành
T10,"Toán, Vật lý, Năng khiếu Thể dục Thể thao",DDN,Trường Đại Học Đại Nam,52ngành
T10,"Toán, Vật lý, Năng khiếu Thể dục Thể thao",HDT,Trường Đại Học Hồng Đức,2ngành
T10,"Toán, Vật lý, Năng khiếu Thể dục Thể thao",DSG,Trường Đại Học Công Nghệ Sài Gòn,23ngành
T10,"Toán, Vật lý, Năng khiếu Thể dục Thể thao",TTB,Trường Đại Học Tây Bắc,1ngành
T10,"Toán, Vật lý, Năng khiếu Thể dục Thể thao",TQU,Trường Đại học Tân Trào,1ngành
T10,"Toán, Vật lý, Năng khiếu Thể dục Thể thao",DVD,"Trường Đại Học Văn Hóa, Thể Thao Và Du Lịch Thanh Hóa",3ngành
X90,"Ngữ văn, GDKTPL, Tiếng Trung",HHK,Học Viện Hàng không Việt Nam,19ngành
X90,"Ngữ văn, GDKTPL, Tiếng Trung",SGD,Trường Đại Học Sài Gòn,6ngành
X90,"Ngữ văn, GDKTPL, Tiếng Trung",LPS,Trường Đại Học Luật TPHCM,2ngành
X90,"Ngữ văn, GDKTPL, Tiếng Trung",DTF,Trường Ngoại Ngữ Thái Nguyên,3ngành
X90,"Ngữ văn, GDKTPL, Tiếng Trung",HLU,Trường Đại Học Hạ Long,1ngành
X90,"Ngữ văn, GDKTPL, Tiếng Trung",DQB,Trường Đại Học Quảng Bình,1ngành
X90,"Ngữ văn, GDKTPL, Tiếng Trung",MBS,Trường Đại Học Mở TPHCM,6ngành
X90,"Ngữ văn, GDKTPL, Tiếng Trung",CMC,Trường Đại Học CMC,13ngành
X90,"Ngữ văn, GDKTPL, Tiếng Trung",DDN,Trường Đại Học Đại Nam,43ngành
X90,"Ngữ văn, GDKTPL, Tiếng Trung",SDU,Trường Đại học Sao Đỏ,3ngành
X90,"Ngữ văn, GDKTPL, Tiếng Trung",DKC,Trường Đại học Công Nghệ TPHCM,4ngành
X90,"Ngữ văn, GDKTPL, Tiếng Trung",DTZ,Trường Đại Học Khoa Học Thái Nguyên,2ngành
X90,"Ngữ văn, GDKTPL, Tiếng Trung",DSG,Trường Đại Học Công Nghệ Sài Gòn,9ngành
R04,"Ngữ văn, Biểu diễn nghệ thuật, Năng khiếu văn hóa nghệ thuật",HHK,Học Viện Hàng không Việt Nam,18ngành
R04,"Ngữ văn, Biểu diễn nghệ thuật, Năng khiếu văn hóa nghệ thuật",SGD,Trường Đại Học Sài Gòn,6ngành
R04,"Ngữ văn, Biểu diễn nghệ thuật, Năng khiếu văn hóa nghệ thuật",CMC,Trường Đại Học CMC,13ngành
R04,"Ngữ văn, Biểu diễn nghệ thuật, Năng khiếu văn hóa nghệ thuật",DDN,Trường Đại Học Đại Nam,43ngành
R04,"Ngữ văn, Biểu diễn nghệ thuật, Năng khiếu văn hóa nghệ thuật",DSG,Trường Đại Học Công Nghệ Sài Gòn,9ngành
M07,"Ngữ Văn, Địa lý, Năng khiếu đọc diễn cảm và Hát",HHK,Học Viện Hàng không Việt Nam,18ngành
M07,"Ngữ Văn, Địa lý, Năng khiếu đọc diễn cảm và Hát",SGD,Trường Đại Học Sài Gòn,7ngành
M07,"Ngữ Văn, Địa lý, Năng khiếu đọc diễn cảm và Hát",DQB,Trường Đại Học Quảng Bình,1ngành
M07,"Ngữ Văn, Địa lý, Năng khiếu đọc diễn cảm và Hát",CMC,Trường Đại Học CMC,13ngành
M07,"Ngữ Văn, Địa lý, Năng khiếu đọc diễn cảm và Hát",DDN,Trường Đại Học Đại Nam,43ngành
M07,"Ngữ Văn, Địa lý, Năng khiếu đọc diễn cảm và Hát",HDT,Trường Đại Học Hồng Đức,1ngành
M07,"Ngữ Văn, Địa lý, Năng khiếu đọc diễn cảm và Hát",DSG,Trường Đại Học Công Nghệ Sài Gòn,9ngành
M07,"Ngữ Văn, Địa lý, Năng khiếu đọc diễn cảm và Hát",DVD,"Trường Đại Học Văn Hóa, Thể Thao Và Du Lịch Thanh Hóa",1ngành
H09,"Ngữ Văn, Địa, Năng khiếu",HHK,Học Viện Hàng không Việt Nam,18ngành
H09,"Ngữ Văn, Địa, Năng khiếu",SGD,Trường Đại Học Sài Gòn,7ngành
H09,"Ngữ Văn, Địa, Năng khiếu",CMC,Trường Đại Học CMC,13ngành
H09,"Ngữ Văn, Địa, Năng khiếu",DDN,Trường Đại Học Đại Nam,43ngành
H09,"Ngữ Văn, Địa, Năng khiếu",DSG,Trường Đại Học Công Nghệ Sài Gòn,9ngành
H10; H11; H06,"Ngữ Văn, Ngoại ngữ, năng khiếu",HHK,Học Viện Hàng không Việt Nam,18ngành
H10; H11; H06,"Ngữ Văn, Ngoại ngữ, năng khiếu",DTT,Trường Đại Học Tôn Đức Thắng,10ngành
H10; H11; H06,"Ngữ Văn, Ngoại ngữ, năng khiếu",SGD,Trường Đại Học Sài Gòn,6ngành
H10; H11; H06,"Ngữ Văn, Ngoại ngữ, năng khiếu",DQK,Trường Đại Học Kinh Doanh và Công Nghệ Hà Nội,3ngành
H10; H11; H06,"Ngữ Văn, Ngoại ngữ, năng khiếu",CMC,Trường Đại Học CMC,13ngành
H10; H11; H06,"Ngữ Văn, Ngoại ngữ, năng khiếu",NTT,Trường Đại Học Nguyễn Tất Thành,1ngành
H10; H11; H06,"Ngữ Văn, Ngoại ngữ, năng khiếu",DDN,Trường Đại Học Đại Nam,43ngành
H10; H11; H06,"Ngữ Văn, Ngoại ngữ, năng khiếu",DAD,Trường Đại Học Đông Á,1ngành
H10; H11; H06,"Ngữ Văn, Ngoại ngữ, năng khiếu",UMT,Trường Đại học Quản lý và công nghệ TPHCM,1ngành
H10; H11; H06,"Ngữ Văn, Ngoại ngữ, năng khiếu",DSG,Trường Đại Học Công Nghệ Sài Gòn,9ngành
X49,"Toán, GDKTPL, Tiếng Hàn",DKC,Trường Đại học Công Nghệ TPHCM,4ngành
X49,"Toán, GDKTPL, Tiếng Hàn",DTZ,Trường Đại Học Khoa Học Thái Nguyên,1ngành
X50,"Toán, Tin học, Tiếng Hàn",DTZ,Trường Đại Học Khoa Học Thái Nguyên,1ngành
X35,"Toán, Công nghệ công nghiệp, Tiếng Pháp",HHK,Học Viện Hàng không Việt Nam,33ngành
X35,"Toán, Công nghệ công nghiệp, Tiếng Pháp",SGD,Trường Đại Học Sài Gòn,20ngành
X35,"Toán, Công nghệ công nghiệp, Tiếng Pháp",CMC,Trường Đại Học CMC,18ngành
X35,"Toán, Công nghệ công nghiệp, Tiếng Pháp",DTC,Trường Đại học Công Nghệ Thông Tin và Truyền Thông Thái Nguyên,26ngành
X35,"Toán, Công nghệ công nghiệp, Tiếng Pháp",DDN,Trường Đại Học Đại Nam,47ngành
X35,"Toán, Công nghệ công nghiệp, Tiếng Pháp",DSG,Trường Đại Học Công Nghệ Sài Gòn,23ngành
X83,"Ngữ văn, Tin học, Tiếng Nga",HHK,Học Viện Hàng không Việt Nam,18ngành
X83,"Ngữ văn, Tin học, Tiếng Nga",SGD,Trường Đại Học Sài Gòn,6ngành
X83,"Ngữ văn, Tin học, Tiếng Nga",CMC,Trường Đại Học CMC,13ngành
X83,"Ngữ văn, Tin học, Tiếng Nga",DDN,Trường Đại Học Đại Nam,43ngành
X83,"Ngữ văn, Tin học, Tiếng Nga",DSG,Trường Đại Học Công Nghệ Sài Gòn,9ngành
T06,"Toán, Địa lý, Năng khiếu Thể dục thể thao",HHK,Học Viện Hàng không Việt Nam,33ngành
T06,"Toán, Địa lý, Năng khiếu Thể dục thể thao",TCT,Đại Học Cần Thơ,1ngành
T06,"Toán, Địa lý, Năng khiếu Thể dục thể thao",SGD,Trường Đại Học Sài Gòn,22ngành
T06,"Toán, Địa lý, Năng khiếu Thể dục thể thao",SPD,Trường Đại Học Đồng Tháp,2ngành
T06,"Toán, Địa lý, Năng khiếu Thể dục thể thao",DKT,Trường Đại Học Hải Dương,1ngành
T06,"Toán, Địa lý, Năng khiếu Thể dục thể thao",DQB,Trường Đại Học Quảng Bình,1ngành
T06,"Toán, Địa lý, Năng khiếu Thể dục thể thao",TDS,Trường Đại Học Thể Dục Thể Thao TPHCM,4ngành
T06,"Toán, Địa lý, Năng khiếu Thể dục thể thao",CMC,Trường Đại Học CMC,18ngành
T06,"Toán, Địa lý, Năng khiếu Thể dục thể thao",DTC,Trường Đại học Công Nghệ Thông Tin và Truyền Thông Thái Nguyên,26ngành
T06,"Toán, Địa lý, Năng khiếu Thể dục thể thao",DDN,Trường Đại Học Đại Nam,47ngành
T06,"Toán, Địa lý, Năng khiếu Thể dục thể thao",DSG,Trường Đại Học Công Nghệ Sài Gòn,23ngành
X82,"Ngữ văn, GDKTPL, Tiếng Nga",MBS,Trường Đại Học Mở TPHCM,4ngành
T07,"Ngữ văn, Địa lý, Năng khiếu Thể dục Thể thao",HHK,Học Viện Hàng không Việt Nam,18ngành
T07,"Ngữ văn, Địa lý, Năng khiếu Thể dục Thể thao",SGD,Trường Đại Học Sài Gòn,7ngành
T07,"Ngữ văn, Địa lý, Năng khiếu Thể dục Thể thao",DHC,Khoa Giáo Dục Thể Chất Huế,1ngành
T07,"Ngữ văn, Địa lý, Năng khiếu Thể dục Thể thao",DQB,Trường Đại Học Quảng Bình,1ngành
T07,"Ngữ văn, Địa lý, Năng khiếu Thể dục Thể thao",CMC,Trường Đại Học CMC,13ngành
T07,"Ngữ văn, Địa lý, Năng khiếu Thể dục Thể thao",DDN,Trường Đại Học Đại Nam,43ngành
T07,"Ngữ văn, Địa lý, Năng khiếu Thể dục Thể thao",HDT,Trường Đại Học Hồng Đức,2ngành
T07,"Ngữ văn, Địa lý, Năng khiếu Thể dục Thể thao",DSG,Trường Đại Học Công Nghệ Sài Gòn,9ngành
T07,"Ngữ văn, Địa lý, Năng khiếu Thể dục Thể thao",DVD,"Trường Đại Học Văn Hóa, Thể Thao Và Du Lịch Thanh Hóa",3ngành
T08,"Toán, GDKTPL, Năng khiếu Thể dục thể thao",HNM,Trường Đại học Thủ Đô Hà Nội,2ngành
T08,"Toán, GDKTPL, Năng khiếu Thể dục thể thao",HHK,Học Viện Hàng không Việt Nam,33ngành
T08,"Toán, GDKTPL, Năng khiếu Thể dục thể thao",SGD,Trường Đại Học Sài Gòn,20ngành
T08,"Toán, GDKTPL, Năng khiếu Thể dục thể thao",DDS,Trường Đại Học Sư Phạm - Đại Học Đà Nẵng,1ngành
T08,"Toán, GDKTPL, Năng khiếu Thể dục thể thao",DHC,Khoa Giáo Dục Thể Chất Huế,1ngành
T08,"Toán, GDKTPL, Năng khiếu Thể dục thể thao",STS,Trường Đại Học Sư Phạm Thể Dục Thể Thao TPHCM,3ngành
T08,"Toán, GDKTPL, Năng khiếu Thể dục thể thao",CMC,Trường Đại Học CMC,18ngành
T08,"Toán, GDKTPL, Năng khiếu Thể dục thể thao",DTC,Trường Đại học Công Nghệ Thông Tin và Truyền Thông Thái Nguyên,26ngành
T08,"Toán, GDKTPL, Năng khiếu Thể dục thể thao",DDN,Trường Đại Học Đại Nam,47ngành
T08,"Toán, GDKTPL, Năng khiếu Thể dục thể thao",TDB,Trường Đại Học Thể Dục Thể Thao Bắc Ninh,4ngành
T08,"Toán, GDKTPL, Năng khiếu Thể dục thể thao",DSG,Trường Đại Học Công Nghệ Sài Gòn,23ngành
T08,"Toán, GDKTPL, Năng khiếu Thể dục thể thao",TQU,Trường Đại học Tân Trào,1ngành
X84,"Ngữ văn, Công nghệ công nghiệp, Tiếng Nga",HHK,Học Viện Hàng không Việt Nam,18ngành
X84,"Ngữ văn, Công nghệ công nghiệp, Tiếng Nga",SGD,Trường Đại Học Sài Gòn,6ngành
X84,"Ngữ văn, Công nghệ công nghiệp, Tiếng Nga",DKT,Trường Đại Học Hải Dương,1ngành
X84,"Ngữ văn, Công nghệ công nghiệp, Tiếng Nga",CMC,Trường Đại Học CMC,13ngành
X84,"Ngữ văn, Công nghệ công nghiệp, Tiếng Nga",DDN,Trường Đại Học Đại Nam,43ngành
X84,"Ngữ văn, Công nghệ công nghiệp, Tiếng Nga",DSG,Trường Đại Học Công Nghệ Sài Gòn,9ngành
X87,"Ngữ văn, Tin học, Tiếng Pháp",MBS,Trường Đại Học Mở TPHCM,2ngành
X87,"Ngữ văn, Tin học, Tiếng Pháp",DKC,Trường Đại học Công Nghệ TPHCM,4ngành
M06,"Ngữ Văn, Toán, Năng khiếu Giáo dục mầm non",HHK,Học Viện Hàng không Việt Nam,33ngành
M06,"Ngữ Văn, Toán, Năng khiếu Giáo dục mầm non",TDM,Trường Đại học Thủ Dầu Một,1ngành
M06,"Ngữ Văn, Toán, Năng khiếu Giáo dục mầm non",TCT,Đại Học Cần Thơ,1ngành
M06,"Ngữ Văn, Toán, Năng khiếu Giáo dục mầm non",SGD,Trường Đại Học Sài Gòn,28ngành
M06,"Ngữ Văn, Toán, Năng khiếu Giáo dục mầm non",SP2,Trường Đại Học Sư Phạm Hà Nội 2,1ngành
M06,"Ngữ Văn, Toán, Năng khiếu Giáo dục mầm non",DQB,Trường Đại Học Quảng Bình,1ngành
M06,"Ngữ Văn, Toán, Năng khiếu Giáo dục mầm non",CMC,Trường Đại Học CMC,18ngành
M06,"Ngữ Văn, Toán, Năng khiếu Giáo dục mầm non",DTC,Trường Đại học Công Nghệ Thông Tin và Truyền Thông Thái Nguyên,26ngành
M06,"Ngữ Văn, Toán, Năng khiếu Giáo dục mầm non",DDN,Trường Đại Học Đại Nam,47ngành
M06,"Ngữ Văn, Toán, Năng khiếu Giáo dục mầm non",DAD,Trường Đại Học Đông Á,6ngành
M06,"Ngữ Văn, Toán, Năng khiếu Giáo dục mầm non",DSG,Trường Đại Học Công Nghệ Sài Gòn,23ngành
T09,"Ngữ văn, Lịch sử, năng khiếu thể dục thể thao",HHK,Học Viện Hàng không Việt Nam,18ngành
T09,"Ngữ văn, Lịch sử, năng khiếu thể dục thể thao",SGD,Trường Đại Học Sài Gòn,9ngành
T09,"Ngữ văn, Lịch sử, năng khiếu thể dục thể thao",STS,Trường Đại Học Sư Phạm Thể Dục Thể Thao TPHCM,3ngành
T09,"Ngữ văn, Lịch sử, năng khiếu thể dục thể thao",CMC,Trường Đại Học CMC,13ngành
T09,"Ngữ văn, Lịch sử, năng khiếu thể dục thể thao",DDN,Trường Đại Học Đại Nam,43ngành
T09,"Ngữ văn, Lịch sử, năng khiếu thể dục thể thao",DSG,Trường Đại Học Công Nghệ Sài Gòn,9ngành
T09,"Ngữ văn, Lịch sử, năng khiếu thể dục thể thao",TTB,Trường Đại Học Tây Bắc,1ngành
T09,"Ngữ văn, Lịch sử, năng khiếu thể dục thể thao",TQU,Trường Đại học Tân Trào,1ngành
X66,"Ngữ văn, Sinh học, GDKT&PL",HHK,Học Viện Hàng không Việt Nam,18ngành
X66,"Ngữ văn, Sinh học, GDKT&PL",SGD,Trường Đại Học Sài Gòn,7ngành
X66,"Ngữ văn, Sinh học, GDKT&PL",DVT,Đại Học Trà Vinh,2ngành
X66,"Ngữ văn, Sinh học, GDKT&PL",CMC,Trường Đại Học CMC,13ngành
X66,"Ngữ văn, Sinh học, GDKT&PL",DDN,Trường Đại Học Đại Nam,43ngành
X66,"Ngữ văn, Sinh học, GDKT&PL",DYD,Trường Đại Học Yersin Đà Lạt,2ngành
X66,"Ngữ văn, Sinh học, GDKT&PL",DVH,Trường Đại Học Văn Hiến,1ngành
X66,"Ngữ văn, Sinh học, GDKT&PL",DTZ,Trường Đại Học Khoa Học Thái Nguyên,14ngành
X66,"Ngữ văn, Sinh học, GDKT&PL",DSG,Trường Đại Học Công Nghệ Sài Gòn,9ngành
X66,"Ngữ văn, Sinh học, GDKT&PL",TTB,Trường Đại Học Tây Bắc,1ngành
X54,"Toán, GDKTPL, Công nghệ công nghiệp",HHK,Học Viện Hàng không Việt Nam,33ngành
X54,"Toán, GDKTPL, Công nghệ công nghiệp",PKA,Đại Học Phenikaa,4ngành
X54,"Toán, GDKTPL, Công nghệ công nghiệp",SGD,Trường Đại Học Sài Gòn,20ngành
X54,"Toán, GDKTPL, Công nghệ công nghiệp",VLU,Trường Đại học Công nghệ kỹ thuật Vĩnh Long,1ngành
X54,"Toán, GDKTPL, Công nghệ công nghiệp",CMC,Trường Đại Học CMC,18ngành
X54,"Toán, GDKTPL, Công nghệ công nghiệp",DTC,Trường Đại học Công Nghệ Thông Tin và Truyền Thông Thái Nguyên,26ngành
X54,"Toán, GDKTPL, Công nghệ công nghiệp",DNC,Trường Đại học Nam Cần Thơ,9ngành
X54,"Toán, GDKTPL, Công nghệ công nghiệp",DDN,Trường Đại Học Đại Nam,47ngành
X54,"Toán, GDKTPL, Công nghệ công nghiệp",DVH,Trường Đại Học Văn Hiến,21ngành
X54,"Toán, GDKTPL, Công nghệ công nghiệp",DSG,Trường Đại Học Công Nghệ Sài Gòn,23ngành
X55,"Toán, GDKTPL, Công nghệ nông nghiệp",HHK,Học Viện Hàng không Việt Nam,33ngành
X55,"Toán, GDKTPL, Công nghệ nông nghiệp",SGD,Trường Đại Học Sài Gòn,20ngành
X55,"Toán, GDKTPL, Công nghệ nông nghiệp",THV,Trường Đại Học Hùng Vương,3ngành
X55,"Toán, GDKTPL, Công nghệ nông nghiệp",DVT,Đại Học Trà Vinh,1ngành
X55,"Toán, GDKTPL, Công nghệ nông nghiệp",CMC,Trường Đại Học CMC,18ngành
X55,"Toán, GDKTPL, Công nghệ nông nghiệp",DTC,Trường Đại học Công Nghệ Thông Tin và Truyền Thông Thái Nguyên,26ngành
X55,"Toán, GDKTPL, Công nghệ nông nghiệp",DDN,Trường Đại Học Đại Nam,47ngành
X55,"Toán, GDKTPL, Công nghệ nông nghiệp",DQT,Trường Đại Học Quang Trung,4ngành
X55,"Toán, GDKTPL, Công nghệ nông nghiệp",DHL,Trường Đại Học Nông Lâm Huế,3ngành
X55,"Toán, GDKTPL, Công nghệ nông nghiệp",DSG,Trường Đại Học Công Nghệ Sài Gòn,23ngành
X56,"Toán, Tin học, Công nghệ công nghiệp",DKK,Trường Đại Học Kinh Tế Kỹ Thuật Công Nghiệp,26ngành
X56,"Toán, Tin học, Công nghệ công nghiệp",HHK,Học Viện Hàng không Việt Nam,33ngành
X56,"Toán, Tin học, Công nghệ công nghiệp",PKA,Đại Học Phenikaa,4ngành
X56,"Toán, Tin học, Công nghệ công nghiệp",SGD,Trường Đại Học Sài Gòn,20ngành
X56,"Toán, Tin học, Công nghệ công nghiệp",DVT,Đại Học Trà Vinh,1ngành
X56,"Toán, Tin học, Công nghệ công nghiệp",MBS,Trường Đại Học Mở TPHCM,11ngành
X56,"Toán, Tin học, Công nghệ công nghiệp",DDL,Trường Đại Học Điện Lực,1ngành
X56,"Toán, Tin học, Công nghệ công nghiệp",CMC,Trường Đại Học CMC,18ngành
X56,"Toán, Tin học, Công nghệ công nghiệp",DTC,Trường Đại học Công Nghệ Thông Tin và Truyền Thông Thái Nguyên,26ngành
X56,"Toán, Tin học, Công nghệ công nghiệp",DNC,Trường Đại học Nam Cần Thơ,24ngành
X56,"Toán, Tin học, Công nghệ công nghiệp",TTU,Trường Đại học Tân Tạo,4ngành
X56,"Toán, Tin học, Công nghệ công nghiệp",DDN,Trường Đại Học Đại Nam,47ngành
X56,"Toán, Tin học, Công nghệ công nghiệp",DTD,Trường Đại Học Tây Đô,1ngành
X56,"Toán, Tin học, Công nghệ công nghiệp",DYD,Trường Đại Học Yersin Đà Lạt,3ngành
X56,"Toán, Tin học, Công nghệ công nghiệp",DKB,Trường Đại Học Kinh Tế Kỹ Thuật Bình Dương,3ngành
X56,"Toán, Tin học, Công nghệ công nghiệp",LNH,Trường Đại Học Lâm nghiệp,7ngành
X56,"Toán, Tin học, Công nghệ công nghiệp",DQT,Trường Đại Học Quang Trung,2ngành
X56,"Toán, Tin học, Công nghệ công nghiệp",NTU,Trường Đại Học Nguyễn Trãi,3ngành
X56,"Toán, Tin học, Công nghệ công nghiệp",VUI,Trường Đại Học Công Nghiệp Việt Trì,14ngành
X56,"Toán, Tin học, Công nghệ công nghiệp",DCQ,Trường Đại Học Công Nghệ và Quản Lý Hữu Nghị,4ngành
X56,"Toán, Tin học, Công nghệ công nghiệp",TBD,Trường Đại Học Thái Bình Dương,3ngành
X56,"Toán, Tin học, Công nghệ công nghiệp",XDT,Trường Đại Học Xây Dựng Miền Trung,30ngành
X56,"Toán, Tin học, Công nghệ công nghiệp",DSG,Trường Đại Học Công Nghệ Sài Gòn,23ngành
X56,"Toán, Tin học, Công nghệ công nghiệp",XDN,Phân hiệu Đại học Xây dựng miền Trung tại Đà Nẵng,12ngành
X56,"Toán, Tin học, Công nghệ công nghiệp",TTB,Trường Đại Học Tây Bắc,5ngành
X56,"Toán, Tin học, Công nghệ công nghiệp",TDL,Trường Đại Học Đà Lạt,6ngành
X95,"Ngữ văn, Tin học, Tiếng Đức",MBS,Trường Đại Học Mở TPHCM,2ngành
X57,"Toán, Tin học, Công nghệ nông nghiệp",HHK,Học Viện Hàng không Việt Nam,33ngành
X57,"Toán, Tin học, Công nghệ nông nghiệp",SGD,Trường Đại Học Sài Gòn,20ngành
X57,"Toán, Tin học, Công nghệ nông nghiệp",MBS,Trường Đại Học Mở TPHCM,9ngành
X57,"Toán, Tin học, Công nghệ nông nghiệp",CMC,Trường Đại Học CMC,18ngành
X57,"Toán, Tin học, Công nghệ nông nghiệp",DTC,Trường Đại học Công Nghệ Thông Tin và Truyền Thông Thái Nguyên,26ngành
X57,"Toán, Tin học, Công nghệ nông nghiệp",DDN,Trường Đại Học Đại Nam,47ngành
X57,"Toán, Tin học, Công nghệ nông nghiệp",BVU,Trường Đại Học Bà Rịa – Vũng Tàu,15ngành
X57,"Toán, Tin học, Công nghệ nông nghiệp",DQT,Trường Đại Học Quang Trung,1ngành
X57,"Toán, Tin học, Công nghệ nông nghiệp",DSG,Trường Đại Học Công Nghệ Sài Gòn,23ngành
X57,"Toán, Tin học, Công nghệ nông nghiệp",TDL,Trường Đại Học Đà Lạt,3ngành
X19,"Toán, Lịch sử, Công nghệ công nghiệp",HHK,Học Viện Hàng không Việt Nam,33ngành
X19,"Toán, Lịch sử, Công nghệ công nghiệp",SGD,Trường Đại Học Sài Gòn,20ngành
X19,"Toán, Lịch sử, Công nghệ công nghiệp",VLU,Trường Đại học Công nghệ kỹ thuật Vĩnh Long,17ngành
X19,"Toán, Lịch sử, Công nghệ công nghiệp",CMC,Trường Đại Học CMC,18ngành
X19,"Toán, Lịch sử, Công nghệ công nghiệp",DTC,Trường Đại học Công Nghệ Thông Tin và Truyền Thông Thái Nguyên,26ngành
X19,"Toán, Lịch sử, Công nghệ công nghiệp",DDN,Trường Đại Học Đại Nam,48ngành
X19,"Toán, Lịch sử, Công nghệ công nghiệp",BVU,Trường Đại Học Bà Rịa – Vũng Tàu,34ngành
X19,"Toán, Lịch sử, Công nghệ công nghiệp",DQT,Trường Đại Học Quang Trung,3ngành
X19,"Toán, Lịch sử, Công nghệ công nghiệp",DSG,Trường Đại Học Công Nghệ Sài Gòn,23ngành
X20,"Toán, Lịch sử, Công nghệ nông nghiệp",HHK,Học Viện Hàng không Việt Nam,33ngành
X20,"Toán, Lịch sử, Công nghệ nông nghiệp",SGD,Trường Đại Học Sài Gòn,20ngành
X20,"Toán, Lịch sử, Công nghệ nông nghiệp",CMC,Trường Đại Học CMC,18ngành
X20,"Toán, Lịch sử, Công nghệ nông nghiệp",DTC,Trường Đại học Công Nghệ Thông Tin và Truyền Thông Thái Nguyên,26ngành
X20,"Toán, Lịch sử, Công nghệ nông nghiệp",DDN,Trường Đại Học Đại Nam,47ngành
X20,"Toán, Lịch sử, Công nghệ nông nghiệp",BVU,Trường Đại Học Bà Rịa – Vũng Tàu,34ngành
X20,"Toán, Lịch sử, Công nghệ nông nghiệp",DSG,Trường Đại Học Công Nghệ Sài Gòn,23ngành
X18,"Toán, Lịch sử, Tin học",HHK,Học Viện Hàng không Việt Nam,33ngành
X18,"Toán, Lịch sử, Tin học",SGD,Trường Đại Học Sài Gòn,20ngành
X18,"Toán, Lịch sử, Tin học",VLU,Trường Đại học Công nghệ kỹ thuật Vĩnh Long,2ngành
X18,"Toán, Lịch sử, Tin học",UKH,Trường Đại học Khánh Hòa,1ngành
X18,"Toán, Lịch sử, Tin học",CMC,Trường Đại Học CMC,18ngành
X18,"Toán, Lịch sử, Tin học",DTC,Trường Đại học Công Nghệ Thông Tin và Truyền Thông Thái Nguyên,26ngành
X18,"Toán, Lịch sử, Tin học",DDN,Trường Đại Học Đại Nam,48ngành
X18,"Toán, Lịch sử, Tin học",DTV,Trường Đại Học Lương Thế Vinh,2ngành
X18,"Toán, Lịch sử, Tin học",DQT,Trường Đại Học Quang Trung,3ngành
X18,"Toán, Lịch sử, Tin học",DTZ,Trường Đại Học Khoa Học Thái Nguyên,25ngành
X18,"Toán, Lịch sử, Tin học",DCQ,Trường Đại Học Công Nghệ và Quản Lý Hữu Nghị,14ngành
X18,"Toán, Lịch sử, Tin học",DSG,Trường Đại Học Công Nghệ Sài Gòn,23ngành
X99,"Ngữ văn, Tin học, Tiếng Nhật",HHK,Học Viện Hàng không Việt Nam,18ngành
X99,"Ngữ văn, Tin học, Tiếng Nhật",SGD,Trường Đại Học Sài Gòn,6ngành
X99,"Ngữ văn, Tin học, Tiếng Nhật",MBS,Trường Đại Học Mở TPHCM,4ngành
X99,"Ngữ văn, Tin học, Tiếng Nhật",CMC,Trường Đại Học CMC,13ngành
X99,"Ngữ văn, Tin học, Tiếng Nhật",DDN,Trường Đại Học Đại Nam,43ngành
X99,"Ngữ văn, Tin học, Tiếng Nhật",DKC,Trường Đại học Công Nghệ TPHCM,4ngành
X99,"Ngữ văn, Tin học, Tiếng Nhật",DSG,Trường Đại Học Công Nghệ Sài Gòn,9ngành
X76,"Ngữ văn, Địa lí, Công nghệ công nghiệp",HHK,Học Viện Hàng không Việt Nam,18ngành
X76,"Ngữ văn, Địa lí, Công nghệ công nghiệp",SGD,Trường Đại Học Sài Gòn,7ngành
X76,"Ngữ văn, Địa lí, Công nghệ công nghiệp",VLU,Trường Đại học Công nghệ kỹ thuật Vĩnh Long,8ngành
X76,"Ngữ văn, Địa lí, Công nghệ công nghiệp",CMC,Trường Đại Học CMC,13ngành
X76,"Ngữ văn, Địa lí, Công nghệ công nghiệp",DDN,Trường Đại Học Đại Nam,43ngành
X76,"Ngữ văn, Địa lí, Công nghệ công nghiệp",BVU,Trường Đại Học Bà Rịa – Vũng Tàu,34ngành
X76,"Ngữ văn, Địa lí, Công nghệ công nghiệp",DSG,Trường Đại Học Công Nghệ Sài Gòn,9ngành
Y08,"Ngữ văn, GDKTPL, Công nghệ công nghiệp",HHK,Học Viện Hàng không Việt Nam,18ngành
Y08,"Ngữ văn, GDKTPL, Công nghệ công nghiệp",SGD,Trường Đại Học Sài Gòn,7ngành
Y08,"Ngữ văn, GDKTPL, Công nghệ công nghiệp",DVT,Đại Học Trà Vinh,1ngành
Y08,"Ngữ văn, GDKTPL, Công nghệ công nghiệp",VLU,Trường Đại học Công nghệ kỹ thuật Vĩnh Long,10ngành
Y08,"Ngữ văn, GDKTPL, Công nghệ công nghiệp",CMC,Trường Đại Học CMC,13ngành
Y08,"Ngữ văn, GDKTPL, Công nghệ công nghiệp",DDN,Trường Đại Học Đại Nam,43ngành
Y08,"Ngữ văn, GDKTPL, Công nghệ công nghiệp",DLH,Trường Đại Học Lạc Hồng,13ngành
Y08,"Ngữ văn, GDKTPL, Công nghệ công nghiệp",DKB,Trường Đại Học Kinh Tế Kỹ Thuật Bình Dương,5ngành
Y08,"Ngữ văn, GDKTPL, Công nghệ công nghiệp",LNH,Trường Đại Học Lâm nghiệp,1ngành
Y08,"Ngữ văn, GDKTPL, Công nghệ công nghiệp",DVH,Trường Đại Học Văn Hiến,2ngành
Y08,"Ngữ văn, GDKTPL, Công nghệ công nghiệp",DSG,Trường Đại Học Công Nghệ Sài Gòn,9ngành
X77,"Ngữ văn, Địa lí, Công nghệ nông nghiệp",HHK,Học Viện Hàng không Việt Nam,18ngành
X77,"Ngữ văn, Địa lí, Công nghệ nông nghiệp",SGD,Trường Đại Học Sài Gòn,7ngành
X77,"Ngữ văn, Địa lí, Công nghệ nông nghiệp",CMC,Trường Đại Học CMC,13ngành
X77,"Ngữ văn, Địa lí, Công nghệ nông nghiệp",DDN,Trường Đại Học Đại Nam,43ngành
X77,"Ngữ văn, Địa lí, Công nghệ nông nghiệp",BVU,Trường Đại Học Bà Rịa – Vũng Tàu,34ngành
X77,"Ngữ văn, Địa lí, Công nghệ nông nghiệp",DSG,Trường Đại Học Công Nghệ Sài Gòn,9ngành
Y09,"Ngữ văn, GDKTPL, Công nghệ nông nghiệp",HHK,Học Viện Hàng không Việt Nam,18ngành
Y09,"Ngữ văn, GDKTPL, Công nghệ nông nghiệp",SGD,Trường Đại Học Sài Gòn,7ngành
Y09,"Ngữ văn, GDKTPL, Công nghệ nông nghiệp",DVT,Đại Học Trà Vinh,1ngành
Y09,"Ngữ văn, GDKTPL, Công nghệ nông nghiệp",CMC,Trường Đại Học CMC,13ngành
Y09,"Ngữ văn, GDKTPL, Công nghệ nông nghiệp",DDN,Trường Đại Học Đại Nam,43ngành
Y09,"Ngữ văn, GDKTPL, Công nghệ nông nghiệp",DLH,Trường Đại Học Lạc Hồng,13ngành
Y09,"Ngữ văn, GDKTPL, Công nghệ nông nghiệp",DQT,Trường Đại Học Quang Trung,1ngành
Y09,"Ngữ văn, GDKTPL, Công nghệ nông nghiệp",DHL,Trường Đại Học Nông Lâm Huế,2ngành
Y09,"Ngữ văn, GDKTPL, Công nghệ nông nghiệp",DSG,Trường Đại Học Công Nghệ Sài Gòn,9ngành
Y07,"Ngữ văn, GDKTPL, Tin học",HHK,Học Viện Hàng không Việt Nam,18ngành
Y07,"Ngữ văn, GDKTPL, Tin học",SGD,Trường Đại Học Sài Gòn,7ngành
Y07,"Ngữ văn, GDKTPL, Tin học",DVT,Đại Học Trà Vinh,1ngành
Y07,"Ngữ văn, GDKTPL, Tin học",CMC,Trường Đại Học CMC,13ngành
Y07,"Ngữ văn, GDKTPL, Tin học",DNC,Trường Đại học Nam Cần Thơ,15ngành
Y07,"Ngữ văn, GDKTPL, Tin học",DDN,Trường Đại Học Đại Nam,43ngành
Y07,"Ngữ văn, GDKTPL, Tin học",DTV,Trường Đại Học Lương Thế Vinh,2ngành
Y07,"Ngữ văn, GDKTPL, Tin học",DQT,Trường Đại Học Quang Trung,1ngành
Y07,"Ngữ văn, GDKTPL, Tin học",DTZ,Trường Đại Học Khoa Học Thái Nguyên,16ngành
Y07,"Ngữ văn, GDKTPL, Tin học",DSG,Trường Đại Học Công Nghệ Sài Gòn,9ngành
Y07,"Ngữ văn, GDKTPL, Tin học",TDL,Trường Đại Học Đà Lạt,3ngành
Y03,"Ngữ văn, GDKTPL, Tiếng Hàn",DTF,Trường Ngoại Ngữ Thái Nguyên,3ngành
Y03,"Ngữ văn, GDKTPL, Tiếng Hàn",HLU,Trường Đại Học Hạ Long,1ngành
Y03,"Ngữ văn, GDKTPL, Tiếng Hàn",MBS,Trường Đại Học Mở TPHCM,5ngành
Y03,"Ngữ văn, GDKTPL, Tiếng Hàn",DKC,Trường Đại học Công Nghệ TPHCM,4ngành
Y03,"Ngữ văn, GDKTPL, Tiếng Hàn",DTZ,Trường Đại Học Khoa Học Thái Nguyên,1ngành
X64,"Ngữ văn, Hóa học, Công nghệ công nghiệp",HHK,Học Viện Hàng không Việt Nam,18ngành
X64,"Ngữ văn, Hóa học, Công nghệ công nghiệp",SGD,Trường Đại Học Sài Gòn,6ngành
X64,"Ngữ văn, Hóa học, Công nghệ công nghiệp",CMC,Trường Đại Học CMC,13ngành
X64,"Ngữ văn, Hóa học, Công nghệ công nghiệp",DDN,Trường Đại Học Đại Nam,43ngành
X64,"Ngữ văn, Hóa học, Công nghệ công nghiệp",DSG,Trường Đại Học Công Nghệ Sài Gòn,9ngành
Y04,"Ngữ văn, Tin học, Tiếng Hàn",MBS,Trường Đại Học Mở TPHCM,1ngành
Y04,"Ngữ văn, Tin học, Tiếng Hàn",DKC,Trường Đại học Công Nghệ TPHCM,4ngành
Y04,"Ngữ văn, Tin học, Tiếng Hàn",DTZ,Trường Đại Học Khoa Học Thái Nguyên,1ngành
X65,"Ngữ văn, Hóa học, Công nghệ nông nghiệp",HHK,Học Viện Hàng không Việt Nam,18ngành
X65,"Ngữ văn, Hóa học, Công nghệ nông nghiệp",SGD,Trường Đại Học Sài Gòn,6ngành
X65,"Ngữ văn, Hóa học, Công nghệ nông nghiệp",CMC,Trường Đại Học CMC,13ngành
X65,"Ngữ văn, Hóa học, Công nghệ nông nghiệp",DDN,Trường Đại Học Đại Nam,43ngành
X65,"Ngữ văn, Hóa học, Công nghệ nông nghiệp",DSG,Trường Đại Học Công Nghệ Sài Gòn,9ngành
X63,"Ngữ văn, Hóa học, Tin học",HHK,Học Viện Hàng không Việt Nam,18ngành
X63,"Ngữ văn, Hóa học, Tin học",SGD,Trường Đại Học Sài Gòn,6ngành
X63,"Ngữ văn, Hóa học, Tin học",CMC,Trường Đại Học CMC,13ngành
X63,"Ngữ văn, Hóa học, Tin học",DDN,Trường Đại Học Đại Nam,43ngành
X63,"Ngữ văn, Hóa học, Tin học",DTV,Trường Đại Học Lương Thế Vinh,2ngành
X63,"Ngữ văn, Hóa học, Tin học",DTZ,Trường Đại Học Khoa Học Thái Nguyên,13ngành
X63,"Ngữ văn, Hóa học, Tin học",DSG,Trường Đại Học Công Nghệ Sài Gòn,9ngành
X72,"Ngữ văn, Lịch sử, Công nghệ công nghiệp",HHK,Học Viện Hàng không Việt Nam,18ngành
X72,"Ngữ văn, Lịch sử, Công nghệ công nghiệp",TDM,Trường Đại học Thủ Dầu Một,1ngành
X72,"Ngữ văn, Lịch sử, Công nghệ công nghiệp",SGD,Trường Đại Học Sài Gòn,9ngành
X72,"Ngữ văn, Lịch sử, Công nghệ công nghiệp",VLU,Trường Đại học Công nghệ kỹ thuật Vĩnh Long,9ngành
X72,"Ngữ văn, Lịch sử, Công nghệ công nghiệp",CMC,Trường Đại Học CMC,13ngành
X72,"Ngữ văn, Lịch sử, Công nghệ công nghiệp",DDN,Trường Đại Học Đại Nam,43ngành
X72,"Ngữ văn, Lịch sử, Công nghệ công nghiệp",DLH,Trường Đại Học Lạc Hồng,1ngành
X72,"Ngữ văn, Lịch sử, Công nghệ công nghiệp",BVU,Trường Đại Học Bà Rịa – Vũng Tàu,34ngành
X72,"Ngữ văn, Lịch sử, Công nghệ công nghiệp",DSG,Trường Đại Học Công Nghệ Sài Gòn,9ngành
X72,"Ngữ văn, Lịch sử, Công nghệ công nghiệp",TDL,Trường Đại Học Đà Lạt,3ngành
X73,"Ngữ văn, Lịch sử, Công nghệ nông nghiệp",HHK,Học Viện Hàng không Việt Nam,18ngành
X73,"Ngữ văn, Lịch sử, Công nghệ nông nghiệp",TDM,Trường Đại học Thủ Dầu Một,1ngành
X73,"Ngữ văn, Lịch sử, Công nghệ nông nghiệp",SGD,Trường Đại Học Sài Gòn,9ngành
X73,"Ngữ văn, Lịch sử, Công nghệ nông nghiệp",HLU,Trường Đại Học Hạ Long,1ngành
X73,"Ngữ văn, Lịch sử, Công nghệ nông nghiệp",CMC,Trường Đại Học CMC,13ngành
X73,"Ngữ văn, Lịch sử, Công nghệ nông nghiệp",DDN,Trường Đại Học Đại Nam,43ngành
X73,"Ngữ văn, Lịch sử, Công nghệ nông nghiệp",DLH,Trường Đại Học Lạc Hồng,1ngành
X73,"Ngữ văn, Lịch sử, Công nghệ nông nghiệp",BVU,Trường Đại Học Bà Rịa – Vũng Tàu,34ngành
X73,"Ngữ văn, Lịch sử, Công nghệ nông nghiệp",DSG,Trường Đại Học Công Nghệ Sài Gòn,9ngành
X73,"Ngữ văn, Lịch sử, Công nghệ nông nghiệp",TDL,Trường Đại Học Đà Lạt,3ngành
X68,"Ngữ văn, Sinh học, Công nghệ công nghiệp",HHK,Học Viện Hàng không Việt Nam,18ngành
X68,"Ngữ văn, Sinh học, Công nghệ công nghiệp",SGD,Trường Đại Học Sài Gòn,6ngành
X68,"Ngữ văn, Sinh học, Công nghệ công nghiệp",CMC,Trường Đại Học CMC,13ngành
X68,"Ngữ văn, Sinh học, Công nghệ công nghiệp",DDN,Trường Đại Học Đại Nam,43ngành
X68,"Ngữ văn, Sinh học, Công nghệ công nghiệp",DSG,Trường Đại Học Công Nghệ Sài Gòn,9ngành
X69,"Ngữ văn, Sinh học, Công nghệ nông nghiệp",HHK,Học Viện Hàng không Việt Nam,18ngành
X69,"Ngữ văn, Sinh học, Công nghệ nông nghiệp",SGD,Trường Đại Học Sài Gòn,6ngành
X69,"Ngữ văn, Sinh học, Công nghệ nông nghiệp",VLU,Trường Đại học Công nghệ kỹ thuật Vĩnh Long,4ngành
X69,"Ngữ văn, Sinh học, Công nghệ nông nghiệp",CMC,Trường Đại Học CMC,13ngành
X69,"Ngữ văn, Sinh học, Công nghệ nông nghiệp",DDN,Trường Đại Học Đại Nam,43ngành
X69,"Ngữ văn, Sinh học, Công nghệ nông nghiệp",DSG,Trường Đại Học Công Nghệ Sài Gòn,9ngành
X67,"Ngữ văn, Sinh học, Tin học",HHK,Học Viện Hàng không Việt Nam,18ngành
X67,"Ngữ văn, Sinh học, Tin học",SGD,Trường Đại Học Sài Gòn,6ngành
X67,"Ngữ văn, Sinh học, Tin học",VLU,Trường Đại học Công nghệ kỹ thuật Vĩnh Long,2ngành
X67,"Ngữ văn, Sinh học, Tin học",CMC,Trường Đại Học CMC,13ngành
X67,"Ngữ văn, Sinh học, Tin học",DDN,Trường Đại Học Đại Nam,43ngành
X67,"Ngữ văn, Sinh học, Tin học",DTV,Trường Đại Học Lương Thế Vinh,2ngành
X67,"Ngữ văn, Sinh học, Tin học",DQT,Trường Đại Học Quang Trung,2ngành
X67,"Ngữ văn, Sinh học, Tin học",DTZ,Trường Đại Học Khoa Học Thái Nguyên,15ngành
X67,"Ngữ văn, Sinh học, Tin học",DSG,Trường Đại Học Công Nghệ Sài Gòn,9ngành
X81,"Ngữ văn, Tiếng Anh, Công nghệ nông nghiệp",HHK,Học Viện Hàng không Việt Nam,21ngành
X81,"Ngữ văn, Tiếng Anh, Công nghệ nông nghiệp",TDM,Trường Đại học Thủ Dầu Một,3ngành
X81,"Ngữ văn, Tiếng Anh, Công nghệ nông nghiệp",SGD,Trường Đại Học Sài Gòn,9ngành
X81,"Ngữ văn, Tiếng Anh, Công nghệ nông nghiệp",MBS,Trường Đại Học Mở TPHCM,1ngành
X81,"Ngữ văn, Tiếng Anh, Công nghệ nông nghiệp",VLU,Trường Đại học Công nghệ kỹ thuật Vĩnh Long,1ngành
X81,"Ngữ văn, Tiếng Anh, Công nghệ nông nghiệp",CMC,Trường Đại Học CMC,13ngành
X81,"Ngữ văn, Tiếng Anh, Công nghệ nông nghiệp",DDN,Trường Đại Học Đại Nam,43ngành
X81,"Ngữ văn, Tiếng Anh, Công nghệ nông nghiệp",BVU,Trường Đại Học Bà Rịa – Vũng Tàu,43ngành
X81,"Ngữ văn, Tiếng Anh, Công nghệ nông nghiệp",DSG,Trường Đại Học Công Nghệ Sài Gòn,9ngành
X81,"Ngữ văn, Tiếng Anh, Công nghệ nông nghiệp",TDL,Trường Đại Học Đà Lạt,2ngành
X80,"Ngữ văn, Tiếng Anh, Công nghệ công nghiệp",DKK,Trường Đại Học Kinh Tế Kỹ Thuật Công Nghiệp,4ngành
X80,"Ngữ văn, Tiếng Anh, Công nghệ công nghiệp",HHK,Học Viện Hàng không Việt Nam,21ngành
X80,"Ngữ văn, Tiếng Anh, Công nghệ công nghiệp",TDM,Trường Đại học Thủ Dầu Một,1ngành
X80,"Ngữ văn, Tiếng Anh, Công nghệ công nghiệp",SGD,Trường Đại Học Sài Gòn,9ngành
X80,"Ngữ văn, Tiếng Anh, Công nghệ công nghiệp",MBS,Trường Đại Học Mở TPHCM,2ngành
X80,"Ngữ văn, Tiếng Anh, Công nghệ công nghiệp",VLU,Trường Đại học Công nghệ kỹ thuật Vĩnh Long,1ngành
X80,"Ngữ văn, Tiếng Anh, Công nghệ công nghiệp",CMC,Trường Đại Học CMC,13ngành
X80,"Ngữ văn, Tiếng Anh, Công nghệ công nghiệp",DDN,Trường Đại Học Đại Nam,43ngành
X80,"Ngữ văn, Tiếng Anh, Công nghệ công nghiệp",BVU,Trường Đại Học Bà Rịa – Vũng Tàu,43ngành
X80,"Ngữ văn, Tiếng Anh, Công nghệ công nghiệp",DNT,Trường Đại Học Ngoại Ngữ Tin Học TPHCM,2ngành
X80,"Ngữ văn, Tiếng Anh, Công nghệ công nghiệp",DSG,Trường Đại Học Công Nghệ Sài Gòn,9ngành
Y10,"Ngữ văn, Tin học, Công nghệ công nghiệp",HHK,Học Viện Hàng không Việt Nam,18ngành
Y10,"Ngữ văn, Tin học, Công nghệ công nghiệp",SGD,Trường Đại Học Sài Gòn,6ngành
Y10,"Ngữ văn, Tin học, Công nghệ công nghiệp",VLU,Trường Đại học Công nghệ kỹ thuật Vĩnh Long,8ngành
Y10,"Ngữ văn, Tin học, Công nghệ công nghiệp",CMC,Trường Đại Học CMC,13ngành
Y10,"Ngữ văn, Tin học, Công nghệ công nghiệp",DDN,Trường Đại Học Đại Nam,43ngành
Y10,"Ngữ văn, Tin học, Công nghệ công nghiệp",DQT,Trường Đại Học Quang Trung,1ngành
Y10,"Ngữ văn, Tin học, Công nghệ công nghiệp",DSG,Trường Đại Học Công Nghệ Sài Gòn,9ngành
Y11,"Ngữ văn, Tin học, Công nghệ nông nghiệp",HHK,Học Viện Hàng không Việt Nam,18ngành
Y11,"Ngữ văn, Tin học, Công nghệ nông nghiệp",SGD,Trường Đại Học Sài Gòn,6ngành
Y11,"Ngữ văn, Tin học, Công nghệ nông nghiệp",CMC,Trường Đại Học CMC,13ngành
Y11,"Ngữ văn, Tin học, Công nghệ nông nghiệp",DDN,Trường Đại Học Đại Nam,43ngành
Y11,"Ngữ văn, Tin học, Công nghệ nông nghiệp",DSG,Trường Đại Học Công Nghệ Sài Gòn,9ngành
X60,"Ngữ văn, Vật lí, Công nghệ công nghiệp",HHK,Học Viện Hàng không Việt Nam,18ngành
X60,"Ngữ văn, Vật lí, Công nghệ công nghiệp",SGD,Trường Đại Học Sài Gòn,6ngành
X60,"Ngữ văn, Vật lí, Công nghệ công nghiệp",CMC,Trường Đại Học CMC,13ngành
X60,"Ngữ văn, Vật lí, Công nghệ công nghiệp",DDN,Trường Đại Học Đại Nam,43ngành
X60,"Ngữ văn, Vật lí, Công nghệ công nghiệp",DQT,Trường Đại Học Quang Trung,1ngành
X60,"Ngữ văn, Vật lí, Công nghệ công nghiệp",DSG,Trường Đại Học Công Nghệ Sài Gòn,9ngành
DH1,"Ngữ văn, Địa lí, Tiếng Hàn",HHK,Học Viện Hàng không Việt Nam,19ngành
DH1,"Ngữ văn, Địa lí, Tiếng Hàn",PKA,Đại Học Phenikaa,1ngành
DH1,"Ngữ văn, Địa lí, Tiếng Hàn",QHF,Trường Đại Học Ngoại Ngữ - ĐH Quốc gia Hà Nội,2ngành
DH1,"Ngữ văn, Địa lí, Tiếng Hàn",SGD,Trường Đại Học Sài Gòn,7ngành
DH1,"Ngữ văn, Địa lí, Tiếng Hàn",DHF,Trường Đại Học Ngoại Ngữ Huế,1ngành
DH1,"Ngữ văn, Địa lí, Tiếng Hàn",DTF,Trường Ngoại Ngữ Thái Nguyên,3ngành
DH1,"Ngữ văn, Địa lí, Tiếng Hàn",MBS,Trường Đại Học Mở TPHCM,1ngành
DH1,"Ngữ văn, Địa lí, Tiếng Hàn",CMC,Trường Đại Học CMC,13ngành
DH1,"Ngữ văn, Địa lí, Tiếng Hàn",DDN,Trường Đại Học Đại Nam,43ngành
DH1,"Ngữ văn, Địa lí, Tiếng Hàn",DKC,Trường Đại học Công Nghệ TPHCM,4ngành
DH1,"Ngữ văn, Địa lí, Tiếng Hàn",BVU,Trường Đại Học Bà Rịa – Vũng Tàu,15ngành
DH1,"Ngữ văn, Địa lí, Tiếng Hàn",DVP,Trường Đại Học Trưng Vương,1ngành
DH1,"Ngữ văn, Địa lí, Tiếng Hàn",DTZ,Trường Đại Học Khoa Học Thái Nguyên,2ngành
DH1,"Ngữ văn, Địa lí, Tiếng Hàn",DSG,Trường Đại Học Công Nghệ Sài Gòn,9ngành
X61,"Ngữ văn, Vật lí, Công nghệ nông nghiệp",HHK,Học Viện Hàng không Việt Nam,18ngành
X61,"Ngữ văn, Vật lí, Công nghệ nông nghiệp",SGD,Trường Đại Học Sài Gòn,6ngành
X61,"Ngữ văn, Vật lí, Công nghệ nông nghiệp",CMC,Trường Đại Học CMC,13ngành
X61,"Ngữ văn, Vật lí, Công nghệ nông nghiệp",DDN,Trường Đại Học Đại Nam,43ngành
X61,"Ngữ văn, Vật lí, Công nghệ nông nghiệp",DSG,Trường Đại Học Công Nghệ Sài Gòn,9ngành
X59,"Ngữ văn, Vật lí, Tin học",HHK,Học Viện Hàng không Việt Nam,18ngành
X59,"Ngữ văn, Vật lí, Tin học",SGD,Trường Đại Học Sài Gòn,6ngành
X59,"Ngữ văn, Vật lí, Tin học",KCC,Trường Đại học Kỹ Thuật Công Nghệ Cần Thơ,2ngành
X59,"Ngữ văn, Vật lí, Tin học",CMC,Trường Đại Học CMC,13ngành
X59,"Ngữ văn, Vật lí, Tin học",DDN,Trường Đại Học Đại Nam,43ngành
X59,"Ngữ văn, Vật lí, Tin học",DTV,Trường Đại Học Lương Thế Vinh,2ngành
X59,"Ngữ văn, Vật lí, Tin học",DQT,Trường Đại Học Quang Trung,2ngành
X59,"Ngữ văn, Vật lí, Tin học",DTZ,Trường Đại Học Khoa Học Thái Nguyên,13ngành
X59,"Ngữ văn, Vật lí, Tin học",DSG,Trường Đại Học Công Nghệ Sài Gòn,9ngành
DH5,"Ngữ văn, Lịch sử, Tiếng Hàn",HHK,Học Viện Hàng không Việt Nam,18ngành
DH5,"Ngữ văn, Lịch sử, Tiếng Hàn",PKA,Đại Học Phenikaa,1ngành
DH5,"Ngữ văn, Lịch sử, Tiếng Hàn",QHF,Trường Đại Học Ngoại Ngữ - ĐH Quốc gia Hà Nội,2ngành
DH5,"Ngữ văn, Lịch sử, Tiếng Hàn",SGD,Trường Đại Học Sài Gòn,9ngành
DH5,"Ngữ văn, Lịch sử, Tiếng Hàn",DHF,Trường Đại Học Ngoại Ngữ Huế,1ngành
DH5,"Ngữ văn, Lịch sử, Tiếng Hàn",DTF,Trường Ngoại Ngữ Thái Nguyên,3ngành
DH5,"Ngữ văn, Lịch sử, Tiếng Hàn",MBS,Trường Đại Học Mở TPHCM,1ngành
DH5,"Ngữ văn, Lịch sử, Tiếng Hàn",CMC,Trường Đại Học CMC,13ngành
DH5,"Ngữ văn, Lịch sử, Tiếng Hàn",DDN,Trường Đại Học Đại Nam,43ngành
DH5,"Ngữ văn, Lịch sử, Tiếng Hàn",DKC,Trường Đại học Công Nghệ TPHCM,4ngành
DH5,"Ngữ văn, Lịch sử, Tiếng Hàn",DVP,Trường Đại Học Trưng Vương,1ngành
DH5,"Ngữ văn, Lịch sử, Tiếng Hàn",DTZ,Trường Đại Học Khoa Học Thái Nguyên,2ngành
DH5,"Ngữ văn, Lịch sử, Tiếng Hàn",UMT,Trường Đại học Quản lý và công nghệ TPHCM,3ngành
DH5,"Ngữ văn, Lịch sử, Tiếng Hàn",DVB,Trường Đại Học Kinh tế công nghệ Thái Nguyên,1ngành
DH5,"Ngữ văn, Lịch sử, Tiếng Hàn",DSG,Trường Đại Học Công Nghệ Sài Gòn,9ngành
AH4,"Toán, Sinh học, Tiếng Hàn",HHK,Học Viện Hàng không Việt Nam,34ngành
AH4,"Toán, Sinh học, Tiếng Hàn",SGD,Trường Đại Học Sài Gòn,22ngành
AH4,"Toán, Sinh học, Tiếng Hàn",CMC,Trường Đại Học CMC,18ngành
AH4,"Toán, Sinh học, Tiếng Hàn",DTC,Trường Đại học Công Nghệ Thông Tin và Truyền Thông Thái Nguyên,26ngành
AH4,"Toán, Sinh học, Tiếng Hàn",DDN,Trường Đại Học Đại Nam,47ngành
AH4,"Toán, Sinh học, Tiếng Hàn",VGU,Trường Đại Học Việt Đức,6ngành
AH4,"Toán, Sinh học, Tiếng Hàn",DVP,Trường Đại Học Trưng Vương,1ngành
AH4,"Toán, Sinh học, Tiếng Hàn",UMT,Trường Đại học Quản lý và công nghệ TPHCM,7ngành
AH4,"Toán, Sinh học, Tiếng Hàn",DSG,Trường Đại Học Công Nghệ Sài Gòn,23ngành
AH4,"Toán, Sinh học, Tiếng Hàn",BMU,Trường Đại học Y Dược Buôn Ma Thuột,7ngành
